feature,origin,dtype,kind,rows,nonmissing_count,missing_count,missing_rate,unique_count,zero_count,zero_rate,top_frequency,top_rate,constant,near_constant_99_5pct,rare_category_count_lt_100,target_rate_when_missing,target_rate_when_observed,missing_target_lift,min,p01,p25,median,mean,p75,p99,max
기준_연도,original,int64,numeric,122011,122011,0,0.0,3,0.0,0.0,81331,0.6665874388374818,False,False,,,0.2187671603380023,,2021.0,2021.0,2022.0,2022.0,2021.9988197785447,2022.0,2023.0,2023.0
기준_분기,original,int64,numeric,122011,122011,0,0.0,4,0.0,0.0,40733,0.3338469482259796,False,False,,,0.2187671603380023,,1.0,1.0,1.0,3.0,2.5015777265984216,4.0,4.0,4.0
기준_년분기_코드,original,str,categorical,122011,122011,0,0.0,6,,,20412,0.16729639130898033,False,False,0.0,,0.2187671603380023,,,,,,,,,
상권_구분_코드,original,str,categorical,122011,122011,0,0.0,4,,,60438,0.49534878002803023,False,False,0.0,,0.2187671603380023,,,,,,,,,
상권_구분_코드_명,original,str,categorical,122011,122011,0,0.0,4,,,60438,0.49534878002803023,False,False,0.0,,0.2187671603380023,,,,,,,,,
상권_코드,original,str,categorical,122011,122011,0,0.0,1571,,,316,0.002589930416110023,False,False,1096.0,,0.2187671603380023,,,,,,,,,
상권_코드_명,original,str,categorical,122011,122011,0,0.0,1571,,,316,0.002589930416110023,False,False,1096.0,,0.2187671603380023,,,,,,,,,
서비스_업종_코드,original,str,categorical,122011,122011,0,0.0,62,,,8356,0.06848562834498528,False,False,1.0,,0.2187671603380023,,,,,,,,,
서비스_업종_코드_명,original,str,categorical,122011,122011,0,0.0,62,,,8356,0.06848562834498528,False,False,1.0,,0.2187671603380023,,,,,,,,,
당월_매출_금액,original,float64,numeric,122011,122011,0,0.0,119697,0.0,0.0,88,0.0007212464449926646,False,False,,,0.2187671603380023,,686.0,1980090.0000000002,56014556.5,197237223.0,1078069672.364926,666224077.5,12366537983.699976,1234546404527.0
당월_매출_건수,original,float64,numeric,122011,122011,0,0.0,46969,0.0,0.0,91,0.0007458343919810509,False,False,,,0.2187671603380023,,1.0,30.0,1072.0,5175.0,36773.386047159685,25444.0,444083.49999999895,15232198.0
주중_매출_금액,original,float64,numeric,122011,122011,0,0.0,121360,174.0,0.001426100925326405,174,0.001426100925326405,False,False,,,0.2187671603380023,,0.0,1229446.2,41523507.5,146951719.0,815926839.5066265,506345581.5,9706404638.499943,814168473798.0
주말_매출_금액,original,float64,numeric,122011,122011,0,0.0,113829,7609.0,0.0623632295448771,7609,0.0623632295448771,False,False,,,0.2187671603380023,,0.0,0.0,9128027.0,41075442.0,262142832.85829967,147414547.0,2838112979.3999963,589625332861.0
월요일_매출_금액,original,float64,numeric,122011,122011,0,0.0,116639,4764.0,0.039045659817557435,4764,0.039045659817557435,False,False,,,0.2187671603380023,,0.0,0.0,6475954.5,25836287.0,152852111.75116178,93368556.0,1807985643.299993,161435280033.0
화요일_매출_금액,original,float64,numeric,122011,122011,0,0.0,117076,4348.0,0.0356361311685012,4348,0.0356361311685012,False,False,,,0.2187671603380023,,0.0,0.0,6856531.0,27340376.0,159780708.2225537,97373339.5,1938241261.199986,169080812109.0
수요일_매출_금액,original,float64,numeric,122011,122011,0,0.0,117219,4209.0,0.03449688962470597,4209,0.03449688962470597,False,False,,,0.2187671603380023,,0.0,0.0,7189932.5,27645925.0,158608670.98538655,97269889.5,1892196363.8999999,147855577728.0
목요일_매출_금액,original,float64,numeric,122011,122011,0,0.0,117462,3964.0,0.03248887395398776,3964,0.03248887395398776,False,False,,,0.2187671603380023,,0.0,0.0,7297926.5,27964213.0,162141505.81366435,98883131.0,1930878051.7999983,151653559001.0
금요일_매출_금액,original,float64,numeric,122011,122011,0,0.0,117693,3744.0,0.030685757841506095,3744,0.030685757841506095,False,False,,,0.2187671603380023,,0.0,0.0,8121198.0,31364820.0,182543842.73386008,111578529.0,2180543608.2999945,184143244927.0
토요일_매출_금액,original,float64,numeric,122011,122011,0,0.0,112582,8807.0,0.0721820163755727,8807,0.0721820163755727,False,False,,,0.2187671603380023,,0.0,0.0,5994840.0,26478784.0,163445471.40377507,94338251.0,1759640267.0,363584492504.0
일요일_매출_금액,original,float64,numeric,122011,122011,0,0.0,91556,29856.0,0.2446992484284204,29856,0.2446992484284204,False,False,,,0.2187671603380023,,0.0,0.0,102588.0,9666425.0,98697361.45452459,48315413.0,1132578607.6999998,226040840357.0
시간대_00~06_매출_금액,original,float64,numeric,122011,122011,0,0.0,42274,79374.0,0.6505479014187245,79374,0.6505479014187245,False,False,,,0.2187671603380023,,0.0,0.0,0.0,0.0,31965770.238175247,2351568.5,423412818.0,144648926482.0
시간대_06~11_매출_금액,original,float64,numeric,122011,122011,0,0.0,94927,26263.0,0.21525108391866307,26263,0.21525108391866307,False,False,,,0.2187671603380023,,0.0,0.0,251153.0,6392138.0,117381633.13747941,45889254.5,1399043085.8999977,147081590540.0
시간대_11~14_매출_금액,original,float64,numeric,122011,122011,0,0.0,112674,8777.0,0.07193613690568883,8777,0.07193613690568883,False,False,,,0.2187671603380023,,0.0,0.0,6760095.5,37083042.0,277527319.2825155,152664620.5,3334384336.399999,268402678863.0
시간대_14~17_매출_금액,original,float64,numeric,122011,122011,0,0.0,117657,3844.0,0.031505356074452304,3844,0.031505356074452304,False,False,,,0.2187671603380023,,0.0,0.0,9350376.0,38204831.0,273669846.5075854,142037787.5,3082955671.7999916,396053871014.0
시간대_17~21_매출_금액,original,float64,numeric,122011,122011,0,0.0,118487,3037.0,0.02489119833457639,3037,0.02489119833457639,False,False,,,0.2187671603380023,,0.0,0.0,14527235.0,55183142.0,293645132.8251551,187456049.5,3385464740.7,477326883796.0
시간대_21~24_매출_금액,original,float64,numeric,122011,122011,0,0.0,83023,38316.0,0.31403725893566975,38316,0.31403725893566975,False,False,,,0.2187671603380023,,0.0,0.0,0.0,4191551.0,83879970.37401545,39832192.0,1360858645.499981,38145424401.0
남성_매출_금액,original,float64,numeric,122011,122011,0,0.0,119664,1899.0,0.015564170443648523,1899,0.015564170443648523,False,False,,,0.2187671603380023,,0.0,0.0,23408840.0,89477193.0,493943905.83181024,311616670.0,5503101415.499989,666541118004.0
여성_매출_금액,original,float64,numeric,122011,122011,0,0.0,120210,1351.0,0.011072772127103295,1351,0.011072772127103295,False,False,,,0.2187671603380023,,0.0,0.0,20984391.0,79238288.0,456808390.3830146,283126451.0,5241931439.299997,380890810119.0
연령대_10_매출_금액,original,float64,numeric,122011,122011,0,0.0,71459,49368.0,0.40461925564088486,49368,0.40461925564088486,False,False,,,0.2187671603380023,,0.0,0.0,0.0,242358.0,5399501.648875921,2425811.0,81032065.59999967,2636253302.0
연령대_20_매출_금액,original,float64,numeric,122011,122011,0,0.0,106767,14541.0,0.11917777905270836,14541,0.11917777905270836,False,False,,,0.2187671603380023,,0.0,0.0,2124571.0,14710251.0,129045367.14284778,68411290.0,1839569399.5999906,114674568466.0
연령대_30_매출_금액,original,float64,numeric,122011,122011,0,0.0,114329,7053.0,0.05780626336969617,7053,0.05780626336969617,False,False,,,0.2187671603380023,,0.0,0.0,6219661.5,29171786.0,191633125.49761906,112631115.0,2375506782.9999976,233502657678.0
연령대_40_매출_금액,original,float64,numeric,122011,122011,0,0.0,117446,4035.0,0.033070788699379565,4035,0.033070788699379565,False,False,,,0.2187671603380023,,0.0,0.0,9666394.0,38290392.0,218840980.12026784,132094701.0,2337106070.7999854,213684149912.0
연령대_50_매출_금액,original,float64,numeric,122011,122011,0,0.0,117200,4227.0,0.03464441730663629,4227,0.03464441730663629,False,False,,,0.2187671603380023,,0.0,0.0,9938394.5,37479119.0,211658908.77371714,129422845.5,2257821784.3999987,219493846795.0
연령대_60_이상_매출_금액,original,float64,numeric,122011,122011,0,0.0,112910,8430.0,0.06909213103736549,8430,0.06909213103736549,False,False,,,0.2187671603380023,,0.0,0.0,4941649.0,22267153.0,194176360.22245535,93065056.5,2105965050.8999858,290674328764.0
주중_매출_건수,original,float64,numeric,122011,122011,0,0.0,42472,173.0,0.001417904942996943,173,0.001417904942996943,False,False,,,0.2187671603380023,,0.0,21.0,809.0,3846.0,27781.973658112795,19090.5,348241.9,7487111.0
주말_매출_건수,original,float64,numeric,122011,122011,0,0.0,26502,7585.0,0.06216652596897001,7585,0.06216652596897001,False,False,,,0.2187671603380023,,0.0,0.0,197.0,1169.0,8991.412389046889,5878.0,104940.0,7745087.0
월요일_매출_건수,original,float64,numeric,122011,122011,0,0.0,21286,4750.0,0.03893091606494496,4750,0.03893091606494496,False,False,,,0.2187671603380023,,0.0,0.0,141.0,704.0,5321.724221586578,3642.0,66886.09999999989,1307131.0
화요일_매출_건수,original,float64,numeric,122011,122011,0,0.0,21284,4320.0,0.03540664366327626,4320,0.03540664366327626,False,False,,,0.2187671603380023,,0.0,0.0,148.0,734.0,5428.566104695478,3713.0,69231.2999999999,1259530.0
수요일_매출_건수,original,float64,numeric,122011,122011,0,0.0,21336,4194.0,0.03437394988976404,4194,0.03437394988976404,False,False,,,0.2187671603380023,,0.0,0.0,152.0,752.0,5434.660678135578,3735.0,68613.79999999987,1318085.0
목요일_매출_건수,original,float64,numeric,122011,122011,0,0.0,21499,3942.0,0.032308562342739586,3942,0.032308562342739586,False,False,,,0.2187671603380023,,0.0,0.0,155.5,763.0,5555.576005442133,3801.0,69904.39999999967,1452298.0
금요일_매출_건수,original,float64,numeric,122011,122011,0,0.0,22444,3729.0,0.030562818106564162,3729,0.030562818106564162,False,False,,,0.2187671603380023,,0.0,0.0,173.0,859.0,6041.446648253026,4175.0,74675.39999999997,2193429.0
토요일_매출_건수,original,float64,numeric,122011,122011,0,0.0,20834,8789.0,0.07203448869364237,8789,0.07203448869364237,False,False,,,0.2187671603380023,,0.0,0.0,136.0,760.0,5281.02005556876,3598.5,59638.099999999715,4689092.0
일요일_매출_건수,original,float64,numeric,122011,122011,0,0.0,17496,29830.0,0.24448615288785439,29830,0.24448615288785439,False,False,,,0.2187671603380023,,0.0,0.0,5.0,294.0,3710.392333478129,2113.0,46107.69999999969,3055995.0
시간대_건수~06_매출_건수,original,float64,numeric,122011,122011,0,0.0,9245,79368.0,0.6504987255247477,79368,0.6504987255247477,False,False,,,0.2187671603380023,,0.0,0.0,0.0,0.0,1156.1828523657703,66.0,22069.79999999999,1465581.0
시간대_건수~11_매출_건수,original,float64,numeric,122011,122011,0,0.0,19331,26233.0,0.2150052044487792,26233,0.2150052044487792,False,False,,,0.2187671603380023,,0.0,0.0,10.0,184.0,5157.72200867135,1992.0,77943.3999999999,1722948.0
시간대_건수~14_매출_건수,original,float64,numeric,122011,122011,0,0.0,27365,8758.0,0.07178041324142904,8758,0.07178041324142904,False,False,,,0.2187671603380023,,0.0,0.0,141.0,1127.0,9838.606805943726,6497.0,124283.79999999981,3274377.0
시간대_건수~17_매출_건수,original,float64,numeric,122011,122011,0,0.0,25060,3831.0,0.031398808304169294,3831,0.031398808304169294,False,False,,,0.2187671603380023,,0.0,0.0,215.0,1115.0,7916.71705010204,5210.0,95745.79999999999,4073275.0
시간대_건수~21_매출_건수,original,float64,numeric,122011,122011,0,0.0,28430,3024.0,0.024784650564293385,3024,0.024784650564293385,False,False,,,0.2187671603380023,,0.0,0.0,295.0,1492.0,9699.531894665235,7173.5,114019.39999999979,5478726.0
시간대_건수~24_매출_건수,original,float64,numeric,122011,122011,0,0.0,15886,38268.0,0.31364385178385557,38268,0.31364385178385557,False,False,,,0.2187671603380023,,0.0,0.0,0.0,86.0,3004.625427215579,1236.0,48724.499999999854,442549.0
남성_매출_건수,original,float64,numeric,122011,122011,0,0.0,36167,1889.0,0.015482210620353902,1889,0.015482210620353902,False,False,,,0.2187671603380023,,0.0,0.0,498.0,2557.0,18529.761832949487,12346.5,235680.0,8434205.0
여성_매출_건수,original,float64,numeric,122011,122011,0,0.0,34747,1349.0,0.01105638016244437,1349,0.01105638016244437,False,False,,,0.2187671603380023,,0.0,0.0,418.0,2186.0,16558.326486956095,11153.5,205068.19999999937,5503675.0
연령대_10_매출_건수,original,float64,numeric,122011,122011,0,0.0,6429,49387.0,0.4047749793051446,49387,0.4047749793051446,False,False,,,0.2187671603380023,,0.0,0.0,0.0,16.0,535.1966380080485,186.0,8814.399999999965,198347.0
연령대_20_매출_건수,original,float64,numeric,122011,122011,0,0.0,23057,14522.0,0.11902205538844858,14522,0.11902205538844858,False,False,,,0.2187671603380023,,0.0,0.0,64.0,542.0,7432.410061387907,3622.0,113362.79999999999,1803000.0
연령대_30_매출_건수,original,float64,numeric,122011,122011,0,0.0,24958,7034.0,0.0576505397054364,7034,0.0576505397054364,False,False,,,0.2187671603380023,,0.0,0.0,148.0,888.0,8319.600118022145,4840.0,117968.49999999997,3075276.0
연령대_40_매출_건수,original,float64,numeric,122011,122011,0,0.0,24043,4019.0,0.03293965298210817,4019,0.03293965298210817,False,False,,,0.2187671603380023,,0.0,0.0,213.0,1010.0,6950.74597372368,4758.0,84021.19999999972,2691553.0
연령대_50_매출_건수,original,float64,numeric,122011,122011,0,0.0,23498,4207.0,0.034480497660047044,4207,0.034480497660047044,False,False,,,0.2187671603380023,,0.0,0.0,209.0,1049.0,6376.160067534895,4702.0,70967.59999999963,2839463.0
연령대_60_이상_매출_건수,original,float64,numeric,122011,122011,0,0.0,20769,8423.0,0.06903475916105925,8423,0.06903475916105925,False,False,,,0.2187671603380023,,0.0,0.0,122.0,666.0,5473.962470596914,3344.0,62565.79999999987,3940468.0
점포_수,original,float64,numeric,122011,122011,0,0.0,541,1360.0,0.011146535968068453,17887,0.14660153592708855,False,False,,,0.2187671603380023,,0.0,0.0,4.0,6.0,14.590118923703601,12.0,117.0,12925.0
유사_업종_점포_수,original,float64,numeric,122011,122011,0,0.0,552,0.0,0.0,17028,0.1395611871060806,False,False,,,0.2187671603380023,,3.0,3.0,4.0,7.0,16.30397259263509,14.0,133.0,12934.0
개업_율,original,float64,numeric,122011,122011,0,0.0,55,92636.0,0.7592430190720508,92636,0.7592430190720508,False,False,,,0.2187671603380023,,0.0,0.0,0.0,0.0,2.714197900189327,0.0,29.0,75.0
개업_점포_수,original,float64,numeric,122011,122011,0,0.0,67,92612.0,0.7590463154961438,92612,0.7590463154961438,False,False,,,0.2187671603380023,,0.0,0.0,0.0,0.0,0.4908655776938145,0.0,6.0,396.0
폐업_률,original,float64,numeric,122011,122011,0,0.0,48,94747.0,0.7765447377695454,94747,0.7765447377695454,False,False,,,0.2187671603380023,,0.0,0.0,0.0,0.0,2.55126996746195,0.0,33.0,100.0
폐업_점포_수,original,float64,numeric,122011,122011,0,0.0,59,94722.0,0.7763398382113088,94722,0.7763398382113088,False,False,,,0.2187671603380023,,0.0,0.0,0.0,0.0,0.40887297046987564,0.0,5.0,377.0
프랜차이즈_점포_수,original,float64,numeric,122011,122011,0,0.0,98,67695.0,0.5548270237929367,67695,0.5548270237929367,False,False,,,0.2187671603380023,,0.0,0.0,0.0,0.0,1.7138536689314898,2.0,19.0,143.0
점포_결합_여부,original,int64,numeric,122011,122011,0,0.0,1,0.0,0.0,122011,1.0,True,True,,,0.2187671603380023,,1.0,1.0,1.0,1.0,1.0,1.0,1.0,1.0
전분기_연속_여부,original,int64,numeric,122011,122011,0,0.0,2,455.0,0.0037291719599052545,121556,0.9962708280400947,False,True,,,0.2187671603380023,,0.0,1.0,1.0,1.0,0.9962708280400947,1.0,1.0,1.0
최근_4분기_연속_여부,original,int64,numeric,122011,122011,0,0.0,2,455.0,0.0037291719599052545,121556,0.9962708280400947,False,True,,,0.2187671603380023,,0.0,1.0,1.0,1.0,0.9962708280400947,1.0,1.0,1.0
전분기_매출_증감률,original,float64,numeric,122011,121556,455,0.0037291719599052545,119477,1772.0,0.014523280687806837,1772,0.014523280687806837,False,False,,0.2549450549450549,0.21863174174865904,1.1653716881050913,-0.9999981878706028,-0.7897415387114459,-0.14290519730278972,0.0,3.341085659740528,0.19771614645694285,3.9207146864126208,371900.74052478134
전년동기_매출_증감률,original,float64,numeric,122011,99971,22040,0.18063945054134464,98571,1175.0,0.009630279237117964,22040,0.18063945054134464,False,False,,0.21125226860254084,0.22042392293765192,0.9656489039586622,-0.999998863108393,-0.8567840176692468,-0.1297603382392851,0.06662410140571984,0.7992414659412317,0.3576246233653958,6.510689968780205,6821.294803420723
최근_2분기_매출_변화액,original,float64,numeric,122011,121556,455,0.0037291719599052545,119475,1772.0,0.014523280687806837,1772,0.014523280687806837,False,False,,0.2549450549450549,0.21863174174865904,1.1653716881050913,-227608671713.0,-1150264926.15,-27187471.75,0.0,20703542.67494817,30407658.25,1560198847.0999973,396588172922.0
최근_4분기_매출_선형기울기,original,float64,numeric,122011,121556,455,0.0037291719599052545,120055,1270.0,0.010408897558416863,1270,0.010408897558416863,False,False,,0.2549450549450549,0.21863174174865904,1.1653716881050913,-123246864474.5,-360342848.70000005,-6931434.949999999,1357776.2,22144420.01603047,19466239.375,723032417.3249996,97727433462.7
주말_매출_비중,original,float64,numeric,122011,122011,0,0.0,113965,7609.0,0.0623632295448771,7609,0.0623632295448771,False,False,,,0.2187671603380023,,0.0,0.0,0.13576248328963303,0.25111478202051146,0.23865967925581474,0.3292116213155116,0.6216866292125419,1.0
점포_증감률,original,float64,numeric,122011,120194,1817,0.014892099892632632,1418,88238.0,0.7231970887870766,88238,0.7231970887870766,False,False,,0.23610346725371492,0.21850508344842504,1.079245472167429,-1.0,-0.25,0.0,0.0,0.00837583553989404,0.0,0.3333333333333333,3.0
프랜차이즈_점포_비율,original,float64,numeric,122011,122011,0,0.0,2014,67695.0,0.5548270237929367,67695,0.5548270237929367,False,False,,,0.2187671603380023,,0.0,0.0,0.0,0.0,0.1337554558407179,0.2,1.0,1.0
유동__총_유동인구_수,original,float64,numeric,122011,122006,5,4.097991164731049e-05,9304,0.0,0.0,59,0.00048356295743826375,False,False,,0.2,0.2187679294460928,0.9142139967031321,12.0,38744.399999999994,543551.75,1009799.0,1331185.764962379,1754262.0,6235700.0,8816195.0
유동__남성_유동인구_수,original,float64,numeric,122011,122006,5,4.097991164731049e-05,9275,0.0,0.0,71,0.0005819147453918089,False,False,,0.2,0.2187679294460928,0.9142139967031321,12.0,17956.0,256174.0,478423.0,639716.9882874612,837819.0,3081928.0,4797974.0
유동__여성_유동인구_수,original,float64,numeric,122011,122006,5,4.097991164731049e-05,9297,5.0,4.097991164731049e-05,61,0.0004999549220971879,False,False,,0.2,0.2187679294460928,0.9142139967031321,0.0,20165.0,284276.0,524003.0,691468.8005425963,915991.0,3043535.0,4018222.0
유동__연령대_10_유동인구_수,original,float64,numeric,122011,122006,5,4.097991164731049e-05,9137,17.0,0.00013933169960085565,75,0.0006146986747096573,False,False,,0.2,0.2187679294460928,0.9142139967031321,0.0,3668.0,60273.0,123562.0,161284.55713653428,217158.0,695848.0,876110.0
유동__연령대_20_유동인구_수,original,float64,numeric,122011,122006,5,4.097991164731049e-05,9169,14.0,0.00011474375261246937,73,0.0005983067100507331,False,False,,0.2,0.2187679294460928,0.9142139967031321,0.0,4842.0,76050.0,156034.0,248118.29955084177,306839.0,1513170.0,3296595.0
유동__연령대_30_유동인구_수,original,float64,numeric,122011,122006,5,4.097991164731049e-05,9170,11.0,9.015580562408308e-05,70,0.0005737187630623468,False,False,,0.2,0.2187679294460928,0.9142139967031321,0.0,6209.0,88988.0,167254.0,246683.5800616363,312257.0,1334743.0,2021207.0
유동__연령대_40_유동인구_수,original,float64,numeric,122011,122006,5,4.097991164731049e-05,9178,5.0,4.097991164731049e-05,55,0.0004507790281204154,False,False,,0.2,0.2187679294460928,0.9142139967031321,0.0,6425.0,88709.0,161828.0,218518.79860826518,284480.0,1074996.0,1667878.0
유동__연령대_50_유동인구_수,original,float64,numeric,122011,122006,5,4.097991164731049e-05,9158,5.0,4.097991164731049e-05,76,0.0006228946570391194,False,False,,0.2,0.2187679294460928,0.9142139967031321,0.0,5831.0,78509.0,150942.0,190846.52280215727,256397.0,730990.0,1605899.0
유동__연령대_60_이상_유동인구_수,original,float64,numeric,122011,122006,5,4.097991164731049e-05,9217,1.0,8.195982329462098e-06,58,0.00047536697510880166,False,False,,0.2,0.2187679294460928,0.9142139967031321,0.0,7812.0,108205.0,209008.5,265734.08929888695,358032.0,1065931.0,2116044.0
유동__시간대_00_06_유동인구_수,original,float64,numeric,122011,122006,5,4.097991164731049e-05,9225,11.0,9.015580562408308e-05,80,0.0006556785863569678,False,False,,0.2,0.2187679294460928,0.9142139967031321,0.0,6077.0,109191.0,224928.0,294557.3864809927,423506.0,1176043.0,2066410.0
유동__시간대_06_11_유동인구_수,original,float64,numeric,122011,122006,5,4.097991164731049e-05,9213,0.0,0.0,69,0.0005655227807328848,False,False,,0.2,0.2187679294460928,0.9142139967031321,4.0,7599.0,108713.0,205403.0,266887.0363096897,357932.0,1140544.0,1714738.0
유동__시간대_11_14_유동인구_수,original,float64,numeric,122011,122006,5,4.097991164731049e-05,9126,0.0,0.0,71,0.0005819147453918089,False,False,,0.2,0.2187679294460928,0.9142139967031321,8.0,5242.1,72172.0,130543.0,182486.42414307492,222386.0,982060.0,1853219.0
유동__시간대_14_17_유동인구_수,original,float64,numeric,122011,122006,5,4.097991164731049e-05,9139,4.0,3.278392931784839e-05,76,0.0006228946570391194,False,False,,0.2,0.2187679294460928,0.9142139967031321,0.0,5361.0,73710.0,132398.0,186323.172393161,225293.0,1050159.0,1872132.0
유동__시간대_17_21_유동인구_수,original,float64,numeric,122011,122006,5,4.097991164731049e-05,9183,5.0,4.097991164731049e-05,61,0.0004999549220971879,False,False,,0.2,0.2187679294460928,0.9142139967031321,0.0,7171.0,97790.0,178891.0,241393.95251053228,303069.0,1269259.0,1793125.0
유동__시간대_21_24_유동인구_수,original,float64,numeric,122011,122006,5,4.097991164731049e-05,9119,21.0,0.00017211562891870406,80,0.0006556785863569678,False,False,,0.2,0.2187679294460928,0.9142139967031321,0.0,3723.0,62086.0,121766.0,159537.9055456289,216941.0,658693.4499999944,894279.0
유동__월요일_유동인구_수,original,float64,numeric,122011,122006,5,4.097991164731049e-05,9187,4.0,3.278392931784839e-05,63,0.0005163468867561121,False,False,,0.2,0.2187679294460928,0.9142139967031321,0.0,5476.0,77255.0,144023.0,190941.4008163533,251856.0,880588.0,1333092.0
유동__화요일_유동인구_수,original,float64,numeric,122011,122006,5,4.097991164731049e-05,9154,4.0,3.278392931784839e-05,62,0.0005081509044266501,False,False,,0.2,0.2187679294460928,0.9142139967031321,0.0,5534.0,77881.0,145837.0,193535.4442404472,254549.0,941292.0,1412294.0
유동__수요일_유동인구_수,original,float64,numeric,122011,122006,5,4.097991164731049e-05,9154,4.0,3.278392931784839e-05,78,0.0006392866216980436,False,False,,0.2,0.2187679294460928,0.9142139967031321,0.0,5553.0,77908.0,145411.0,194045.46937035883,254250.0,938602.0,1386192.0
유동__목요일_유동인구_수,original,float64,numeric,122011,122006,5,4.097991164731049e-05,9160,4.0,3.278392931784839e-05,60,0.0004917589397677259,False,False,,0.2,0.2187679294460928,0.9142139967031321,0.0,5562.0,77913.0,145662.0,194560.98832024654,254257.0,952614.0,1396528.0
유동__금요일_유동인구_수,original,float64,numeric,122011,122006,5,4.097991164731049e-05,9157,5.0,4.097991164731049e-05,58,0.00047536697510880166,False,False,,0.2,0.2187679294460928,0.9142139967031321,0.0,5560.0,78162.0,145315.0,194754.28131403372,252834.0,971426.0,1424450.0
유동__토요일_유동인구_수,original,float64,numeric,122011,122006,5,4.097991164731049e-05,9154,1.0,8.195982329462098e-06,65,0.0005327388514150364,False,False,,0.2,0.2187679294460928,0.9142139967031321,0.0,5265.0,76090.0,140406.0,185054.57367670443,243648.0,790763.0,1082125.0
유동__일요일_유동인구_수,original,float64,numeric,122011,122006,5,4.097991164731049e-05,9143,5.0,4.097991164731049e-05,84,0.0006884625156748163,False,False,,0.2,0.2187679294460928,0.9142139967031321,0.0,4804.45,73487.0,136879.0,178293.70319492483,238661.75,724213.0,1072841.0
유동__결합_여부,original,int64,numeric,122011,122011,0,0.0,2,5.0,4.097991164731049e-05,122006,0.9999590200883527,False,True,,,0.2187671603380023,,0.0,1.0,1.0,1.0,0.9999590200883527,1.0,1.0,1.0
변화__상권_변화_지표,original,str,categorical,122011,122011,0,0.0,4,,,45811,0.37546614649498816,False,False,0.0,,0.2187671603380023,,,,,,,,,
변화__상권_변화_지표_명,original,str,categorical,122011,122011,0,0.0,4,,,45811,0.37546614649498816,False,False,0.0,,0.2187671603380023,,,,,,,,,
변화__운영_영업_개월_평균,original,float64,numeric,122011,122011,0,0.0,193,0.0,0.0,3808,0.03121030071059167,False,False,,,0.2187671603380023,,35.0,63.0,90.0,98.0,100.8086893804657,109.0,162.0,266.0
변화__폐업_영업_개월_평균,original,float64,numeric,122011,122011,0,0.0,93,0.0,0.0,11056,0.09061478063453295,False,False,,,0.2187671603380023,,21.0,37.0,46.0,49.0,50.24147003139061,53.0,75.0,226.0
변화__서울_운영_영업_개월_평균,original,float64,numeric,122011,122011,0,0.0,5,0.0,0.0,40657,0.3332240535689405,False,False,,,0.2187671603380023,,96.0,96.0,97.0,98.0,98.16419011400612,99.0,100.0,100.0
변화__서울_폐업_영업_개월_평균,original,float64,numeric,122011,122011,0,0.0,2,0.0,0.0,81422,0.6673332732294629,False,False,,,0.2187671603380023,,50.0,50.0,50.0,50.0,50.33266672677054,51.0,51.0,51.0
변화__결합_여부,original,int64,numeric,122011,122011,0,0.0,1,0.0,0.0,122011,1.0,True,True,,,0.2187671603380023,,1.0,1.0,1.0,1.0,1.0,1.0,1.0,1.0
상주__총_상주인구_수,original,float64,numeric,122011,121527,484,0.003966855447459655,2338,0.0,0.0,484,0.003966855447459655,False,False,,0.13429752066115702,0.21910357369144307,0.6138833655547891,1.0,21.0,1234.0,2632.0,3300.246340319435,4656.0,11358.0,21341.0
상주__남성_상주인구_수,original,float64,numeric,122011,121527,484,0.003966855447459655,1880,82.0,0.000672070551015892,484,0.003966855447459655,False,False,,0.13429752066115702,0.21910357369144307,0.6138833655547891,0.0,14.0,610.0,1268.0,1620.3931307446082,2274.5,5740.0,10459.0
상주__여성_상주인구_수,original,float64,numeric,122011,121527,484,0.003966855447459655,1887,78.0,0.0006392866216980436,484,0.003966855447459655,False,False,,0.13429752066115702,0.21910357369144307,0.6138833655547891,0.0,9.0,623.0,1320.0,1679.853209574827,2371.0,5933.0,10882.0
상주__연령대_10_상주인구_수,original,float64,numeric,122011,121527,484,0.003966855447459655,776,1378.0,0.01129406364999877,1378,0.01129406364999877,False,False,,0.13429752066115702,0.21910357369144307,0.6138833655547891,0.0,0.0,98.0,235.0,330.66996634492745,467.0,1393.0,3078.0
상주__연령대_20_상주인구_수,original,float64,numeric,122011,121527,484,0.003966855447459655,983,923.0,0.007564891690093516,923,0.007564891690093516,False,False,,0.13429752066115702,0.21910357369144307,0.6138833655547891,0.0,1.0,169.0,383.0,533.1212158614958,727.0,2296.0,4457.0
상주__연령대_30_상주인구_수,original,float64,numeric,122011,121527,484,0.003966855447459655,1093,612.0,0.005015941185630804,612,0.005015941185630804,False,False,,0.13429752066115702,0.21910357369144307,0.6138833655547891,0.0,2.0,198.0,436.0,590.4535699885622,824.0,2356.0,4207.0
상주__연령대_40_상주인구_수,original,float64,numeric,122011,121527,484,0.003966855447459655,1024,478.0,0.003917679553482883,670,0.005491308160739605,False,False,,0.13429752066115702,0.21910357369144307,0.6138833655547891,0.0,3.0,181.0,391.0,505.2632007701992,719.0,1939.0,4280.0
상주__연령대_50_상주인구_수,original,float64,numeric,122011,121527,484,0.003966855447459655,1030,349.0,0.002860397832982272,653,0.00535197646113875,False,False,,0.13429752066115702,0.21910357369144307,0.6138833655547891,0.0,4.0,184.0,387.0,509.0930081381092,721.0,1818.0,3161.0
상주__연령대_60_이상_상주인구_수,original,float64,numeric,122011,121527,484,0.003966855447459655,1399,118.0,0.0009671259148765275,484,0.003966855447459655,False,False,,0.13429752066115702,0.21910357369144307,0.6138833655547891,0.0,8.0,303.0,644.0,831.6453792161412,1166.0,3025.0,5181.0
상주__남성연령대_10_상주인구_수,original,float64,numeric,122011,121527,484,0.003966855447459655,496,2202.0,0.01804755308947554,2202,0.01804755308947554,False,False,,0.13429752066115702,0.21910357369144307,0.6138833655547891,0.0,0.0,49.0,120.0,169.39371497691872,236.0,724.0,1586.0
상주__남성연령대_20_상주인구_수,original,float64,numeric,122011,121527,484,0.003966855447459655,616,1193.0,0.009777806919048282,1193,0.009777806919048282,False,False,,0.13429752066115702,0.21910357369144307,0.6138833655547891,0.0,1.0,81.0,179.0,249.71762653566697,345.0,1041.0,2161.0
상주__남성연령대_30_상주인구_수,original,float64,numeric,122011,121527,484,0.003966855447459655,707,836.0,0.006851841227430313,836,0.006851841227430313,False,False,,0.13429752066115702,0.21910357369144307,0.6138833655547891,0.0,1.0,100.0,220.0,298.95754852831055,415.0,1228.0,2148.0
상주__남성연령대_40_상주인구_수,original,float64,numeric,122011,121527,484,0.003966855447459655,653,713.0,0.005843735400906476,856,0.007015760874019556,False,False,,0.13429752066115702,0.21910357369144307,0.6138833655547891,0.0,1.0,94.0,203.0,259.3276226682136,364.0,970.0,2235.0
상주__남성연령대_50_상주인구_수,original,float64,numeric,122011,121527,484,0.003966855447459655,643,674.0,0.005524092090057454,743,0.006089614870790338,False,False,,0.13429752066115702,0.21910357369144307,0.6138833655547891,0.0,2.0,97.0,201.0,258.07012433451,366.0,904.0,1577.0
상주__남성연령대_60_이상_상주인구_수,original,float64,numeric,122011,121527,484,0.003966855447459655,880,212.0,0.0017375482538459646,587,0.004811041627394251,False,False,,0.13429752066115702,0.21910357369144307,0.6138833655547891,0.0,5.0,145.0,299.0,384.92649370098826,541.0,1391.0,2260.0
상주__여성연령대_10_상주인구_수,original,float64,numeric,122011,121527,484,0.003966855447459655,483,1882.0,0.015424838744047667,1882,0.015424838744047667,False,False,,0.13429752066115702,0.21910357369144307,0.6138833655547891,0.0,0.0,48.0,114.0,161.27625136800876,225.0,684.0,1492.0
상주__여성연령대_20_상주인구_수,original,float64,numeric,122011,121527,484,0.003966855447459655,644,1646.0,0.013490586914294613,1646,0.013490586914294613,False,False,,0.13429752066115702,0.21910357369144307,0.6138833655547891,0.0,0.0,84.0,196.0,283.4035893258288,377.0,1397.0,2812.0
상주__여성연령대_30_상주인구_수,original,float64,numeric,122011,121527,484,0.003966855447459655,696,1278.0,0.010474465417052561,1278,0.010474465417052561,False,False,,0.13429752066115702,0.21910357369144307,0.6138833655547891,0.0,0.0,96.0,208.0,291.49602146025165,403.0,1233.0,2070.0
상주__여성연령대_40_상주인구_수,original,float64,numeric,122011,121527,484,0.003966855447459655,643,1011.0,0.00828613813508618,1011,0.00828613813508618,False,False,,0.13429752066115702,0.21910357369144307,0.6138833655547891,0.0,1.0,87.0,186.0,245.93557810198556,350.0,955.0,2045.0
상주__여성연령대_50_상주인구_수,original,float64,numeric,122011,121527,484,0.003966855447459655,660,676.0,0.005540484054716378,960,0.007868143036283614,False,False,,0.13429752066115702,0.21910357369144307,0.6138833655547891,0.0,1.0,85.0,187.0,251.0228838035992,357.0,920.0,1584.0
상주__여성연령대_60_이상_상주인구_수,original,float64,numeric,122011,121527,484,0.003966855447459655,995,367.0,0.00300792551491259,592,0.004852021539041562,False,False,,0.13429752066115702,0.21910357369144307,0.6138833655547891,0.0,2.0,157.0,343.0,446.71888551515303,626.0,1681.0,2921.0
상주__총_가구_수,original,float64,numeric,122011,121527,484,0.003966855447459655,1181,0.0,0.0,626,0.005130684938243273,False,False,,0.13429752066115702,0.21910357369144307,0.6138833655547891,1.0,15.259999999999991,701.0,1472.0,1838.820130505978,2612.0,6618.0,8805.0
상주__아파트_가구_수,original,float64,numeric,122011,121527,484,0.003966855447459655,1,121527.0,0.9960331445525403,121527,0.9960331445525403,False,True,,0.13429752066115702,0.21910357369144307,0.6138833655547891,0.0,0.0,0.0,0.0,0.0,0.0,0.0,0.0
상주__비_아파트_가구_수,original,float64,numeric,122011,121527,484,0.003966855447459655,1181,0.0,0.0,626,0.005130684938243273,False,False,,0.13429752066115702,0.21910357369144307,0.6138833655547891,1.0,15.259999999999991,701.0,1472.0,1838.820130505978,2612.0,6618.0,8805.0
상주__결합_여부,original,int64,numeric,122011,122011,0,0.0,2,484.0,0.003966855447459655,121527,0.9960331445525403,False,True,,,0.2187671603380023,,0.0,1.0,1.0,1.0,0.9960331445525403,1.0,1.0,1.0
직장__총_직장_인구_수,original,float64,numeric,122011,121805,206,0.0016883723598691922,1673,0.0,0.0,317,0.002598126398439485,False,False,,0.23300970873786409,0.2187430729444604,1.0651036854793772,1.0,42.0,432.0,978.0,6313.942490045564,4336.0,89116.0,202661.0
직장__남성_직장_인구_수,original,float64,numeric,122011,121805,206,0.0016883723598691922,1358,6.0,4.917589397677258e-05,444,0.0036390161542811713,False,False,,0.23300970873786409,0.2187430729444604,1.0651036854793772,0.0,23.0,246.0,580.0,3854.4942900537744,2518.0,58949.0,116553.0
직장__여성_직장_인구_수,original,float64,numeric,122011,121805,206,0.0016883723598691922,1143,94.0,0.0007704223389694371,562,0.004606142069157699,False,False,,0.23300970873786409,0.2187430729444604,1.0651036854793772,0.0,16.0,171.0,398.0,2459.4481999917903,1683.0,31331.0,86108.0
직장__연령대_10_직장_인구_수,original,float64,numeric,122011,121805,206,0.0016883723598691922,122,87950.0,0.7208366458761915,87950,0.7208366458761915,False,False,,0.23300970873786409,0.2187430729444604,1.0651036854793772,0.0,0.0,0.0,0.0,16.683034358195478,2.0,299.0,844.0
직장__연령대_20_직장_인구_수,original,float64,numeric,122011,121805,206,0.0016883723598691922,807,685.0,0.005614247895681537,968,0.00793371089491931,False,False,,0.23300970873786409,0.2187430729444604,1.0651036854793772,0.0,2.0,48.0,139.0,1171.148942982636,702.0,16832.0,40705.0
직장__연령대_30_직장_인구_수,original,float64,numeric,122011,121805,206,0.0016883723598691922,946,61.0,0.0004999549220971879,722,0.005917499241871634,False,False,,0.23300970873786409,0.2187430729444604,1.0651036854793772,0.0,7.0,89.0,225.0,1852.7996469767252,1073.0,26728.0,67896.0
직장__연령대_40_직장_인구_수,original,float64,numeric,122011,121805,206,0.0016883723598691922,961,8.0,6.556785863569678e-05,784,0.006425650146298285,False,False,,0.23300970873786409,0.2187430729444604,1.0651036854793772,0.0,11.0,107.0,240.0,1606.3333771191658,1091.0,22448.0,52442.0
직장__연령대_50_직장_인구_수,original,float64,numeric,122011,121805,206,0.0016883723598691922,890,12.0,9.835178795354517e-05,713,0.005843735400906476,False,False,,0.23300970873786409,0.2187430729444604,1.0651036854793772,0.0,11.0,103.0,226.0,1154.7675875374573,886.0,13920.0,32278.0
직장__연령대_60_이상_직장_인구_수,original,float64,numeric,122011,121805,206,0.0016883723598691922,672,96.0,0.0007868143036283613,904,0.007409168025833736,False,False,,0.23300970873786409,0.2187430729444604,1.0651036854793772,0.0,5.0,59.0,141.0,512.2099010713846,478.0,5355.0,11313.0
직장__남성연령대_10_직장_인구_수,original,float64,numeric,122011,121805,206,0.0016883723598691922,79,94072.0,0.7710124496971584,94072,0.7710124496971584,False,False,,0.23300970873786409,0.2187430729444604,1.0651036854793772,0.0,0.0,0.0,0.0,6.727695907392964,0.0,134.0,309.0
직장__남성연령대_20_직장_인구_수,original,float64,numeric,122011,121805,206,0.0016883723598691922,582,3871.0,0.03172664759734778,3871,0.03172664759734778,False,False,,0.23300970873786409,0.2187430729444604,1.0651036854793772,0.0,0.0,20.0,61.0,537.1072616066664,318.0,8488.0,15706.0
직장__남성연령대_30_직장_인구_수,original,float64,numeric,122011,121805,206,0.0016883723598691922,777,237.0,0.0019424478120825173,1045,0.008564801534287892,False,False,,0.23300970873786409,0.2187430729444604,1.0651036854793772,0.0,3.0,49.0,131.0,1121.1613398464758,623.0,17672.0,35965.0
직장__남성연령대_40_직장_인구_수,original,float64,numeric,122011,121805,206,0.0016883723598691922,788,8.0,6.556785863569678e-05,918,0.007523911778446205,False,False,,0.23300970873786409,0.2187430729444604,1.0651036854793772,0.0,6.0,59.0,141.0,1068.0039489347728,644.0,16195.0,34671.0
직장__남성연령대_50_직장_인구_수,original,float64,numeric,122011,121805,206,0.0016883723598691922,740,88.0,0.0007212464449926646,1015,0.008318922064404028,False,False,,0.23300970873786409,0.2187430729444604,1.0651036854793772,0.0,6.0,60.0,136.0,772.7315134846681,564.0,10201.0,24066.0
직장__남성연령대_60_이상_직장_인구_수,original,float64,numeric,122011,121805,206,0.0016883723598691922,565,96.0,0.0007868143036283613,1152,0.009441771643540337,False,False,,0.23300970873786409,0.2187430729444604,1.0651036854793772,0.0,4.0,43.0,103.0,348.7625302737983,335.0,3627.0,7414.0
직장__여성연령대_10_직장_인구_수,original,float64,numeric,122011,121805,206,0.0016883723598691922,98,91472.0,0.749702895640557,91472,0.749702895640557,False,False,,0.23300970873786409,0.2187430729444604,1.0651036854793772,0.0,0.0,0.0,0.0,9.955338450802513,0.0,178.0,538.0
직장__여성연령대_20_직장_인구_수,original,float64,numeric,122011,121805,206,0.0016883723598691922,626,791.0,0.0064830220226045196,1655,0.013564350755259772,False,False,,0.23300970873786409,0.2187430729444604,1.0651036854793772,0.0,1.0,25.0,79.0,634.0416813759698,352.0,8396.0,24999.0
직장__여성연령대_30_직장_인구_수,original,float64,numeric,122011,121805,206,0.0016883723598691922,663,232.0,0.0019014679004352066,1329,0.010892460515855127,False,False,,0.23300970873786409,0.2187430729444604,1.0651036854793772,0.0,3.0,38.0,96.0,731.6383071302491,425.0,9283.0,31931.0
직장__여성연령대_40_직장_인구_수,original,float64,numeric,122011,121805,206,0.0016883723598691922,629,102.0,0.000835990197605134,1227,0.010056470318249994,False,False,,0.23300970873786409,0.2187430729444604,1.0651036854793772,0.0,4.0,44.0,99.0,538.3294281843931,383.0,6956.0,17771.0
직장__여성연령대_50_직장_인구_수,original,float64,numeric,122011,121805,206,0.0016883723598691922,562,122.0,0.0009999098441943759,1339,0.010974420339149749,False,False,,0.23300970873786409,0.2187430729444604,1.0651036854793772,0.0,3.0,39.0,88.0,382.0360740527893,305.0,4949.0,11907.0
직장__여성연령대_60_이상_직장_인구_수,original,float64,numeric,122011,121805,206,0.0016883723598691922,376,2819.0,0.023104474186753654,2819,0.023104474186753654,False,False,,0.23300970873786409,0.2187430729444604,1.0651036854793772,0.0,0.0,14.0,42.0,163.4473707975863,147.0,1944.0,3899.0
직장__결합_여부,original,int64,numeric,122011,122011,0,0.0,2,206.0,0.0016883723598691922,121805,0.9983116276401308,False,True,,,0.2187671603380023,,0.0,1.0,1.0,1.0,0.9983116276401308,1.0,1.0,1.0
시설__집객시설_수,original,float64,numeric,122011,121099,912,0.007474735884469433,126,0.0,0.0,3646,0.02988255157321881,False,False,,0.1875,0.21900263420837496,0.8570756219091863,1.0,2.0,13.0,25.0,40.69216095921519,48.0,218.0,594.0
시설__관공서_수,original,float64,numeric,122011,68489,53522,0.4386653662374704,10,0.0,0.0,53522,0.4386653662374704,False,False,,0.2178543402712903,0.2194805005183314,0.995827435592702,1.0,1.0,1.0,2.0,2.0259019696593614,2.0,9.0,14.0
시설__은행_수,original,float64,numeric,122011,64606,57405,0.47049036562277174,24,0.0,0.0,57405,0.47049036562277174,False,False,,0.22886508143889905,0.2097947559050243,1.0461583040402185,1.0,1.0,1.0,3.0,4.576633749187382,6.0,25.0,57.0
시설__종합병원_수,original,float64,numeric,122011,3039,118972,0.9750924097007647,2,0.0,0.0,118972,0.9750924097007647,False,False,,0.21936253908482667,0.19545903257650543,1.002721517918432,1.0,1.0,1.0,1.0,1.0595590654820666,1.0,2.0,2.0
시설__일반_병원_수,original,float64,numeric,122011,19343,102668,0.8414651138012147,4,0.0,0.0,102668,0.8414651138012147,False,False,,0.21856859001831144,0.21982112392079822,0.9990923211720439,1.0,1.0,1.0,1.0,1.3751227834358684,2.0,4.0,4.0
시설__약국_수,original,float64,numeric,122011,103869,18142,0.14869151142110137,32,0.0,0.0,19592,0.16057568579882142,False,False,,0.22125454745893508,0.21833270754508083,1.0113700206058793,1.0,1.0,2.0,4.0,5.674493833578835,7.0,32.0,52.0
시설__유치원_수,original,float64,numeric,122011,14491,107520,0.8812320200637648,5,0.0,0.0,107520,0.8812320200637648,False,False,,0.21661086309523808,0.23476640673521496,0.9901434143980629,1.0,1.0,1.0,1.0,1.186667586778,1.0,4.0,6.0
시설__초등학교_수,original,float64,numeric,122011,1837,120174,0.9849439804607781,1,0.0,0.0,120174,0.9849439804607781,False,False,,0.21869123104831328,0.22373434948285248,0.9996529219030328,1.0,1.0,1.0,1.0,1.0,1.0,1.0,1.0
시설__중학교_수,original,float64,numeric,122011,503,121508,0.9958774208882806,1,0.0,0.0,121508,0.9958774208882806,False,True,,0.2188909372222405,0.18886679920477137,1.0005657928001943,1.0,1.0,1.0,1.0,1.0,1.0,1.0,1.0
시설__고등학교_수,original,float64,numeric,122011,1019,120992,0.9916482940062781,2,0.0,0.0,120992,0.9916482940062781,False,False,,0.2188987701666226,0.20314033366045142,1.0006015977371419,1.0,1.0,1.0,1.0,1.4259077526987243,1.0,3.0,3.0
시설__대학교_수,original,float64,numeric,122011,8538,113473,0.9300227028710526,7,0.0,0.0,113473,0.9300227028710526,False,False,,0.21990253187983044,0.20367767627078942,1.0051898627749885,1.0,1.0,1.0,1.0,1.6212227687983134,2.0,6.0,7.0
시설__백화점_수,original,float64,numeric,122011,2264,119747,0.9814442960060978,2,0.0,0.0,119747,0.9814442960060978,False,False,,0.21930403266887688,0.19037102473498232,1.002454080996641,1.0,1.0,1.0,1.0,1.1037985865724382,1.0,2.0,2.0
시설__슈퍼마켓_수,original,float64,numeric,122011,9311,112700,0.9236872085303784,8,0.0,0.0,112700,0.9236872085303784,False,False,,0.21980479148181012,0.20620771130920418,1.0047430845754208,1.0,1.0,1.0,1.0,1.8401890237353669,2.0,8.0,8.0
시설__극장_수,original,float64,numeric,122011,14507,107504,0.8811008843464934,5,0.0,0.0,107504,0.8811008843464934,False,False,,0.22126618544426255,0.20024815606259047,1.0114232186512782,1.0,1.0,1.0,1.0,1.4834217963741643,2.0,5.0,5.0
시설__숙박_시설_수,original,float64,numeric,122011,16075,105936,0.8682495840538967,12,0.0,0.0,105936,0.8682495840538967,False,False,,0.221265669838393,0.2023017107309487,1.0114208617807645,1.0,1.0,1.0,2.0,2.8163608087091756,3.0,15.0,18.0
시설__공항_수,original,float64,numeric,122011,18,121993,0.9998524723180697,1,0.0,0.0,121993,0.9998524723180697,False,True,,0.21879943931209167,0.0,1.0001475494495586,4.0,4.0,4.0,4.0,4.0,4.0,4.0,4.0
시설__철도_역_수,original,float64,numeric,122011,0,122011,1.0,0,0.0,0.0,122011,1.0,True,True,,0.2187671603380023,,1.0,,,,,,,,
시설__버스_터미널_수,original,float64,numeric,122011,445,121566,0.9963527878633893,1,0.0,0.0,121566,0.9963527878633893,False,True,,0.2187782768208216,0.2157303370786517,1.0000508142209374,1.0,1.0,1.0,1.0,1.0,1.0,1.0,1.0
시설__지하철_역_수,original,float64,numeric,122011,31183,90828,0.7444246830203834,5,0.0,0.0,90828,0.7444246830203834,False,False,,0.22357643017571674,0.2047590033030818,1.0219835089978038,1.0,1.0,1.0,1.0,1.4874450822563576,2.0,5.0,5.0
시설__버스_정거장_수,original,float64,numeric,122011,110399,11612,0.09517174680971388,31,0.0,0.0,13666,0.11200629451442903,False,False,,0.22227006544953495,0.2183987173796864,1.0160120244104305,1.0,1.0,3.0,5.0,7.055697968278698,9.0,36.0,85.0
시설__결합_여부,original,int64,numeric,122011,122011,0,0.0,2,912.0,0.007474735884469433,121099,0.9925252641155305,False,False,,,0.2187671603380023,,0.0,1.0,1.0,1.0,0.9925252641155305,1.0,1.0,1.0
아파트__아파트_단지_수,original,float64,numeric,122011,112743,9268,0.07596036422945472,237,0.0,0.0,9268,0.07596036422945472,False,False,,0.17867932671558048,0.22206256707733518,0.8167557070243777,1.0,1.0,13.0,35.0,58.18714243899843,74.0,350.0,725.0
아파트__아파트_면적_66_제곱미터_미만_세대_수,original,float64,numeric,122011,110079,11932,0.09779446115514175,748,0.0,0.0,11932,0.09779446115514175,False,False,,0.18680858196446531,0.2222313066070731,0.8539151016808924,1.0,6.0,87.0,238.0,421.90222476585,548.0,2506.0,5660.0
아파트__아파트_면적_66_제곱미터_세대_수,original,float64,numeric,122011,105501,16510,0.13531566825941924,311,0.0,0.0,16510,0.13531566825941924,False,False,,0.1858267716535433,0.2239220481322452,0.8494271780391306,1.0,1.0,21.0,58.0,95.61318850058294,119.0,542.0,658.0
아파트__아파트_면적_99_제곱미터_세대_수,original,float64,numeric,122011,77479,44532,0.36498348509560613,81,0.0,0.0,44532,0.36498348509560613,False,False,,0.20776071139854488,0.2250932510744847,0.9496887516277484,1.0,1.0,2.0,7.0,14.59534841699041,19.0,87.0,127.0
아파트__아파트_면적_132_제곱미터_세대_수,original,float64,numeric,122011,42230,79781,0.6538836662268156,57,0.0,0.0,79781,0.6538836662268156,False,False,,0.21472531053759666,0.22640303102060147,0.981524421699487,1.0,1.0,1.0,5.0,12.053184939616386,15.0,74.0,134.0
아파트__아파트_면적_165_제곱미터_세대_수,original,float64,numeric,122011,23283,98728,0.809172943423134,63,0.0,0.0,98728,0.809172943423134,False,False,,0.21835750749534075,0.22050423055448182,0.9981274481872479,1.0,1.0,2.0,7.0,16.416011682343342,21.0,121.0,323.0
아파트__아파트_가격_1_억_미만_세대_수,original,float64,numeric,122011,92400,29611,0.24269123275770219,268,0.0,0.0,29611,0.24269123275770219,False,False,,0.19813582790179327,0.22537878787878787,0.9056927355809118,1.0,1.0,11.0,35.0,80.05982683982684,95.0,679.0,1567.0
아파트__아파트_가격_1_억_세대_수,original,float64,numeric,122011,106048,15963,0.13083246592520348,587,0.0,0.0,15963,0.13083246592520348,False,False,,0.19563991730877656,0.2222484158117079,0.8942837535876343,1.0,2.0,46.0,138.0,278.460631035003,362.0,1655.0,4572.0
아파트__아파트_가격_2_억_세대_수,original,float64,numeric,122011,104467,17544,0.14379031398808303,366,0.0,0.0,17544,0.14379031398808303,False,False,,0.19191746466028273,0.22327624991624148,0.8772681620210458,1.0,1.0,23.0,64.0,129.04154421970574,159.0,922.0,1227.0
아파트__아파트_가격_3_억_세대_수,original,float64,numeric,122011,81944,40067,0.32838842399455787,183,0.0,0.0,40067,0.32838842399455787,False,False,,0.20974867097611502,0.22317680367079956,0.9587758539812217,1.0,1.0,6.0,21.0,49.05772234696866,58.0,401.0,563.0
아파트__아파트_가격_4_억_세대_수,original,float64,numeric,122011,59262,62749,0.5142896951914172,107,0.0,0.0,62749,0.5142896951914172,False,False,,0.2165612200991251,0.22110289899092167,0.989916492788639,1.0,1.0,5.0,14.0,27.303584084236103,38.0,143.0,228.0
아파트__아파트_가격_5_억_세대_수,original,float64,numeric,122011,42552,79459,0.6512445599167288,69,0.0,0.0,79459,0.6512445599167288,False,False,,0.21815024100479494,0.21991915773641663,0.9971800185537253,1.0,1.0,5.0,12.0,18.287906561383718,24.0,91.0,210.0
아파트__아파트_가격_6_억_이상_세대_수,original,float64,numeric,122011,37752,84259,0.6905852750981469,128,0.0,0.0,84259,0.6905852750981469,False,False,,0.21954924696471592,0.21702161474888748,1.0035749727038796,1.0,1.0,9.0,24.0,45.75580101716465,62.0,287.0,557.0
아파트__아파트_평균_면적,original,float64,numeric,122011,112743,9268,0.07596036422945472,120,0.0,0.0,9268,0.07596036422945472,False,False,,0.17867932671558048,0.22206256707733518,0.8167557070243777,13.0,23.0,46.0,51.0,54.2698171948591,57.0,135.0,234.0
아파트__아파트_평균_시가,original,float64,numeric,122011,112743,9268,0.07596036422945472,1716,0.0,0.0,9268,0.07596036422945472,False,False,,0.17867932671558048,0.22206256707733518,0.8167557070243777,73266667.0,97074944.0,152813059.0,191889563.0,257393428.9344793,263111474.0,1219082386.0,2570164683.0
아파트__결합_여부,original,int64,numeric,122011,122011,0,0.0,2,9268.0,0.07596036422945472,112743,0.9240396357705453,False,False,,,0.2187671603380023,,0.0,0.0,1.0,1.0,0.9240396357705453,1.0,1.0,1.0
공간__상권_구분_코드,original,str,categorical,122011,122011,0,0.0,4,,,60438,0.49534878002803023,False,False,0.0,,0.2187671603380023,,,,,,,,,
공간__상권_구분_코드_명,original,str,categorical,122011,122011,0,0.0,4,,,60438,0.49534878002803023,False,False,0.0,,0.2187671603380023,,,,,,,,,
공간__상권_코드_명,original,str,categorical,122011,122011,0,0.0,1571,,,316,0.002589930416110023,False,False,1096.0,,0.2187671603380023,,,,,,,,,
공간__중심_X,original,float64,numeric,122011,122011,0,0.0,1530,0.0,0.0,324,0.0026554982747457197,False,False,,,0.2187671603380023,,182509.0,184207.0,192861.0,200788.0,199452.2545016433,205165.0,213176.0,215352.0
공간__중심_Y,original,float64,numeric,122011,122011,0,0.0,1507,0.0,0.0,426,0.003491488472350854,False,False,,,0.2187671603380023,,437249.0,439747.0,444990.0,449143.0,449521.70423978165,452923.0,463274.0,465573.0
공간__자치구_코드,original,str,categorical,122011,122011,0,0.0,25,,,9783,0.08018129512912771,False,False,0.0,,0.2187671603380023,,,,,,,,,
공간__자치구_명,original,str,categorical,122011,122011,0,0.0,25,,,9783,0.08018129512912771,False,False,0.0,,0.2187671603380023,,,,,,,,,
공간__행정동_코드,original,str,categorical,122011,122011,0,0.0,397,,,1417,0.011613706960847792,False,False,58.0,,0.2187671603380023,,,,,,,,,
공간__행정동_명,original,str,categorical,122011,122011,0,0.0,396,,,1417,0.011613706960847792,False,False,58.0,,0.2187671603380023,,,,,,,,,
공간__면적,original,float64,numeric,122011,122011,0,0.0,1560,0.0,0.0,316,0.002589930416110023,False,False,,,0.2187671603380023,,1854.0,8072.0,69009.0,123299.0,159894.80391931874,200178.0,657519.0,2462734.0
공간__결합_여부,original,int64,numeric,122011,122011,0,0.0,1,0.0,0.0,122011,1.0,True,True,,,0.2187671603380023,,1.0,1.0,1.0,1.0,1.0,1.0,1.0,1.0
당월_매출_건수__분모0,derived,int8,numeric,122011,122011,0,0.0,1,122011.0,1.0,122011,1.0,True,True,,,0.2187671603380023,,0.0,0.0,0.0,0.0,0.0,0.0,0.0,0.0
평균_객단가,derived,float32,numeric,122011,122011,0,0.0,121447,0.0,0.0,8,6.556785863569678e-05,False,False,,,0.2187671603380023,,98.0,4798.40673828125,14685.853515625,32511.890625,93337.8984375,84107.6640625,833139.7624999888,20880952.0
점포_수__분모0,derived,int8,numeric,122011,122011,0,0.0,2,120651.0,0.9888534640319315,120651,0.9888534640319315,False,False,,,0.2187671603380023,,0.0,0.0,0.0,0.0,0.011146535968068453,0.0,1.0,1.0
점포당_매출,derived,float32,numeric,122011,120651,1360,0.011146535968068453,118778,0.0,0.0,1360,0.011146535968068453,False,False,,0.23823529411764705,0.21854771199575634,1.0889902019552014,228.6666717529297,333333.34375,9364310.0,29047274.0,85205032.0,80757528.0,922550272.0,6833999872.0
점포당_거래건수,derived,float32,numeric,122011,120651,1360,0.011146535968068453,75410,0.0,0.0,1360,0.011146535968068453,False,False,,0.23823529411764705,0.21854771199575634,1.0889902019552014,0.0390625,4.5,162.3333282470703,734.3333129882812,5339.66015625,2837.5357666015625,86179.75,1016160.0
유사_업종_점포_수__분모0,derived,int8,numeric,122011,122011,0,0.0,1,122011.0,1.0,122011,1.0,True,True,,,0.2187671603380023,,0.0,0.0,0.0,0.0,0.0,0.0,0.0,0.0
개업_강도,derived,float32,numeric,122011,122011,0,0.0,1316,92612.0,0.7590463154961438,92612,0.7590463154961438,False,False,,,0.2187671603380023,,0.0,0.0,0.0,0.0,0.027063362300395966,0.0,0.2857142984867096,0.75
폐업_강도,derived,float32,numeric,122011,122011,0,0.0,1185,94722.0,0.7763398382113088,94722,0.7763398382113088,False,False,,,0.2187671603380023,,0.0,0.0,0.0,0.0,0.025461886078119278,0.0,0.3333333432674408,1.0
당월_매출_금액__분모0,derived,int8,numeric,122011,122011,0,0.0,1,122011.0,1.0,122011,1.0,True,True,,,0.2187671603380023,,0.0,0.0,0.0,0.0,0.0,0.0,0.0,0.0
구성비__주중_매출_금액,derived,float32,numeric,122011,122011,0,0.0,112795,174.0,0.001426100925326405,7609,0.0623632295448771,False,False,,,0.2187671603380023,,0.0,0.3783133834600449,0.6707883775234222,0.7488852143287659,0.761340320110321,0.864237517118454,1.0,1.0
구성비__월요일_매출_금액,derived,float32,numeric,122011,122011,0,0.0,116132,4764.0,0.039045659817557435,4764,0.039045659817557435,False,False,,,0.2187671603380023,,0.0,0.0,0.1031060628592968,0.13345476984977722,0.14324051141738892,0.1673070788383484,0.49999117255210834,1.0
구성비__화요일_매출_금액,derived,float32,numeric,122011,122011,0,0.0,116603,4348.0,0.0356361311685012,4348,0.0356361311685012,False,False,,,0.2187671603380023,,0.0,0.0,0.1100747287273407,0.138284832239151,0.14841920137405396,0.17188918590545654,0.4965584367513655,1.0
구성비__수요일_매출_금액,derived,float32,numeric,122011,122011,0,0.0,116607,4209.0,0.03449688962470597,4209,0.03449688962470597,False,False,,,0.2187671603380023,,0.0,0.0,0.11489696055650711,0.14025399088859558,0.14941713213920593,0.17023445665836334,0.49735328257083883,1.0
구성비__목요일_매출_금액,derived,float32,numeric,122011,122011,0,0.0,116868,3964.0,0.03248887395398776,3964,0.03248887395398776,False,False,,,0.2187671603380023,,0.0,0.0,0.11732008308172226,0.142511785030365,0.1521722376346588,0.17365913838148117,0.5,1.0
구성비__금요일_매출_금액,derived,float32,numeric,122011,122011,0,0.0,116957,3744.0,0.030685757841506095,3744,0.030685757841506095,False,False,,,0.2187671603380023,,0.0,0.0,0.135011725127697,0.16192974150180817,0.16809122264385223,0.19052525609731674,0.5080758571624744,1.0
구성비__토요일_매출_금액,derived,float32,numeric,122011,122011,0,0.0,112357,8807.0,0.0721820163755727,8807,0.0721820163755727,False,False,,,0.2187671603380023,,0.0,0.0,0.09893964976072311,0.15376609563827515,0.15131360292434692,0.19458381831645966,0.46393577754497456,1.0
구성비__일요일_매출_금액,derived,float32,numeric,122011,122011,0,0.0,91742,29856.0,0.2446992484284204,29856,0.2446992484284204,False,False,,,0.2187671603380023,,0.0,0.0,0.0005831184098497033,0.08383233100175858,0.08734606206417084,0.14327795803546906,0.32362775504589075,1.0
구성비__시간대_00~06_매출_금액,derived,float32,numeric,122011,122011,0,0.0,42577,79374.0,0.6505479014187245,79374,0.6505479014187245,False,False,,,0.2187671603380023,,0.0,0.0,0.0,0.0,0.030645722523331642,0.009051013272255659,0.4269688934087753,1.0
구성비__시간대_06~11_매출_금액,derived,float32,numeric,122011,122011,0,0.0,95386,26263.0,0.21525108391866307,26263,0.21525108391866307,False,False,,,0.2187671603380023,,0.0,0.0,0.0018867345643229783,0.04184805974364281,0.08082357794046402,0.12780867516994476,0.47551590502262,1.0
구성비__시간대_11~14_매출_금액,derived,float32,numeric,122011,122011,0,0.0,112237,8777.0,0.07193613690568883,8777,0.07193613690568883,False,False,,,0.2187671603380023,,0.0,0.0,0.11853978410363197,0.22578689455986023,0.23070095479488373,0.3163270205259323,0.7364310324192044,1.0
구성비__시간대_14~17_매출_금액,derived,float32,numeric,122011,122011,0,0.0,116839,3844.0,0.031505356074452304,3844,0.031505356074452304,False,False,,,0.2187671603380023,,0.0,0.0,0.12806078791618347,0.23651285469532013,0.24574437737464905,0.33330143988132477,0.7980148494243618,1.0
구성비__시간대_17~21_매출_금액,derived,float32,numeric,122011,122011,0,0.0,117692,3037.0,0.02489119833457639,3037,0.02489119833457639,False,False,,,0.2187671603380023,,0.0,0.0,0.20635013282299042,0.31026023626327515,0.31360504031181335,0.41121192276477814,0.7745213091373433,1.0
구성비__시간대_21~24_매출_금액,derived,float32,numeric,122011,122011,0,0.0,83420,38316.0,0.31403725893566975,38316,0.31403725893566975,False,False,,,0.2187671603380023,,0.0,0.0,0.0,0.028271889314055443,0.09848031401634216,0.14860454201698303,0.5752803921699522,1.0
구성비__남성_매출_금액,derived,float32,numeric,122011,122011,0,0.0,118073,1899.0,0.015564170443648523,1899,0.015564170443648523,False,False,,,0.2187671603380023,,0.0,0.0,0.3601977229118347,0.46898505091667175,0.47580039501190186,0.5963395833969116,0.9867645740509028,1.0
구성비__여성_매출_금액,derived,float32,numeric,122011,122011,0,0.0,117950,1351.0,0.011072772127103295,1760,0.014424928899853293,False,False,,,0.2187671603380023,,0.0,0.0,0.30136218667030334,0.4480912387371063,0.45071837306022644,0.584849625825882,1.0,1.0
구성비__연령대_10_매출_금액,derived,float32,numeric,122011,122011,0,0.0,72495,49368.0,0.40461925564088486,49368,0.40461925564088486,False,False,,,0.2187671603380023,,0.0,0.0,0.0,0.0010900333290919662,0.0072087557055056095,0.006871293066069484,0.0843015745282173,1.0
구성비__연령대_20_매출_금액,derived,float32,numeric,122011,122011,0,0.0,107023,14541.0,0.11917777905270836,14541,0.11917777905270836,False,False,,,0.2187671603380023,,0.0,0.0,0.026388145051896572,0.08527294546365738,0.12316248565912247,0.1793469861149788,0.5620131075382228,1.0
구성비__연령대_30_매출_금액,derived,float32,numeric,122011,122011,0,0.0,114198,7053.0,0.05780626336969617,7053,0.05780626336969617,False,False,,,0.2187671603380023,,0.0,0.0,0.08939916267991066,0.1666669249534607,0.1762903779745102,0.24562447518110275,0.5688799440860735,1.0
구성비__연령대_40_매출_금액,derived,float32,numeric,122011,122011,0,0.0,116685,4035.0,0.033070788699379565,4035,0.033070788699379565,False,False,,,0.2187671603380023,,0.0,0.0,0.1340525522828102,0.19207218289375305,0.2215353399515152,0.25875766575336456,0.8599876940250395,1.0
구성비__연령대_50_매출_금액,derived,float32,numeric,122011,122011,0,0.0,116645,4227.0,0.03464441730663629,4227,0.03464441730663629,False,False,,,0.2187671603380023,,0.0,0.0,0.12991229444742203,0.20210254192352295,0.21704129874706268,0.2761140316724777,0.7267631530761711,1.0
구성비__연령대_60_이상_매출_금액,derived,float32,numeric,122011,122011,0,0.0,112677,8430.0,0.06909213103736549,8430,0.06909213103736549,False,False,,,0.2187671603380023,,0.0,0.0,0.053827257826924324,0.12482015788555145,0.18128085136413574,0.2568216919898987,0.8275859832763672,1.0
구성비__주중_매출_건수,derived,float32,numeric,122011,122011,0,0.0,102452,173.0,0.001417904942996943,7585,0.06216652596897001,False,False,,,0.2187671603380023,,0.0,0.44296738803386687,0.6808820366859436,0.7520080208778381,0.765126645565033,0.857909768819809,1.0,1.0
구성비__주말_매출_건수,derived,float32,numeric,122011,122011,0,0.0,102752,7585.0,0.06216652596897001,7585,0.06216652596897001,False,False,,,0.2187671603380023,,0.0,0.0,0.14209024608135223,0.24799196422100067,0.23487333953380585,0.3191179484128952,0.557032638788223,1.0
구성비__월요일_매출_건수,derived,float32,numeric,122011,122011,0,0.0,100732,4750.0,0.03893091606494496,4750,0.03893091606494496,False,False,,,0.2187671603380023,,0.0,0.0,0.11596424505114555,0.1406681388616562,0.14621716737747192,0.17105263471603394,0.40044815838336845,1.0
구성비__화요일_매출_건수,derived,float32,numeric,122011,122011,0,0.0,100739,4320.0,0.03540664366327626,4320,0.03540664366327626,False,False,,,0.2187671603380023,,0.0,0.0,0.12044471874833107,0.14400357007980347,0.14918680489063263,0.17190223187208176,0.3983001619577405,1.0
구성비__수요일_매출_건수,derived,float32,numeric,122011,122011,0,0.0,100215,4194.0,0.03437394988976404,4194,0.03437394988976404,False,False,,,0.2187671603380023,,0.0,0.0,0.12520276755094528,0.145315483212471,0.15016190707683563,0.1695338860154152,0.3953328639268866,1.0
구성비__목요일_매출_건수,derived,float32,numeric,122011,122011,0,0.0,100258,3942.0,0.032308562342739586,3942,0.032308562342739586,False,False,,,0.2187671603380023,,0.0,0.0,0.12678756564855576,0.14674191176891327,0.15249595046043396,0.17213115096092224,0.4000000059604645,1.0
구성비__금요일_매출_건수,derived,float32,numeric,122011,122011,0,0.0,100543,3729.0,0.030562818106564162,3729,0.030562818106564162,False,False,,,0.2187671603380023,,0.0,0.0,0.1428571492433548,0.16350966691970825,0.1670648157596588,0.18660753220319748,0.40537119209766187,1.0
구성비__토요일_매출_건수,derived,float32,numeric,122011,122011,0,0.0,99852,8789.0,0.07203448869364237,8789,0.07203448869364237,False,False,,,0.2187671603380023,,0.0,0.0,0.10785773023962975,0.150762677192688,0.14741946756839752,0.18647166341543198,0.39393940567970276,1.0
구성비__일요일_매출_건수,derived,float32,numeric,122011,122011,0,0.0,84626,29830.0,0.24448615288785439,29830,0.24448615288785439,False,False,,,0.2187671603380023,,0.0,0.0,0.0012498263968154788,0.08894804120063782,0.08745384216308594,0.14267663657665253,0.28864497840404424,1.0
구성비__시간대_건수~06_매출_건수,derived,float32,numeric,122011,122011,0,0.0,41425,79368.0,0.6504987255247477,79368,0.6504987255247477,False,False,,,0.2187671603380023,,0.0,0.0,0.0,0.0,0.02568328194320202,0.007387901656329632,0.35219780206680235,1.0
구성비__시간대_건수~11_매출_건수,derived,float32,numeric,122011,122011,0,0.0,87328,26233.0,0.2150052044487792,26233,0.2150052044487792,False,False,,,0.2187671603380023,,0.0,0.0,0.0032327984226867557,0.05263157933950424,0.0859132632613182,0.1412726566195488,0.3966147571802137,1.0
구성비__시간대_건수~14_매출_건수,derived,float32,numeric,122011,122011,0,0.0,100971,8758.0,0.07178041324142904,8758,0.07178041324142904,False,False,,,0.2187671603380023,,0.0,0.0,0.13966893404722214,0.24306370317935944,0.24167929589748383,0.3187292367219925,0.7108131229877459,1.0
구성비__시간대_건수~17_매출_건수,derived,float32,numeric,122011,122011,0,0.0,104733,3831.0,0.031398808304169294,3831,0.031398808304169294,False,False,,,0.2187671603380023,,0.0,0.0,0.14569004625082016,0.24892307817935944,0.24892064929008484,0.3327970951795578,0.6882275402545911,1.0
구성비__시간대_건수~21_매출_건수,derived,float32,numeric,122011,122011,0,0.0,105679,3024.0,0.024784650564293385,3024,0.024784650564293385,False,False,,,0.2187671603380023,,0.0,0.0,0.21233582496643066,0.3074829876422882,0.3099861443042755,0.398257777094841,0.7067777991294854,1.0
구성비__시간대_건수~24_매출_건수,derived,float32,numeric,122011,122011,0,0.0,77881,38268.0,0.31364385178385557,38268,0.31364385178385557,False,False,,,0.2187671603380023,,0.0,0.0,0.0,0.023575639352202415,0.08781705051660538,0.12380421906709671,0.5495269298553466,1.0
구성비__남성_매출_건수,derived,float32,numeric,122011,122011,0,0.0,107186,1889.0,0.015482210620353902,1889,0.015482210620353902,False,False,,,0.2187671603380023,,0.0,0.0,0.38960906863212585,0.49296483397483826,0.4931955933570862,0.6046660244464874,0.9738877356052389,1.0
구성비__여성_매출_건수,derived,float32,numeric,122011,122011,0,0.0,107524,1349.0,0.01105638016244437,1750,0.014342969076558671,False,False,,,0.2187671603380023,,0.0,0.0,0.3338581472635269,0.4616546034812927,0.4629962146282196,0.5778410136699677,1.0,1.0
구성비__연령대_10_매출_건수,derived,float32,numeric,122011,122011,0,0.0,67449,49387.0,0.4047749793051446,49387,0.4047749793051446,False,False,,,0.2187671603380023,,0.0,0.0,0.0,0.002524077892303467,0.011045432649552822,0.011301465798169374,0.12244831547141072,1.0
구성비__연령대_20_매출_건수,derived,float32,numeric,122011,122011,0,0.0,97880,14522.0,0.11902205538844858,14522,0.11902205538844858,False,False,,,0.2187671603380023,,0.0,0.0,0.04310179874300957,0.11269208788871765,0.1477159857749939,0.21568627655506134,0.5840607643127441,1.0
구성비__연령대_30_매출_건수,derived,float32,numeric,122011,122011,0,0.0,102747,7034.0,0.0576505397054364,7034,0.0576505397054364,False,False,,,0.2187671603380023,,0.0,0.0,0.11304258182644844,0.1858232468366623,0.19069905579090118,0.2597445994615555,0.5098039507865906,1.0
구성비__연령대_40_매출_건수,derived,float32,numeric,122011,122011,0,0.0,104821,4019.0,0.03293965298210817,4019,0.03293965298210817,False,False,,,0.2187671603380023,,0.0,0.0,0.14323294907808304,0.1937890350818634,0.22039063274860382,0.25007225573062897,0.8313177645206447,1.0
구성비__연령대_50_매출_건수,derived,float32,numeric,122011,122011,0,0.0,104149,4207.0,0.034480497660047044,4207,0.034480497660047044,False,False,,,0.2187671603380023,,0.0,0.0,0.13559112697839737,0.20025169849395752,0.20937953889369965,0.26557643711566925,0.6007313072681426,1.0
구성비__연령대_60_이상_매출_건수,derived,float32,numeric,122011,122011,0,0.0,102790,8423.0,0.06903475916105925,8423,0.06903475916105925,False,False,,,0.2187671603380023,,0.0,0.0,0.05570247583091259,0.12669888138771057,0.1769610196352005,0.2532678097486496,0.7257229924201947,1.0
유동__총_유동인구_수__분모0,derived,int8,numeric,122011,122011,0,0.0,1,122011.0,1.0,122011,1.0,True,True,,,0.2187671603380023,,0.0,0.0,0.0,0.0,0.0,0.0,0.0,0.0
구성비__유동__남성_유동인구_수,derived,float32,numeric,122011,122006,5,4.097991164731049e-05,9311,0.0,0.0,53,0.00043438706346149116,False,False,,0.2,0.2187679294460928,0.9142139967031321,0.2395792007446289,0.41731831431388855,0.45827218890190125,0.4729516804218292,0.47813907265663147,0.4937363266944885,0.5755667686462402,1.0
구성비__유동__여성_유동인구_수,derived,float32,numeric,122011,122006,5,4.097991164731049e-05,9295,5.0,4.097991164731049e-05,61,0.0004999549220971879,False,False,,0.2,0.2187679294460928,0.9142139967031321,0.0,0.42443323135375977,0.5062636733055115,0.5270476937294006,0.5218610167503357,0.5417348742485046,0.5826816558837891,0.7604207992553711
구성비__유동__연령대_10_유동인구_수,derived,float32,numeric,122011,122006,5,4.097991164731049e-05,9320,17.0,0.00013933169960085565,53,0.00043438706346149116,False,False,,0.2,0.2187679294460928,0.9142139967031321,0.0,0.03083108281716704,0.09218569844961166,0.1248730905354023,0.13028989732265472,0.15907621383666992,0.3260054290294647,0.4861659109592438
구성비__유동__연령대_20_유동인구_수,derived,float32,numeric,122011,122006,5,4.097991164731049e-05,9318,14.0,0.00011474375261246937,53,0.00043438706346149116,False,False,,0.2,0.2187679294460928,0.9142139967031321,0.0,0.08678259700536728,0.12345532327890396,0.1514442339539528,0.17021149396896362,0.19234995543956757,0.4393758177757263,1.0
구성비__유동__연령대_30_유동인구_수,derived,float32,numeric,122011,122006,5,4.097991164731049e-05,9317,11.0,9.015580562408308e-05,53,0.00043438706346149116,False,False,,0.2,0.2187679294460928,0.9142139967031321,0.0,0.09410151615738868,0.14330609142780304,0.1696099042892456,0.1767859011888504,0.2065020501613617,0.2840345501899719,0.3289268910884857
구성비__유동__연령대_40_유동인구_수,derived,float32,numeric,122011,122006,5,4.097991164731049e-05,9311,5.0,4.097991164731049e-05,53,0.00043438706346149116,False,False,,0.2,0.2187679294460928,0.9142139967031321,0.0,0.0963175967335701,0.14788541197776794,0.16083654761314392,0.16418762505054474,0.1793052740395069,0.23562867939472198,0.29357391595840454
구성비__유동__연령대_50_유동인구_수,derived,float32,numeric,122011,122006,5,4.097991164731049e-05,9318,5.0,4.097991164731049e-05,53,0.00043438706346149116,False,False,,0.2,0.2187679294460928,0.9142139967031321,0.0,0.0789896622300148,0.13342837989330292,0.1493918001651764,0.14778898656368256,0.16256125271320343,0.2087799899280071,0.2582322359085083
구성비__유동__연령대_60_이상_유동인구_수,derived,float32,numeric,122011,122006,5,4.097991164731049e-05,9322,1.0,8.195982329462098e-06,53,0.00043438706346149116,False,False,,0.2,0.2187679294460928,0.9142139967031321,0.0,0.09053778648376465,0.16996745765209198,0.21372295916080475,0.21073628962039948,0.2515200674533844,0.34236675947904566,1.0
구성비__유동__시간대_00_06_유동인구_수,derived,float32,numeric,122011,122006,5,4.097991164731049e-05,9317,11.0,9.015580562408308e-05,53,0.00043438706346149116,False,False,,0.2,0.2187679294460928,0.9142139967031321,0.0,0.06183052062988281,0.17841094732284546,0.22873394191265106,0.22269363701343536,0.27288582921028137,0.3329597994685172,0.4277092218399048
구성비__유동__시간대_06_11_유동인구_수,derived,float32,numeric,122011,122006,5,4.097991164731049e-05,9304,0.0,0.0,72,0.0005901107277212711,False,False,,0.2,0.2187679294460928,0.9142139967031321,0.12599097192287445,0.16003093123435974,0.19413185119628906,0.20320391654968262,0.20186901092529297,0.21064139902591705,0.23524975776672363,0.3333333432674408
구성비__유동__시간대_11_14_유동인구_수,derived,float32,numeric,122011,122006,5,4.097991164731049e-05,9317,0.0,0.0,53,0.00043438706346149116,False,False,,0.2,0.2187679294460928,0.9142139967031321,0.06105281785130501,0.09420156590640545,0.11263599246740341,0.1272338628768921,0.13550259172916412,0.15002189576625824,0.23869991302490234,0.6666666865348816
구성비__유동__시간대_14_17_유동인구_수,derived,float32,numeric,122011,122006,5,4.097991164731049e-05,9322,4.0,3.278392931784839e-05,53,0.00043438706346149116,False,False,,0.2,0.2187679294460928,0.9142139967031321,0.0,0.08839040249586105,0.11294377595186234,0.13173066079616547,0.13863076269626617,0.15754283964633942,0.23951664566993713,0.3188908100128174
구성비__유동__시간대_17_21_유동인구_수,derived,float32,numeric,122011,122006,5,4.097991164731049e-05,9316,5.0,4.097991164731049e-05,53,0.00043438706346149116,False,False,,0.2,0.2187679294460928,0.9142139967031321,0.0,0.13038727641105652,0.16101811826229095,0.17757265269756317,0.1807601898908615,0.1967313289642334,0.2570311427116394,0.3068607747554779
구성비__유동__시간대_21_24_유동인구_수,derived,float32,numeric,122011,122006,5,4.097991164731049e-05,9309,21.0,0.00017211562891870406,63,0.0005163468867561121,False,False,,0.2,0.2187679294460928,0.9142139967031321,0.0,0.05243217572569847,0.1124042421579361,0.12677712738513947,0.12054406106472015,0.13400956988334656,0.14869461953639984,0.16886115074157715
구성비__유동__월요일_유동인구_수,derived,float32,numeric,122011,122006,5,4.097991164731049e-05,9271,4.0,3.278392931784839e-05,65,0.0005327388514150364,False,False,,0.2,0.2187679294460928,0.9142139967031321,0.0,0.1306188851594925,0.1407584249973297,0.14263027906417847,0.14334198832511902,0.14480115473270416,0.1619805544614792,0.17772217094898224
구성비__유동__화요일_유동인구_수,derived,float32,numeric,122011,122006,5,4.097991164731049e-05,9286,4.0,3.278392931784839e-05,63,0.0005163468867561121,False,False,,0.2,0.2187679294460928,0.9142139967031321,0.0,0.13249418139457703,0.1402217149734497,0.14226238429546356,0.14475354552268982,0.14676713943481445,0.17293037474155426,0.302325576543808
구성비__유동__수요일_유동인구_수,derived,float32,numeric,122011,122006,5,4.097991164731049e-05,9284,4.0,3.278392931784839e-05,74,0.0006065026923801953,False,False,,0.2,0.2187679294460928,0.9142139967031321,0.0,0.13429276645183563,0.14048196375370026,0.14262744784355164,0.14509201049804688,0.1471358686685562,0.1726967990398407,0.27906978130340576
구성비__유동__목요일_유동인구_수,derived,float32,numeric,122011,122006,5,4.097991164731049e-05,9293,4.0,3.278392931784839e-05,63,0.0005163468867561121,False,False,,0.2,0.2187679294460928,0.9142139967031321,0.0,0.13480298221111298,0.1400364339351654,0.1424272656440735,0.14536520838737488,0.14765678346157074,0.17474116384983063,0.27906978130340576
구성비__유동__금요일_유동인구_수,derived,float32,numeric,122011,122006,5,4.097991164731049e-05,9290,5.0,4.097991164731049e-05,55,0.0004507790281204154,False,False,,0.2,0.2187679294460928,0.9142139967031321,0.0,0.13611479103565216,0.14035402238368988,0.14315265417099,0.14528492093086243,0.1480468511581421,0.16773346066474915,0.18148860335350037
구성비__유동__토요일_유동인구_수,derived,float32,numeric,122011,122006,5,4.097991164731049e-05,9300,1.0,8.195982329462098e-06,55,0.0004507790281204154,False,False,,0.2,0.2187679294460928,0.9142139967031321,0.0,0.08538242429494858,0.13655992597341537,0.14431577920913696,0.13988825678825378,0.14793695509433746,0.16560141742229462,1.0
구성비__유동__일요일_유동인구_수,derived,float32,numeric,122011,122006,5,4.097991164731049e-05,9309,5.0,4.097991164731049e-05,55,0.0004507790281204154,False,False,,0.2,0.2187679294460928,0.9142139967031321,0.0,0.0713573768734932,0.12930003553628922,0.14259591698646545,0.1362743377685547,0.14984585344791412,0.16172399297356602,0.1802586317062378
상주__총_상주인구_수__분모0,derived,int8,numeric,122011,122011,0,0.0,1,122011.0,1.0,122011,1.0,True,True,,,0.2187671603380023,,0.0,0.0,0.0,0.0,0.0,0.0,0.0,0.0
구성비__상주__남성_상주인구_수,derived,float32,numeric,122011,121527,484,0.003966855447459655,2909,82.0,0.000672070551015892,904,0.007409168025833736,False,False,,0.13429752066115702,0.21910357369144307,0.6138833655547891,0.0,0.38988327980041504,0.4749295711517334,0.4922653138637543,0.49808061122894287,0.5086608529090881,0.6864864826202393,1.0
구성비__상주__여성_상주인구_수,derived,float32,numeric,122011,121527,484,0.003966855447459655,2909,78.0,0.0006392866216980436,904,0.007409168025833736,False,False,,0.13429752066115702,0.21910357369144307,0.6138833655547891,0.0,0.31351351737976074,0.49133917689323425,0.5077347159385681,0.5019194483757019,0.5250704288482666,0.610116720199585,1.0
구성비__상주__연령대_10_상주인구_수,derived,float32,numeric,122011,121527,484,0.003966855447459655,2907,1378.0,0.01129406364999877,1378,0.01129406364999877,False,False,,0.13429752066115702,0.21910357369144307,0.6138833655547891,0.0,0.0,0.06969540566205978,0.09341500699520111,0.09427002817392349,0.1152491644024849,0.21631310880184174,0.5916230082511902
구성비__상주__연령대_20_상주인구_수,derived,float32,numeric,122011,121527,484,0.003966855447459655,2929,923.0,0.007564891690093516,923,0.007564891690093516,False,False,,0.13429752066115702,0.21910357369144307,0.6138833655547891,0.0,0.01666666753590107,0.10891088843345642,0.14000433683395386,0.1565731018781662,0.17777778208255768,0.44583332538604736,1.0
구성비__상주__연령대_30_상주인구_수,derived,float32,numeric,122011,121527,484,0.003966855447459655,2948,612.0,0.005015941185630804,612,0.005015941185630804,False,False,,0.13429752066115702,0.21910357369144307,0.6138833655547891,0.0,0.05128205195069313,0.1306532621383667,0.16022099554538727,0.1739085614681244,0.20748460292816162,0.3913043439388275,1.0
구성비__상주__연령대_40_상주인구_수,derived,float32,numeric,122011,121527,484,0.003966855447459655,2908,478.0,0.003917679553482883,484,0.003966855447459655,False,False,,0.13429752066115702,0.21910357369144307,0.6138833655547891,0.0,0.06562985122203827,0.13338595628738403,0.14856082201004028,0.1500319093465805,0.16519173979759216,0.24226534366607666,0.4285714328289032
구성비__상주__연령대_50_상주인구_수,derived,float32,numeric,122011,121527,484,0.003966855447459655,2904,349.0,0.002860397832982272,484,0.003966855447459655,False,False,,0.13429752066115702,0.21910357369144307,0.6138833655547891,0.0,0.06227417662739754,0.13783873617649078,0.15791018307209015,0.15725693106651306,0.17588157951831818,0.25806450843811035,1.0
구성비__상주__연령대_60_이상_상주인구_수,derived,float32,numeric,122011,121527,484,0.003966855447459655,2979,118.0,0.0009671259148765275,484,0.003966855447459655,False,False,,0.13429752066115702,0.21910357369144307,0.6138833655547891,0.0,0.07279843091964722,0.2119346410036087,0.26296958327293396,0.26795947551727295,0.3145487606525421,0.5605973601341248,1.0
직장__총_직장_인구_수__분모0,derived,int8,numeric,122011,122011,0,0.0,1,122011.0,1.0,122011,1.0,True,True,,,0.2187671603380023,,0.0,0.0,0.0,0.0,0.0,0.0,0.0,0.0
구성비__직장__남성_직장_인구_수,derived,float32,numeric,122011,121805,206,0.0016883723598691922,2757,6.0,4.917589397677258e-05,303,0.0024833826458270157,False,False,,0.23300970873786409,0.2187430729444604,1.0651036854793772,0.0,0.39393940567970276,0.5394737124443054,0.5862069129943848,0.5907313227653503,0.639297366142273,0.8042704463005066,1.0
구성비__직장__여성_직장_인구_수,derived,float32,numeric,122011,121805,206,0.0016883723598691922,2757,94.0,0.0007704223389694371,303,0.0024833826458270157,False,False,,0.23300970873786409,0.2187430729444604,1.0651036854793772,0.0,0.19572953879833221,0.36070260405540466,0.4137931168079376,0.40926867723464966,0.46052631735801697,0.6060606241226196,1.0
구성비__직장__연령대_10_직장_인구_수,derived,float32,numeric,122011,121805,206,0.0016883723598691922,527,87950.0,0.7208366458761915,87950,0.7208366458761915,False,False,,0.23300970873786409,0.2187430729444604,1.0651036854793772,0.0,0.0,0.0,0.0,0.0008635790436528623,0.00038969263550825417,0.01382254995405674,0.06692913174629211
구성비__직장__연령대_20_직장_인구_수,derived,float32,numeric,122011,121805,206,0.0016883723598691922,2656,685.0,0.005614247895681537,685,0.005614247895681537,False,False,,0.23300970873786409,0.2187430729444604,1.0651036854793772,0.0,0.013698630034923553,0.10469592362642288,0.13902439177036285,0.1435825526714325,0.1824175864458084,0.3109619617462158,0.44999998807907104
구성비__직장__연령대_30_직장_인구_수,derived,float32,numeric,122011,121805,206,0.0016883723598691922,2635,61.0,0.0004999549220971879,423,0.0034669005253624673,False,False,,0.23300970873786409,0.2187430729444604,1.0651036854793772,0.0,0.07821229100227356,0.20467835664749146,0.2380952388048172,0.23754309117794037,0.27710843086242676,0.35838279128074646,0.39271652698516846
구성비__직장__연령대_40_직장_인구_수,derived,float32,numeric,122011,121805,206,0.0016883723598691922,2538,8.0,6.556785863569678e-05,707,0.005794559506929703,False,False,,0.23300970873786409,0.2187430729444604,1.0651036854793772,0.0,0.1699758917093277,0.23357513546943665,0.25023218989372253,0.2513502836227417,0.26923078298568726,0.3465818762779236,1.0
구성비__직장__연령대_50_직장_인구_수,derived,float32,numeric,122011,121805,206,0.0016883723598691922,2633,12.0,9.835178795354517e-05,517,0.004237322864331905,False,False,,0.23300970873786409,0.2187430729444604,1.0651036854793772,0.0,0.127928227186203,0.18546026945114136,0.22428694367408752,0.22662395238876343,0.259072870016098,0.3920595645904541,1.0
구성비__직장__연령대_60_이상_직장_인구_수,derived,float32,numeric,122011,121805,206,0.0016883723598691922,2693,96.0,0.0007868143036283613,362,0.0029669456032652792,False,False,,0.23300970873786409,0.2187430729444604,1.0651036854793772,0.0,0.030334189534187317,0.08749265968799591,0.1284046620130539,0.14003656804561615,0.17621144652366638,0.42487046122550964,0.695652186870575
유동인구_대비_상주인구_비율,derived,float32,numeric,122011,121522,489,0.004007835359106966,9237,0.0,0.0,489,0.004007835359106966,False,False,,0.13496932515337423,0.21910435970441566,0.6169542309039541,0.15584415197372437,90.90269470214844,251.73348999023438,382.6502990722656,1026.1905517578125,636.5840454101562,12697.697265625,151887.0
유동인구_대비_직장인구_비율,derived,float32,numeric,122011,121800,211,0.0017293522715165026,9281,0.0,0.0,211,0.0017293522715165026,False,False,,0.23222748815165878,0.218743842364532,1.061528100437286,0.040133778005838394,9.335725784301758,215.51707077026367,818.3203735351562,2068.133056640625,2212.047607421875,17382.084707030754,244978.109375
상주인구_대비_직장인구_비율,derived,float32,numeric,122011,121363,648,0.0053109965494914394,3065,0.0,0.0,648,0.0053109965494914394,False,False,,0.16666666666666666,0.21904534330891623,0.76184499725261,4.278990309103392e-05,0.002072469564154744,0.4629248082637787,2.1329305171966553,5.788186550140381,6.978166103363037,44.7746467590332,1093.0
점포당_유동인구,derived,float32,numeric,122011,120646,1365,0.011187515879715764,75286,0.0,0.0,1365,0.011187515879715764,False,False,,0.23809523809523808,0.2185484806790113,1.088349996075157,1.2647058963775635,3961.434814453125,62676.25,138991.984375,229113.875,288674.375,1415008.8500000024,5074298.0
공간__면적__분모0,derived,int8,numeric,122011,122011,0,0.0,1,122011.0,1.0,122011,1.0,True,True,,,0.2187671603380023,,0.0,0.0,0.0,0.0,0.0,0.0,0.0,0.0
면적당_유동인구,derived,float32,numeric,122011,122006,5,4.097991164731049e-05,9333,0.0,0.0,59,0.00048356295743826375,False,False,,0.2,0.2187679294460928,0.9142139967031321,0.000216434957110323,0.6819761395454407,6.037715435028076,8.63664436340332,9.62411117553711,12.261125564575195,29.524391174316406,126.89134979248047
점포당_상주인구,derived,float32,numeric,122011,120175,1836,0.01504782355689241,26357,0.0,0.0,1836,0.01504782355689241,False,False,,0.21187363834422657,0.2188724776367797,0.9684892285335467,0.0006600660271942616,1.974457621574402,136.85330200195312,349.8888854980469,640.4071655273438,802.0,4248.0,21341.0
면적당_상주인구,derived,float32,numeric,122011,121527,484,0.003966855447459655,3086,0.0,0.0,484,0.003966855447459655,False,False,,0.13429752066115702,0.21910357369144307,0.6138833655547891,1.3287094589031767e-05,0.0003080820315517485,0.012943636626005173,0.02439376898109913,0.024373957887291908,0.034929390996694565,0.05491327866911888,0.11670701950788498
점포당_직장인구,derived,float32,numeric,122011,120453,1558,0.012769340469301949,23078,0.0,0.0,1558,0.012769340469301949,False,False,,0.23876765083440307,0.21850846388217812,1.0914236417636878,0.09090909361839294,5.166666507720947,64.33333587646484,170.25,745.9384765625,559.1700439453125,9128.0,50784.0
면적당_직장인구,derived,float32,numeric,122011,121805,206,0.0016883723598691922,3093,0.0,0.0,210,0.0017211562891870406,False,False,,0.23300970873786409,0.2187430729444604,1.0651036854793772,4.7134239139268175e-05,0.0007613865891471505,0.004617657978087664,0.010407364927232265,0.028913728892803192,0.02943771705031395,0.28277257084846497,0.6162949204444885
면적당_집객시설,derived,float32,numeric,122011,121099,912,0.007474735884469433,1513,0.0,0.0,912,0.007474735884469433,False,False,,0.1875,0.21900263420837496,0.8570756219091863,7.506267593271332e-06,3.438237763475627e-05,0.00013376733113545924,0.00021474082313943654,0.00027404469437897205,0.0003578178584575653,0.0009938974399119616,0.002406738931313157
점포당_집객시설,derived,float32,numeric,122011,119739,2272,0.018621271852537886,5195,0.0,0.0,2439,0.019990000901558055,False,False,,0.21786971830985916,0.21878418894428717,0.9958977296832094,0.0009970089886337519,0.17712114214897162,1.7058823108673096,3.799999952316284,6.08887243270874,7.333333492279053,38.0,215.0
면적당_아파트단지,derived,float32,numeric,122011,112743,9268,0.07596036422945472,1718,0.0,0.0,9268,0.07596036422945472,False,False,,0.17867932671558048,0.22206256707733518,0.8167557070243777,2.397644493612461e-06,3.977898813900538e-06,0.0001290931977564469,0.0003075135755352676,0.0004187092708889395,0.0005874771159142256,0.0017415010370314121,0.0047765146009624004
점포당_아파트단지,derived,float32,numeric,122011,111453,10558,0.08653318143446083,5832,0.0,0.0,10558,0.08653318143446083,False,False,,0.1866830839174086,0.22180650139520694,0.8533414413250014,0.00015473888197448105,0.04444444552063942,1.4285714626312256,4.833333492279053,11.871464729309082,13.333333015441895,100.0,725.0
면적당_가구,derived,float32,numeric,122011,121527,484,0.003966855447459655,1559,0.0,0.0,484,0.003966855447459655,False,False,,0.13429752066115702,0.21910357369144307,0.6138833655547891,1.3287094589031767e-05,0.00017582108557689935,0.007947647012770176,0.013407592661678791,0.01336005236953497,0.018451178446412086,0.0324222373217372,0.06561507284641266
점포당_가구,derived,float32,numeric,122011,120175,1836,0.01504782355689241,17030,0.0,0.0,1836,0.01504782355689241,False,False,,0.21187363834422657,0.2188724776367797,0.9684892285335467,0.0009791122283786535,1.307692289352417,80.5,199.14285278320312,346.8109130859375,439.25,2204.5,8411.0
매출_변화방향_일치,derived,float32,numeric,122011,99971,22040,0.18063945054134464,2,38419.0,0.31488144511560434,61552,0.504479104343051,False,False,,0.21125226860254084,0.22042392293765192,0.9656489039586622,0.0,0.0,0.0,1.0,0.6156985759735107,1.0,1.0,1.0
매출_감소_지속,derived,float32,numeric,122011,99971,22040,0.18063945054134464,2,73378.0,0.6014047913712698,73378,0.6014047913712698,False,False,,0.21125226860254084,0.22042392293765192,0.9656489039586622,0.0,0.0,0.0,0.0,0.2660071551799774,1.0,1.0,1.0
최근_2분기_매출_평균,derived,float32,numeric,122011,99971,22040,0.18063945054134464,98403,0.0,0.0,22040,0.18063945054134464,False,False,,0.21125226860254084,0.22042392293765192,0.9656489039586622,43653.5,2773493.9000000004,59986816.0,204201856.0,1087989376.0,680200160.0,12327257395.200037,1157221187584.0
최근_2분기_매출_표준편차,derived,float32,numeric,122011,99971,22040,0.18063945054134464,98117,1471.0,0.012056290006638746,22040,0.18063945054134464,False,False,,0.21125226860254084,0.22042392293765192,0.9656489039586622,0.0,0.0,3978455.25,14440653.0,94966272.0,50017200.0,1183855846.400004,198294093824.0
최근_2분기_매출_최소,derived,float32,numeric,122011,99971,22040,0.18063945054134464,72517,0.0,0.0,22040,0.18063945054134464,False,False,,0.21125226860254084,0.22042392293765192,0.9656489039586622,686.0,1485521.0,48697372.0,177000000.0,993023296.0,610868832.0,11479028428.80001,1079895982080.0
최근_2분기_매출_최대,derived,float32,numeric,122011,99971,22040,0.18063945054134464,74451,0.0,0.0,22040,0.18063945054134464,False,False,,0.21125226860254084,0.22042392293765192,0.9656489039586622,58205.0,3371901.4000000004,68739212.0,228326096.0,1182955776.0,745046112.0,13416534732.800095,1234546458624.0
최근_2분기_매출_변동계수,derived,float32,numeric,122011,99971,22040,0.18063945054134464,98005,1471.0,0.012056290006638746,22040,0.18063945054134464,False,False,,0.21125226860254084,0.22042392293765192,0.9656489039586622,0.0,0.0,0.032923147082328796,0.08124184608459473,0.13554900884628296,0.17532462626695633,0.7786936938762669,0.9999963641166687
현재값_대비_최근_2분기_매출_평균_차이,derived,float32,numeric,122011,99971,22040,0.18063945054134464,98248,1353.0,0.011089164091762218,22040,0.18063945054134464,False,False,,0.21125226860254084,0.22042392293765192,0.9656489039586622,-113804320768.0,-637402105.5999999,-15468220.0,-268030.0,1052754.5,13396858.5,678323737.6000007,198294061056.0
최근_4분기_매출_평균,derived,float32,numeric,122011,58508,63503,0.5204694658678316,57832,0.0,0.0,63503,0.5204694658678316,False,False,,0.21861959277514448,0.21892732617761673,0.99932545834288,197461.0,3414722.6975,64255242.0,215128104.0,1112197888.0,703213888.0,12577642055.680002,1044295647232.0
최근_4분기_매출_표준편차,derived,float32,numeric,122011,58508,63503,0.5204694658678316,57678,636.0,0.005212644761537894,63503,0.5204694658678316,False,False,,0.21861959277514448,0.21892732617761673,0.99932545834288,0.0,0.0,9972741.75,29956488.0,144491360.0,87724940.0,1703382016.0000002,156432318464.0
최근_4분기_매출_최소,derived,float32,numeric,122011,58508,63503,0.5204694658678316,38412,0.0,0.0,63503,0.5204694658678316,False,False,,0.21861959277514448,0.21892732617761673,0.99932545834288,686.0,1125000.0,42664160.0,159932704.0,929254784.0,570410720.0,10636953845.760006,837958238208.0
최근_4분기_매출_최대,derived,float32,numeric,122011,58508,63503,0.5204694658678316,34844,0.0,0.0,63503,0.5204694658678316,False,False,,0.21861959277514448,0.21892732617761673,0.99932545834288,373325.0,5124351.23,83385676.0,264592264.0,1299232512.0,834923376.0,14544174499.84002,1234546458624.0
최근_4분기_매출_변동계수,derived,float32,numeric,122011,58508,63503,0.5204694658678316,57655,636.0,0.005212644761537894,63503,0.5204694658678316,False,False,,0.21861959277514448,0.21892732617761673,0.99932545834288,0.0,0.0,0.08230193518102169,0.1478302925825119,0.2029017210006714,0.26058120280504227,0.9244456708431246,1.7250441312789917
현재값_대비_최근_4분기_매출_평균_차이,derived,float32,numeric,122011,58508,63503,0.5204694658678316,57714,592.0,0.004852021539041562,63503,0.5204694658678316,False,False,,0.21861959277514448,0.21892732617761673,0.99932545834288,-107752005632.0,-644860960.0,-16598049.25,497180.0,35485036.0,27001131.0,1232275397.1200004,221334683648.0
log1p__당월_매출_금액,derived,float32,numeric,122011,122011,0,0.0,117603,0.0,0.0,88,0.0007212464449926646,False,False,,,0.2187671603380023,,6.532334327697754,14.498653125762939,17.841121673583984,19.099918365478516,19.05245590209961,20.31713581085205,23.238259506225585,27.841724395751953
log1p__당월_매출_건수,derived,float32,numeric,122011,122011,0,0.0,46969,0.0,0.0,91,0.0007458343919810509,False,False,,,0.2187671603380023,,0.6931471824645996,3.4339871406555176,6.978213787078857,8.551787376403809,8.51501178741455,10.144274711608887,13.003770160675046,16.538921356201172
log1p__점포_수,derived,float32,numeric,122011,122011,0,0.0,541,1360.0,0.011146535968068453,17887,0.14660153592708855,False,False,,,0.2187671603380023,,0.0,0.0,1.6094379425048828,1.945910096168518,2.1186277866363525,2.5649492740631104,4.770684719085693,9.466996192932129
log1p__유동__총_유동인구_수,derived,float32,numeric,122011,122006,5,4.097991164731049e-05,9304,0.0,0.0,59,0.00048356295743826375,False,False,,0.2,0.2187679294460928,0.9142139967031321,2.5649492740631104,10.564766836166381,13.205881834030151,13.825262546539307,13.704207420349121,14.377559661865234,15.645801544189453,15.992100715637207
log1p__상주__총_상주인구_수,derived,float32,numeric,122011,121527,484,0.003966855447459655,2338,0.0,0.0,484,0.003966855447459655,False,False,,0.13429752066115702,0.21910357369144307,0.6138833655547891,0.6931471824645996,3.0910425186157227,7.118826389312744,7.875879287719727,7.633615970611572,8.446126937866211,9.33776569366455,9.968432426452637
log1p__직장__총_직장_인구_수,derived,float32,numeric,122011,121805,206,0.0016883723598691922,1673,0.0,0.0,317,0.002598126398439485,False,False,,0.23300970873786409,0.2187430729444604,1.0651036854793772,0.6931471824645996,3.761200189590454,6.070737838745117,6.886531829833984,7.214934349060059,8.374938011169434,11.397705078125,12.219294548034668
log1p__시설__집객시설_수,derived,float32,numeric,122011,121099,912,0.007474735884469433,126,0.0,0.0,3646,0.02988255157321881,False,False,,0.1875,0.21900263420837496,0.8570756219091863,0.6931471824645996,1.0986123085021973,2.6390573978424072,3.25809645652771,3.2640011310577393,3.891820192337036,5.389071941375732,6.388561248779297
log1p__아파트__아파트_단지_수,derived,float32,numeric,122011,112743,9268,0.07596036422945472,237,0.0,0.0,9268,0.07596036422945472,False,False,,0.17867932671558048,0.22206256707733518,0.8167557070243777,0.6931471824645996,0.6931471824645996,2.6390573978424072,3.5835189819335938,3.430516481399536,4.317488193511963,5.860786437988281,6.587550163269043
log1p__상주__총_가구_수,derived,float32,numeric,122011,121527,484,0.003966855447459655,1181,0.0,0.0,626,0.005130684938243273,False,False,,0.13429752066115702,0.21910357369144307,0.6138833655547891,0.6931471824645996,2.7883511257171625,6.553933620452881,7.295056343078613,7.07695198059082,7.8682541847229,8.797699928283691,9.083189010620117
log1p__아파트__아파트_평균_시가,derived,float32,numeric,122011,112743,9268,0.07596036422945472,1715,0.0,0.0,9268,0.07596036422945472,False,False,,0.17867932671558048,0.22206256707733518,0.8167557070243777,18.109617233276367,18.390993118286133,18.8447265625,19.072429656982422,19.188871383666992,19.38808822631836,20.921363830566406,21.667236328125
