target,서비스_업종_코드,rows,valid_rows,mean,p10,p50,p90
target_a_next_quarter_yoy,CS100001,18376,18142,0.5018326701391145,-0.16878594876532668,0.061715106119322516,0.46206243659638224
target_a_next_quarter_yoy,CS100002,5971,5498,1.190991227645565,-0.2860660771947228,0.01634505500288108,0.5046035377921255
target_a_next_quarter_yoy,CS100003,4530,4211,0.13650989314098738,-0.3248015172165102,-0.008424746672550887,0.5400938616496691
target_a_next_quarter_yoy,CS100004,4500,4207,0.45874425067333996,-0.34850102270383915,0.011571304035746577,0.7417470407417505
target_a_next_quarter_yoy,CS100005,5738,5312,1.0469571533601028,-0.283375904932339,-0.02601515985185532,0.30986287645004656
target_a_next_quarter_yoy,CS100006,5651,5150,0.3671932499158447,-0.3962536363372482,-0.05508060240027074,0.4123627565073042
target_a_next_quarter_yoy,CS100007,7533,7138,0.07553614111507315,-0.4290160483870667,-0.058387428476578074,0.5800223401454002
target_a_next_quarter_yoy,CS100008,10552,10028,0.20486101229753179,-0.3600438887746764,0.0,0.4959656628069994
target_a_next_quarter_yoy,CS100009,11965,11571,0.34838959180551077,-0.346999454332775,0.05991434480855529,1.1137223582670903
target_a_next_quarter_yoy,CS100010,14105,13542,0.31586693232623136,-0.30120346529746095,0.004521070144513861,0.5858463984620443
target_a_next_quarter_yoy,CS200001,8441,7978,0.39546099062160556,-0.4360489322571433,0.027500288458345956,0.8798095641886899
target_a_next_quarter_yoy,CS200002,946,807,0.5244245640103725,-0.4247462703167358,0.06992397554944096,1.1157047860607898
target_a_next_quarter_yoy,CS200003,6693,6196,1.4652620086128565,-0.4915002775246154,0.053328978740925126,1.1686679717225013
target_a_next_quarter_yoy,CS200005,6223,5680,0.5003609352440274,-0.4877715813660256,0.009158927192196686,1.147344010301531
target_a_next_quarter_yoy,CS200006,6630,6484,0.1519101087933299,-0.16580937400250828,0.05519975751065109,0.43592717650755997
target_a_next_quarter_yoy,CS200007,4995,4911,0.07802753383353703,-0.2935842562577673,0.006978684317213046,0.4311818064323718
target_a_next_quarter_yoy,CS200008,4169,4050,0.1603543424280182,-0.35292746374065026,-0.00322192026082202,0.5395739913663883
target_a_next_quarter_yoy,CS200016,4532,4282,0.5638316106315545,-0.3612949542296394,0.10537544361672846,1.0662910336114302
target_a_next_quarter_yoy,CS200017,1823,1684,0.5486825582696403,-0.427834976617645,-0.03971295653801593,0.5989484892295279
target_a_next_quarter_yoy,CS200019,1810,1622,0.08581133200939785,-0.4085481645948665,-0.028473842789063397,0.5257806985284548
target_a_next_quarter_yoy,CS200024,3090,2762,0.40593253669471224,-0.5080349996823996,-0.020632364921354118,1.0038269981883012
target_a_next_quarter_yoy,CS200025,4963,4814,0.1652703639471691,-0.36670758652052704,0.021799818316164066,0.594619980588406
target_a_next_quarter_yoy,CS200026,723,612,0.27986867833053464,-0.4664207493628828,0.0,0.8934005716871737
target_a_next_quarter_yoy,CS200028,14483,14261,0.14574710774657682,-0.28819466268220073,-0.004756122426861742,0.4293356581267267
target_a_next_quarter_yoy,CS200029,3629,3333,0.24517758094476025,-0.5801761177649671,-0.04941177477181524,0.9463057861421815
target_a_next_quarter_yoy,CS200030,4552,3853,29.714474005400373,-0.63674105221854,0.03247832760848701,1.9179497335346822
target_a_next_quarter_yoy,CS200031,5500,5143,0.4333542342358069,-0.31010959259636584,0.05842389987742447,0.7435370881005718
target_a_next_quarter_yoy,CS200032,828,615,1.1504533053687,-0.7046013063273169,0.0,2.289893362029784
target_a_next_quarter_yoy,CS200033,391,261,0.6112218185694482,-0.6666666666666667,0.0,2.0
target_a_next_quarter_yoy,CS200034,2620,2422,0.5281837815005882,-0.5439120150890718,-0.059292625854332204,0.9941621268114292
target_a_next_quarter_yoy,CS200036,10,2,0.0,-0.4,0.0,0.4
target_a_next_quarter_yoy,CS200037,6913,6747,0.835656120275439,-0.3507325396819998,0.13053375019768243,2.1769185584134347
target_a_next_quarter_yoy,CS300001,11565,11067,2.0046728886924576,-0.3436050464458518,-0.046474123460856775,0.338291414236999
target_a_next_quarter_yoy,CS300002,9456,9003,0.6391098927315358,-0.2076735058338993,-0.020496262771946272,0.2180449884107301
target_a_next_quarter_yoy,CS300003,1352,1037,10.145208227961998,-0.7973735737689148,-0.04384732360493748,2.898255368607179
target_a_next_quarter_yoy,CS300004,2847,2458,4.149983853089035,-0.8461538288428424,-0.06579964341450029,4.7824151328737985
target_a_next_quarter_yoy,CS300006,813,712,2.2478178417131205,-0.5483410885368787,0.0,0.9293711997597789
target_a_next_quarter_yoy,CS300007,5720,5397,0.3830398814151107,-0.40195305352199107,-0.0625593010363431,0.42228852535457795
target_a_next_quarter_yoy,CS300008,2037,1927,0.2853639631366772,-0.3215909196152664,-0.001050397081710619,0.45352184587125505
target_a_next_quarter_yoy,CS300009,3822,3489,2.572832470112699,-0.3828900671519292,0.004411951061975339,0.6796263202312977
target_a_next_quarter_yoy,CS300010,4846,4198,2.6472629820646536,-0.48329824977560615,0.0,1.1950422239570038
target_a_next_quarter_yoy,CS300011,11411,10817,0.7458574741196816,-0.5504399501702076,-0.03287953938770605,1.0089322695038885
target_a_next_quarter_yoy,CS300014,1811,1690,0.9029615426340919,-0.5095139858218456,-0.04493029674241955,0.7680363865367239
target_a_next_quarter_yoy,CS300015,834,738,1.3531210850525806,-0.6278012085295765,-0.0019541198122294268,1.2234705405368234
target_a_next_quarter_yoy,CS300016,2710,2603,0.03430461699114315,-0.2545468835655219,0.005327851933308869,0.31328471976998495
target_a_next_quarter_yoy,CS300017,2318,2151,1.369703084836404,-0.6951457360588387,-0.050926864707226294,1.7700885569129006
target_a_next_quarter_yoy,CS300018,7651,7416,0.23263408082387166,-0.19299914893462577,0.016469944636890888,0.33767718168916594
target_a_next_quarter_yoy,CS300019,2153,1896,2.1061675988285837,-0.6498674914761772,0.0,1.7552884118504481
target_a_next_quarter_yoy,CS300020,2016,1778,0.8490041731894473,-0.5605170761028998,-0.06648815162071564,1.0243034948092071
target_a_next_quarter_yoy,CS300021,3501,3257,279.22619492561586,-0.48299233399993513,-0.07406795288971857,0.5158095018819302
target_a_next_quarter_yoy,CS300022,6922,6337,0.8103226763357662,-0.638743375527178,-0.041629790305967695,1.2722976961615404
target_a_next_quarter_yoy,CS300024,1752,1564,2.4622571715938193,-0.6165858945499203,-0.03578554875125528,1.3769160718237785
target_a_next_quarter_yoy,CS300025,408,365,0.3851554928056103,-0.648714992791825,-0.11663994951431367,1.3755151981375708
target_a_next_quarter_yoy,CS300026,204,158,0.28151159261028985,-0.5483828967918277,-0.044775361963192484,0.8450854562306885
target_a_next_quarter_yoy,CS300027,1391,1207,0.23684216744775538,-0.5931972995351993,-0.066650930073199,0.9535430852602507
target_a_next_quarter_yoy,CS300028,3928,3613,0.33261178667887187,-0.5154265566461784,-0.016489553135517365,0.8328011574464156
target_a_next_quarter_yoy,CS300029,906,733,0.22944311077364093,-0.5614442172397746,-0.11115713908858638,0.6110507644112344
target_a_next_quarter_yoy,CS300031,1477,1290,4.511063729436858,-0.7090507231476241,-0.10486013914583991,1.4391447752659565
target_a_next_quarter_yoy,CS300032,817,660,2.290838879308113,-0.7279710674141088,-0.10173062141044836,1.4647767036308412
target_a_next_quarter_yoy,CS300033,2227,2096,0.2760820331200109,-0.5269382773807507,-0.031837038439490484,0.8493076418739957
target_a_next_quarter_yoy,CS300035,2640,2161,2.266510709782688,-0.7798167184300071,0.0,2.636363591885565
target_a_next_quarter_yoy,CS300036,2254,2066,1.593662044892679,-0.5927524916659657,-0.032540297689766295,1.2208799930809808
target_a_next_quarter_yoy,CS300043,1939,1339,39.59223606699809,-0.6997560990596583,0.0,3.5376883987011993
target_b_next_two_quarters_yoy,CS100001,18376,18069,0.21934017164030783,-0.15248624956961368,0.06060864516362474,0.4043882811671529
target_b_next_two_quarters_yoy,CS100002,5971,5382,0.10714722884582711,-0.2552736005664502,0.01550400401663965,0.4520750545206712
target_b_next_two_quarters_yoy,CS100003,4530,4130,0.07921530263654808,-0.3033701330028991,-0.0135506117578445,0.4629898936547347
target_b_next_two_quarters_yoy,CS100004,4500,4128,0.2292330603143041,-0.3162301543629758,0.012940000639738325,0.62513190268291
target_b_next_two_quarters_yoy,CS100005,5738,5173,0.05607369744771317,-0.26693210381571514,-0.031096049781449087,0.2640200294922421
target_b_next_two_quarters_yoy,CS100006,5651,5015,0.06988680097006138,-0.3589098728353857,-0.05227495768115442,0.34757808799104106
target_b_next_two_quarters_yoy,CS100007,7533,6964,0.031007582790267975,-0.3994281586300869,-0.055179397991582224,0.4970629149489909
target_b_next_two_quarters_yoy,CS100008,10552,9874,0.13066190445340148,-0.3295106256197071,-0.001680479771788701,0.425918694497055
target_b_next_two_quarters_yoy,CS100009,11965,11428,0.24220023927258835,-0.30310368265528137,0.0662960126857901,0.8802750089245397
target_b_next_two_quarters_yoy,CS100010,14105,13381,0.15373205845177337,-0.2818027781560696,0.0,0.4918219581495553
target_b_next_two_quarters_yoy,CS200001,8441,7821,0.21475639931090218,-0.38790919766302356,0.034430287665971004,0.7134970337034157
target_b_next_two_quarters_yoy,CS200002,946,773,0.36267441522367827,-0.37224004329746163,0.07476654140010264,0.8859073432298323
target_b_next_two_quarters_yoy,CS200003,6693,6053,0.2557334398548029,-0.42757053308947074,0.03880192343678468,0.8920924672616345
target_b_next_two_quarters_yoy,CS200005,6223,5535,0.3295662839220217,-0.42655908039105717,0.005451641968738707,0.8180847447547944
target_b_next_two_quarters_yoy,CS200006,6630,6458,0.12446614810078879,-0.13842837677937278,0.0495622457743673,0.3793025571079074
target_b_next_two_quarters_yoy,CS200007,4995,4888,0.047148939833676407,-0.23419638889696892,0.005930144018965744,0.3111399582371979
target_b_next_two_quarters_yoy,CS200008,4169,4014,0.05459052904169568,-0.2935480954786153,-0.009120133527538321,0.42463339913102244
target_b_next_two_quarters_yoy,CS200016,4532,4202,0.2808363954930338,-0.3128384070572703,0.09930448195602004,0.8344808008501009
target_b_next_two_quarters_yoy,CS200017,1823,1664,0.04594568054883885,-0.39670521651598717,-0.06294643494174262,0.4434820046225858
target_b_next_two_quarters_yoy,CS200019,1810,1546,0.03590106233475073,-0.37301711718574565,-0.014775041175897508,0.47115262739480235
target_b_next_two_quarters_yoy,CS200024,3090,2682,0.11096835274415881,-0.4480020090501843,-0.032301005793121396,0.6460967856750851
target_b_next_two_quarters_yoy,CS200025,4963,4757,0.09226432305332578,-0.2984690868225642,0.028316374875016814,0.43254909020932264
target_b_next_two_quarters_yoy,CS200026,723,574,0.11181323003979006,-0.37053672363773443,0.0,0.5853314529448759
target_b_next_two_quarters_yoy,CS200028,14483,14211,0.09540807461793611,-0.2521823888812058,-0.007138944999971586,0.34797322317481183
target_b_next_two_quarters_yoy,CS200029,3629,3230,0.06477246192151524,-0.48190531263019654,-0.05903713204766159,0.6633552361799725
target_b_next_two_quarters_yoy,CS200030,4552,3639,0.4393803011508757,-0.5166400637459313,0.02721907624539699,1.175427332777139
target_b_next_two_quarters_yoy,CS200031,5500,5037,0.21823397020995175,-0.25308789479164284,0.05668759234472387,0.5697543775702205
target_b_next_two_quarters_yoy,CS200032,828,551,0.3784767462227441,-0.5798409816732981,0.0,1.242390903939984
target_b_next_two_quarters_yoy,CS200033,391,234,0.3675716916294487,-0.5007761595999742,0.0,1.1261059020902264
target_b_next_two_quarters_yoy,CS200034,2620,2349,0.19649533397489877,-0.49167744348052517,-0.05302375864329367,0.6925342974800565
target_b_next_two_quarters_yoy,CS200036,10,0,,,,
target_b_next_two_quarters_yoy,CS200037,6913,6685,0.46000480288389045,-0.2750950773463147,0.1272781908706564,1.5150192629108
target_b_next_two_quarters_yoy,CS300001,11565,10908,0.5118783422020003,-0.31733141418296307,-0.04743395379210391,0.30355318127041414
target_b_next_two_quarters_yoy,CS300002,9456,8877,0.17463358328317727,-0.19693610884534002,-0.024824168884550857,0.1952650679053224
target_b_next_two_quarters_yoy,CS300003,1352,938,8.29228096664673,-0.7118899409813056,-0.050593053278307876,1.8056502419428164
target_b_next_two_quarters_yoy,CS300004,2847,2249,1.443300004858787,-0.7613233472072989,-0.06519067950255142,2.687408113017643
target_b_next_two_quarters_yoy,CS300006,813,678,0.31806659324034875,-0.46466274069008706,-0.0005879274879723728,0.5901212094301099
target_b_next_two_quarters_yoy,CS300007,5720,5271,0.02203889910494398,-0.34681788419392245,-0.06259489181806677,0.33471956339769626
target_b_next_two_quarters_yoy,CS300008,2037,1876,0.13611355604255823,-0.27336780276089273,0.0,0.35924701627791844
target_b_next_two_quarters_yoy,CS300009,3822,3395,0.3001353362445889,-0.32977007861093177,0.004999897313504809,0.5552519934451834
target_b_next_two_quarters_yoy,CS300010,4846,4032,0.6465250902343214,-0.3998488474656902,0.0,0.8294558007943981
target_b_next_two_quarters_yoy,CS300011,11411,10591,0.2646104471573111,-0.45914417879831193,-0.035062851047584775,0.6873377688616416
target_b_next_two_quarters_yoy,CS300014,1811,1643,0.6350602819221578,-0.4419217980291348,-0.04803539669829204,0.51772400694555
target_b_next_two_quarters_yoy,CS300015,834,716,0.24185530382873346,-0.557302316625636,-0.0168189357110215,0.7711414329900842
target_b_next_two_quarters_yoy,CS300016,2710,2580,0.017690254866672344,-0.2171201065560931,0.0009751381085564281,0.2402093805132639
target_b_next_two_quarters_yoy,CS300017,2318,2100,0.35907574165542205,-0.6005669260577448,-0.05244969428631058,1.0989625177018847
target_b_next_two_quarters_yoy,CS300018,7651,7352,0.07892712076677724,-0.16020552304196534,0.005592268689927016,0.251196563889968
target_b_next_two_quarters_yoy,CS300019,2153,1821,0.6704911162048226,-0.5316806048680677,-0.02005845061728395,0.9671043383714351
target_b_next_two_quarters_yoy,CS300020,2016,1708,0.4055346870133194,-0.48859747425236005,-0.0660552837372495,0.7202385872107991
target_b_next_two_quarters_yoy,CS300021,3501,3186,0.16592154101669399,-0.42994292585890664,-0.0789899430162484,0.35863011892439134
target_b_next_two_quarters_yoy,CS300022,6922,6112,0.3639024641351641,-0.5624204110464505,-0.04499403539605773,0.8832845749243825
target_b_next_two_quarters_yoy,CS300024,1752,1511,0.8069206159351265,-0.5061606476880951,-0.029498530311406146,0.8691286556240134
target_b_next_two_quarters_yoy,CS300025,408,347,0.14699875939757556,-0.5546892020099192,-0.10873123842624177,0.7598783065253886
target_b_next_two_quarters_yoy,CS300026,204,139,0.12971792013213623,-0.44143616818221304,-0.04016559317141,0.5389854574868057
target_b_next_two_quarters_yoy,CS300027,1391,1153,0.05651330531336048,-0.47974342708949663,-0.05595218721383377,0.6656393090656357
target_b_next_two_quarters_yoy,CS300028,3928,3512,0.1346634957117557,-0.426311266193788,-0.01791481922863436,0.6088541285245367
target_b_next_two_quarters_yoy,CS300029,906,692,-0.003586138891128523,-0.4729700109224689,-0.12319955876435379,0.39089490999931004
target_b_next_two_quarters_yoy,CS300031,1477,1221,1.9894390065197602,-0.5904232811137857,-0.10287082116654,0.8631676024294066
target_b_next_two_quarters_yoy,CS300032,817,606,0.9888149667782932,-0.6251186652769798,-0.10361425108923089,0.9650614690310901
target_b_next_two_quarters_yoy,CS300033,2227,2046,0.060063374677876355,-0.43797295543885967,-0.04632649370260805,0.5335887183308974
target_b_next_two_quarters_yoy,CS300035,2640,2006,0.845725480361993,-0.6601955303196723,-0.00983158536770895,1.4407784029257544
target_b_next_two_quarters_yoy,CS300036,2254,1985,0.25230977863092335,-0.48846310208488464,-0.023538559246033208,0.8343043675538715
target_b_next_two_quarters_yoy,CS300043,1939,1171,0.9783460634434334,-0.5890323580131491,0.0,1.80329773824415
target_aux_min_next_two_quarters_yoy,CS100001,18376,18069,0.08694478639045851,-0.22512743247948297,0.0013155922681855614,0.29138340504876514
target_aux_min_next_two_quarters_yoy,CS100002,5971,5382,-0.006429343305484524,-0.3534013148363655,-0.05060830063057836,0.3036058836242399
target_aux_min_next_two_quarters_yoy,CS100003,4530,4130,-0.03228063092782769,-0.39013574327729195,-0.08357004429625031,0.29483708406119236
target_aux_min_next_two_quarters_yoy,CS100004,4500,4128,0.06832456427614426,-0.4259875328517585,-0.07031647612105063,0.4078224727643122
target_aux_min_next_two_quarters_yoy,CS100005,5738,5173,-0.038097343208341745,-0.35296643626793156,-0.07924768315662223,0.15222419901989873
target_aux_min_next_two_quarters_yoy,CS100006,5651,5015,-0.06403335231437329,-0.46263784759231763,-0.12051309438702784,0.178276751485715
target_aux_min_next_two_quarters_yoy,CS100007,7533,6964,-0.09115530560773846,-0.5012162826910617,-0.1402521148121328,0.32222267507544766
target_aux_min_next_two_quarters_yoy,CS100008,10552,9874,0.004601703354765904,-0.4330334676188323,-0.07215891568826516,0.2859095511339635
target_aux_min_next_two_quarters_yoy,CS100009,11965,11428,0.040429011711896924,-0.42662603278319117,-0.06127331282797516,0.5696926847358622
target_aux_min_next_two_quarters_yoy,CS100010,14105,13381,0.031024973030679102,-0.38225154915706683,-0.06083624444821045,0.3064308842879333
target_aux_min_next_two_quarters_yoy,CS200001,8441,7821,0.026495628223974364,-0.5165375409670026,-0.051390128127856705,0.4657534345223908
target_aux_min_next_two_quarters_yoy,CS200002,946,773,0.14678418467938228,-0.5452417279639482,-0.02869498337833143,0.6065643061989111
target_aux_min_next_two_quarters_yoy,CS200003,6693,6053,0.018098633417013805,-0.5878875500677962,-0.08868901753974279,0.576160538896069
target_aux_min_next_two_quarters_yoy,CS200005,6223,5535,0.043547667864698256,-0.5926797168104081,-0.1397059968355343,0.47235446607233006
target_aux_min_next_two_quarters_yoy,CS200006,6630,6458,0.03348800020050035,-0.2247911223513803,-0.011108355015185367,0.2718012806417523
target_aux_min_next_two_quarters_yoy,CS200007,4995,4888,-0.07740858050884807,-0.368559701503633,-0.09218883554990953,0.17924017299852588
target_aux_min_next_two_quarters_yoy,CS200008,4169,4014,-0.09073547345007174,-0.4411099588223982,-0.12288124551783858,0.24845299973583673
target_aux_min_next_two_quarters_yoy,CS200016,4532,4202,0.07557154966107177,-0.48045908445363017,-0.027625211322174548,0.550872099169466
target_aux_min_next_two_quarters_yoy,CS200017,1823,1664,-0.10606954454300696,-0.5280271295325635,-0.15999995540735612,0.23820810553056132
target_aux_min_next_two_quarters_yoy,CS200019,1810,1546,-0.08393039550671079,-0.4695186071401648,-0.0995030933801544,0.2858219744647551
target_aux_min_next_two_quarters_yoy,CS200024,3090,2682,-0.1084234460292756,-0.6041268193265039,-0.19158595723006133,0.31300567396787393
target_aux_min_next_two_quarters_yoy,CS200025,4963,4757,-0.08660145184843465,-0.47349102695835976,-0.0978313163175154,0.22121956478629268
target_aux_min_next_two_quarters_yoy,CS200026,723,574,-0.11844861810183636,-0.5600486887503522,-0.17211014069601233,0.2733754243163353
target_aux_min_next_two_quarters_yoy,CS200028,14483,14211,-0.03102817315143332,-0.36251285587404114,-0.0866253746320127,0.21086551966306244
target_aux_min_next_two_quarters_yoy,CS200029,3629,3230,-0.16622633472238138,-0.6657900958206816,-0.23082058760266677,0.31162200425373277
target_aux_min_next_two_quarters_yoy,CS200030,4552,3639,0.04907953476446039,-0.7298434186120237,-0.20411811119546897,0.61482846674377
target_aux_min_next_two_quarters_yoy,CS200031,5500,5037,0.03663590135056201,-0.4116511640085889,-0.047666201312151935,0.3591157273270574
target_aux_min_next_two_quarters_yoy,CS200032,828,551,-0.16932091826211884,-0.8318584928582137,-0.22019742477115367,0.31833474018665653
target_aux_min_next_two_quarters_yoy,CS200033,391,234,0.0704062625321199,-0.7489539719921601,-0.13103071114751796,0.5280915669169775
target_aux_min_next_two_quarters_yoy,CS200034,2620,2349,-0.08480802888264982,-0.6725468348853519,-0.1866914084851845,0.28784258708558424
target_aux_min_next_two_quarters_yoy,CS200036,10,0,,,,
target_aux_min_next_two_quarters_yoy,CS200037,6913,6685,0.12542379257717634,-0.4389016239851195,-0.06125344514299058,0.8535895970023968
target_aux_min_next_two_quarters_yoy,CS300001,11565,10908,0.23196924773947192,-0.4114627792562836,-0.09565978662661578,0.14017076408281434
target_aux_min_next_two_quarters_yoy,CS300002,9456,8877,0.09995867873053518,-0.2517170701161082,-0.061155296288504246,0.12635725008574353
target_aux_min_next_two_quarters_yoy,CS300003,1352,938,2.3692127279368163,-0.8982259542503145,-0.33376126126373373,0.6125825481747644
target_aux_min_next_two_quarters_yoy,CS300004,2847,2249,0.22767773684120085,-0.9219963857417784,-0.4187531645033168,0.782080824634343
target_aux_min_next_two_quarters_yoy,CS300006,813,678,-0.012340124334871761,-0.6269922601426291,-0.12344906727357069,0.3174257266753293
target_aux_min_next_two_quarters_yoy,CS300007,5720,5271,-0.10774044727352709,-0.4832988630363828,-0.1384308958430427,0.1522645740656119
target_aux_min_next_two_quarters_yoy,CS300008,2037,1876,-0.012402783245279034,-0.3960151235622774,-0.06973678588051108,0.18916290831872906
target_aux_min_next_two_quarters_yoy,CS300009,3822,3395,0.08925942078615398,-0.4869866232803365,-0.05577707915701602,0.31665667713717555
target_aux_min_next_two_quarters_yoy,CS300010,4846,4032,0.15855414269357065,-0.600258276029098,-0.036984136613096685,0.42177220627173767
target_aux_min_next_two_quarters_yoy,CS300011,11411,10591,-0.05649702516924442,-0.6741186821226584,-0.177113909516473,0.31438291914996497
target_aux_min_next_two_quarters_yoy,CS300014,1811,1643,0.056975251339525815,-0.6389080023600945,-0.18671055111137536,0.24384298953030425
target_aux_min_next_two_quarters_yoy,CS300015,834,716,-0.045854651260484804,-0.7619944458662118,-0.20632711131523596,0.3251987638855408
target_aux_min_next_two_quarters_yoy,CS300016,2710,2580,-0.08435056043917505,-0.32069359487002036,-0.0826234418559822,0.13371202602081064
target_aux_min_next_two_quarters_yoy,CS300017,2318,2100,-0.12591190575649114,-0.809355783951073,-0.3178296664966878,0.3937360251335424
target_aux_min_next_two_quarters_yoy,CS300018,7651,7352,-0.010502725877219326,-0.2571206333155195,-0.03518331717723178,0.13371170330829404
target_aux_min_next_two_quarters_yoy,CS300019,2153,1821,0.13898427379641665,-0.7680606530669803,-0.25132584744860365,0.3808965863616871
target_aux_min_next_two_quarters_yoy,CS300020,2016,1708,-0.07613317937722723,-0.6668305276196214,-0.19543748464929556,0.24383857413652524
target_aux_min_next_two_quarters_yoy,CS300021,3501,3186,-0.07299756723579755,-0.6102112157952257,-0.18867651212262093,0.14830866946090782
target_aux_min_next_two_quarters_yoy,CS300022,6922,6112,0.0011131062138007724,-0.7400293490787313,-0.20184172075728407,0.39586931126870445
target_aux_min_next_two_quarters_yoy,CS300024,1752,1511,0.34491728068483135,-0.7197004565609328,-0.20126628844726702,0.42196531235773294
target_aux_min_next_two_quarters_yoy,CS300025,408,347,-0.16130000955079482,-0.7448530000118929,-0.3563341539627741,0.271804820429863
target_aux_min_next_two_quarters_yoy,CS300026,204,139,-0.05300294915425562,-0.5676994220614027,-0.15082458318653602,0.293315228976921
target_aux_min_next_two_quarters_yoy,CS300027,1391,1153,-0.19279073201784752,-0.6963131779343651,-0.24938163754765041,0.26720422297829377
target_aux_min_next_two_quarters_yoy,CS300028,3928,3512,-0.09034930339671997,-0.6196164800696664,-0.15304584329799992,0.321440367377121
target_aux_min_next_two_quarters_yoy,CS300029,906,692,-0.20715600533694717,-0.6686254948639342,-0.24736391563559013,0.12701316494663323
target_aux_min_next_two_quarters_yoy,CS300031,1477,1221,0.7396029044275552,-0.7774536927687149,-0.33873144308114667,0.3063592820294796
target_aux_min_next_two_quarters_yoy,CS300032,817,606,0.1959144284421239,-0.8082052573562515,-0.32396391474093766,0.20353512316108102
target_aux_min_next_two_quarters_yoy,CS300033,2227,2046,-0.19265406293167017,-0.6614396008217402,-0.23183688437266153,0.21482398015449677
target_aux_min_next_two_quarters_yoy,CS300035,2640,2006,0.13404753627567806,-0.8502155118588757,-0.2658594730789108,0.5527537966857385
target_aux_min_next_two_quarters_yoy,CS300036,2254,1985,-0.08628725284910749,-0.7029369634791468,-0.2260735501539034,0.2871621264355615
target_aux_min_next_two_quarters_yoy,CS300043,1939,1171,0.2753336517427121,-0.8150480846253246,-0.21354676306530207,0.8772224063724432
target_challenger_next_quarter_qoq,CS100001,18376,18300,0.09475466776623984,-0.18634189762375658,-0.00824671284704781,0.28185455038787544
target_challenger_next_quarter_qoq,CS100002,5971,5826,0.11760994706076147,-0.19604761879745314,-0.007537033843732166,0.2598882604491488
target_challenger_next_quarter_qoq,CS100003,4530,4436,0.07329024988190587,-0.24996746632702638,-0.01739939339439811,0.3111800796619375
target_challenger_next_quarter_qoq,CS100004,4500,4406,0.37618621119240925,-0.2791731969280039,-0.014327868148811373,0.37522522351249077
target_challenger_next_quarter_qoq,CS100005,5738,5582,0.5839778128293456,-0.19844049924980223,-0.018716792537214866,0.20445662322388677
target_challenger_next_quarter_qoq,CS100006,5651,5484,0.06989606325004613,-0.25504632175722963,-0.021547368250459387,0.26422695626640497
target_challenger_next_quarter_qoq,CS100007,7533,7336,0.03528242486755402,-0.27840202622917704,-0.04426401240329125,0.33611229510898166
target_challenger_next_quarter_qoq,CS100008,10552,10370,0.09904765417539667,-0.24808543895378696,-0.016282328277455738,0.2997645981346072
target_challenger_next_quarter_qoq,CS100009,11965,11808,0.11430291869945323,-0.3221131470652368,-0.020931659055818952,0.6041593093633916
target_challenger_next_quarter_qoq,CS100010,14105,13948,0.09024116989469765,-0.23933476287927727,-0.01602450926934257,0.32994331620750356
target_challenger_next_quarter_qoq,CS200001,8441,8259,0.13441902773000314,-0.3142059216080222,0.004187917666025998,0.47185894252310895
target_challenger_next_quarter_qoq,CS200002,946,905,0.1948832248394454,-0.333150116294762,0.0014701695995833486,0.575095356126496
target_challenger_next_quarter_qoq,CS200003,6693,6521,0.19563123348640923,-0.39872954992481047,0.0,0.6500004579167926
target_challenger_next_quarter_qoq,CS200005,6223,6035,1.9726656919039294,-0.40274507029051093,0.0,0.6521636497632399
target_challenger_next_quarter_qoq,CS200006,6630,6597,0.041748305696328585,-0.1895351121424912,0.005832325771803593,0.26973275207658165
target_challenger_next_quarter_qoq,CS200007,4995,4969,0.041064061315233734,-0.2600909797324884,-0.0003144175482813205,0.3370554486566962
target_challenger_next_quarter_qoq,CS200008,4169,4124,0.10246873107478209,-0.3024414339309087,3.265396735563364e-06,0.41334527589386366
target_challenger_next_quarter_qoq,CS200016,4532,4433,0.18313642316632914,-0.29970663485010435,0.011868482182515905,0.4768652381439896
target_challenger_next_quarter_qoq,CS200017,1823,1791,0.19542225702234345,-0.30548048951242046,-0.015327166554481075,0.3431659266073148
target_challenger_next_quarter_qoq,CS200019,1810,1702,0.0528697185261541,-0.25542530788311263,-0.0029030993007074235,0.3239802471921435
target_challenger_next_quarter_qoq,CS200024,3090,2969,0.1899307971931064,-0.44351034869428063,-0.013395259283836669,0.6630811749463948
target_challenger_next_quarter_qoq,CS200025,4963,4894,0.119309161066796,-0.3704107869820782,0.0,0.5198851014179074
target_challenger_next_quarter_qoq,CS200026,723,668,2.204179266318757,-0.450867104761959,0.0,0.7391238522661396
target_challenger_next_quarter_qoq,CS200028,14483,14423,0.06162094598748387,-0.21761144253004042,-0.006012390875809626,0.2746368783019681
target_challenger_next_quarter_qoq,CS200029,3629,3503,0.3662415473390629,-0.49999958481930096,-0.027145645954727016,0.9061248404160772
target_challenger_next_quarter_qoq,CS200030,4552,4271,6.638221433395819,-0.5955085539491478,0.0,1.524438426077959
target_challenger_next_quarter_qoq,CS200031,5500,5377,0.2499477752522651,-0.49352311639765456,0.03818209820430485,0.7592540230125556
target_challenger_next_quarter_qoq,CS200032,828,694,56.65355290492375,-0.7602133098290673,0.0,2.7204190585856187
target_challenger_next_quarter_qoq,CS200033,391,314,0.3149309238742168,-0.5982310637582167,0.0,1.0335650114973656
target_challenger_next_quarter_qoq,CS200034,2620,2529,0.37998244004343235,-0.43760263719871606,-0.03372594789209793,0.7240142405237111
target_challenger_next_quarter_qoq,CS200036,10,6,1.7923235872330672,-0.4166666666666667,0.25,5.5436374283658685
target_challenger_next_quarter_qoq,CS200037,6913,6824,0.1976104121974742,-0.4238541124533203,-0.014825230898879216,0.8696137441704429
target_challenger_next_quarter_qoq,CS300001,11565,11383,0.8309920420016869,-0.1838294373722738,-0.012470989114950815,0.17247783007559658
target_challenger_next_quarter_qoq,CS300002,9456,9303,0.47738446228892534,-0.13757847827293115,-0.020149146550055175,0.13617951631313532
target_challenger_next_quarter_qoq,CS300003,1352,1153,3.110291690494384,-0.7688650081347614,-0.01049145954015096,2.670322019382349
target_challenger_next_quarter_qoq,CS300004,2847,2611,2.988306535588582,-0.8008988875481289,-0.029256642791678833,3.4395605098432176
target_challenger_next_quarter_qoq,CS300006,813,761,0.7684722913180148,-0.43055556680447804,-0.015038723239981677,0.6776175957429962
target_challenger_next_quarter_qoq,CS300007,5720,5554,0.1013607041437894,-0.3014902208295389,-0.009556652086718298,0.3745631017421717
target_challenger_next_quarter_qoq,CS300008,2037,1980,0.131120486080852,-0.3157922411362343,-0.012149227577084643,0.48151383254393926
target_challenger_next_quarter_qoq,CS300009,3822,3694,1.1634170474038068,-0.3297562965370286,0.0,0.5042179854617662
target_challenger_next_quarter_qoq,CS300010,4846,4571,0.9123588840261124,-0.3965527303195243,0.0,0.6666666666666667
target_challenger_next_quarter_qoq,CS300011,11411,11131,0.7273347973863051,-0.5529389910817251,-0.043050109171638096,1.101063678708147
target_challenger_next_quarter_qoq,CS300014,1811,1748,0.5117193992572315,-0.5315563694533141,-0.05840689051115455,0.9951236284570988
target_challenger_next_quarter_qoq,CS300015,834,787,0.2646449562834311,-0.5611812833716034,-0.01275571475943793,0.9953433219102785
target_challenger_next_quarter_qoq,CS300016,2710,2687,0.02881573217273023,-0.2269806391435564,0.0,0.2885294072104944
target_challenger_next_quarter_qoq,CS300017,2318,2239,8.781626126624378,-0.6676525382401739,-0.006903553913752081,1.690491663947983
target_challenger_next_quarter_qoq,CS300018,7651,7571,0.12759429556164945,-0.14296277034624505,0.0004309174951135919,0.1728375813677685
target_challenger_next_quarter_qoq,CS300019,2153,2003,1.1927400778294612,-0.6208177448268112,0.0,1.4006687516911869
target_challenger_next_quarter_qoq,CS300020,2016,1901,2.5606191699202063,-0.5302427519922933,0.0,1.086464056502542
target_challenger_next_quarter_qoq,CS300021,3501,3397,109.78515606260807,-0.46771657676248657,-0.013800098479833434,0.6079260112931149
target_challenger_next_quarter_qoq,CS300022,6922,6609,1.1341749895160025,-0.5089640350581786,-0.013400244184159749,0.9267328836183117
target_challenger_next_quarter_qoq,CS300024,1752,1653,1.337461865022638,-0.5664672062187833,-0.0179893937438802,1.5462456832147693
target_challenger_next_quarter_qoq,CS300025,408,381,0.4998797042984009,-0.6251458360581129,-0.07026246785756407,1.7855530356492384
target_challenger_next_quarter_qoq,CS300026,204,183,0.45041972190325635,-0.5279689959670102,-0.022312360478811022,0.9384344705006641
target_challenger_next_quarter_qoq,CS300027,1391,1279,3.0529154758451087,-0.5713670962523723,-0.03317537503012091,1.1607293795318827
target_challenger_next_quarter_qoq,CS300028,3928,3806,0.3166914405988425,-0.5681369248047814,0.030748444162601474,1.0815884322911566
target_challenger_next_quarter_qoq,CS300029,906,845,0.2946057850699345,-0.4535732496102019,-0.03384079602252332,0.586650901958323
target_challenger_next_quarter_qoq,CS300031,1477,1365,47.30936183326784,-0.622984120187925,-0.01096715201486076,1.552777177780148
target_challenger_next_quarter_qoq,CS300032,817,729,1.2513358939359265,-0.6722796332264795,0.0,1.6600561384726633
target_challenger_next_quarter_qoq,CS300033,2227,2159,0.9970843534246422,-0.523713297968978,-0.019994396460578545,0.8871891917801166
target_challenger_next_quarter_qoq,CS300035,2640,2341,3.26930381296074,-0.7448225776900421,0.0,2.9043361701598664
target_challenger_next_quarter_qoq,CS300036,2254,2145,0.7155260099322125,-0.5588974413529463,-0.003925580021958197,1.09143202318186
target_challenger_next_quarter_qoq,CS300043,1939,1610,1.3940278813354867,-0.6666666666666667,0.0,2.0
