path,size_bytes,sha256,disposition,reason,overwrite_allowed
app/main.py,1329,bf1666215ae18a5cb0cb78ac829efded88383f73fcd5548eed294a0ede581170,preserve_legacy_rebuild_later,Preserve original; do not use as the new service contract,no
config/settings.yaml,1222,59e71a33ea88225ca43237103651a1d0e8fbae524fd7a5652a28b5f46b2802c3,preserve_legacy_rebuild_later,Preserve original; do not use as the new service contract,no
config/stage4.yaml,1168,db1e77a97e3a54ea2f8f33cf88647b326ed28ae23570c3bdc0183ef00d3d5120,frozen_reference,Stage 0-6 reproducibility reference,no
config/stage5.yaml,10554,0ad24d7dbe003c863230aa404d7a58c9a0fd965076633fddeb870a36d627de1a,frozen_reference,Stage 0-6 reproducibility reference,no
config/stage6.yaml,1710,2d9ae03fa579aef6a69df11111c79fa9cddf64ac472911e0e01ee9926e56dcc1,frozen_reference,Stage 0-6 reproducibility reference,no
data/processed/.gitkeep,1,01ba4719c80b6fe911b091a7c05124b64eeece964e09c058ef8f9805daca546b,frozen_baseline,Stage 0-6 verified artifact,no
data/processed/stage3_panel.parquet,123847502,88370a02f592c020196613e69a9dc8e642cf3ba14a00003bb6cdd37198f40e07,frozen_baseline,Stage 0-6 verified artifact,no
data/processed/stage4_development.parquet,65921760,759adc597db789c906c22e98c2280ba32d54ccc241cd4e54015fab23b5b6d5d5,frozen_baseline,Stage 0-6 verified artifact,no
data/processed/stage4_fold_membership.parquet,1988642,8bfe51d9b1a175ea854e9237e2b3c763de2abd2b379835381f310fe2ec5426fe,frozen_baseline,Stage 0-6 verified artifact,no
data/processed/stage4_locked_test_features.parquet,23613135,ed2e69aae402bd321ecb599b24603150d8f93670c2d30807003dd1163fa27dc5,frozen_baseline,Stage 0-6 verified artifact,no
data/processed/stage6_reference_features.parquet,9860551,17312576f646b424c176573a8e2a3b244480892c28c67d00025c8b26de014d38,frozen_baseline,Stage 0-6 verified artifact,no
reports/stage0/mvp_scope.md,2425,077df21f8739df4c90b0ef0f549daa7d6549cd2950591a82fbc80b5d210a60a5,frozen_baseline,Stage 0-6 verified artifact,no
reports/stage0/verification.md,1238,c4d388ded58859bd1e83a382c09fc1af919eab263f7d070b70424765ab67f1d9,frozen_baseline,Stage 0-6 verified artifact,no
reports/stage1/README.md,587,aa23324579315beeb5d43db3b803e4c04589193d531786ff78b93ff92d285e55,frozen_baseline,Stage 0-6 verified artifact,no
reports/stage1/archive_contents.csv,3927,b28e4ad0352d649db0c6be5fa647885afcd5b779c3c89c82d51eb5ce7aa16877,frozen_baseline,Stage 0-6 verified artifact,no
reports/stage1/data_inventory.csv,5509,f3a4e96be8baac2774a0efa13e6ce7c1ffff588aba44511f59e9a235151db505,frozen_baseline,Stage 0-6 verified artifact,no
reports/stage1/qa_summary.md,743,e44ce94487dbc0b73d5623b0d63bcde7914da32e6c6b4d44e029ec7846c8f766,frozen_baseline,Stage 0-6 verified artifact,no
reports/stage2/code_coverage.csv,2994,9bf8c556a8418236682c3e7ae7aad82be75e25a8fc0b3589c733c92274b13c5d,frozen_baseline,Stage 0-6 verified artifact,no
reports/stage2/join_coverage.csv,999,d1022bd8a5242b34eb6446d19c17ab8ddfb821d7745960393378b9defa7dbc4f,frozen_baseline,Stage 0-6 verified artifact,no
reports/stage2/key_quality.csv,3016,630bf29f85a96f6c163d0fbc516ffbf3573314c18661ed3cdd63444afdafd94e,frozen_baseline,Stage 0-6 verified artifact,no
reports/stage2/logical_checks.csv,14830,be88f7d006b6d3b88bd275a594c1f02729999435ffeca3d91d6334a48d6455f8,frozen_baseline,Stage 0-6 verified artifact,no
reports/stage2/missingness.csv,369408,1b9706b18704843072b0ba07d37bacc77fa043f015064c34adf521fb392189c5,frozen_baseline,Stage 0-6 verified artifact,no
reports/stage2/outlier_summary.csv,2375,8faebf9e3fa1993b9fcdd22158c33aa57dffd7844a4e6e44172a3e0e50629736,frozen_baseline,Stage 0-6 verified artifact,no
reports/stage2/panel_gap_summary.csv,1280308,a9a16b19a5aa3842dc7dacfef6389fb82e32adc190cbd49c17475c770dfc33cf,frozen_baseline,Stage 0-6 verified artifact,no
reports/stage2/period_coverage.csv,9983,c905bd1be676bb85e2773d4574b303c0e0cf2b386ee63a27b5a0d0677ade3eb5,frozen_baseline,Stage 0-6 verified artifact,no
reports/stage2/qa_summary.md,2332,54deb6ca65d09859915c4a344338d2914ec50399020a0bc86bad9135b8f45df7,frozen_baseline,Stage 0-6 verified artifact,no
reports/stage2/quality_validation_plan.md,16058,8174d635cb2bba914ce8d71008845d37ac5d5734c17c945540e5077445fd6428,frozen_baseline,Stage 0-6 verified artifact,no
reports/stage2/schema_mapping.md,3577,3fb10d163911f2b5a92a150ff0c43a099f4459cce55de35b91f7f8dda16273a9,frozen_baseline,Stage 0-6 verified artifact,no
reports/stage2/spatial_quality.csv,334,6b76d100b1eb0d7fb35a418bd30ceded02ceabef88dd05696a4faab89cb48938,frozen_baseline,Stage 0-6 verified artifact,no
reports/stage3/data_dictionary.csv,18347,d40fe3af0c8531b1780fa3f12882952eb4cbefc3ebd5046ae01cc8b3635a8a2b,frozen_baseline,Stage 0-6 verified artifact,no
reports/stage3/feature_definitions.md,1669,a91a64e6d7d61ec190e1f236bd158fa7ece13dc8d41ca755c7312721912e51c4,frozen_baseline,Stage 0-6 verified artifact,no
reports/stage3/feature_quality.csv,1389,5df7c6e77ba58a8c0504901a3b211d662765eea02b251641eb1a883fb00cbd24,frozen_baseline,Stage 0-6 verified artifact,no
reports/stage3/join_row_counts.csv,117,4fd8c41f4a828191f411a15c2aa64a42f60268b0b4eb75e2619d1a8e8e5408e0,frozen_baseline,Stage 0-6 verified artifact,no
reports/stage3/manual_spot_check.csv,567,8fa7132cf5d82d038950390539a28bc3747767792659c10008d9ce06ac617240,frozen_baseline,Stage 0-6 verified artifact,no
reports/stage3/panel_manifest.json,4148,55a01c73ddf384e6c36409008a15367fdfd162f9b13998a0e956449b3272b3a7,frozen_baseline,Stage 0-6 verified artifact,no
reports/stage3/reproducibility_check.json,392,a0ec0ec19ccc58ab9eceb8ff373f2e25f88989ca1fdf6d1031dc5593ccbe5955,frozen_baseline,Stage 0-6 verified artifact,no
reports/stage4/candidate_manifest.json,522,235cc5e168b959d39870bfd778f9e26d4dc66303fec37e2cc0e7ed5379622c07,frozen_baseline,Stage 0-6 verified artifact,no
reports/stage4/candidate_report.md,2263,e78d7857a11da05750bdf37acf942d8729dbeb1402ddfd0040ecb8d7572edfc0,frozen_baseline,Stage 0-6 verified artifact,no
reports/stage4/fold_summary.csv,525,a7b77745c372ed5fec42776c17629227472b9cf1b1c7a72263f9c617da882ca8,frozen_baseline,Stage 0-6 verified artifact,no
reports/stage4/persistent_target_by_fold.csv,3452,d53bf012a3f77e4a5ae36d733478ca702373a6a227684edfd9f67365dfac4188,frozen_baseline,Stage 0-6 verified artifact,no
reports/stage4/persistent_target_manifest.json,487,388ddf937e9b0ecf63a67a119b6dc30a996dbd195b0a2052aa10fcda79c9b5a9,frozen_baseline,Stage 0-6 verified artifact,no
reports/stage4/persistent_target_report.md,1821,5f20891e18e45f4de03221d482d7571cb55747b9b2478b1929dc5b4244b24557,frozen_baseline,Stage 0-6 verified artifact,no
reports/stage4/persistent_target_sensitivity.csv,1360,aaa5a6f4ec9d4b79ee79cced7d27e63eb5c6b292b90a1e848588b37aa75ad14f,frozen_baseline,Stage 0-6 verified artifact,no
reports/stage4/stage4_manifest.json,10957,ae69fd3c985654edf395095a0b3d17f9fda1f8ce9155b133adf15f27646adb15,frozen_baseline,Stage 0-6 verified artifact,no
reports/stage4/target_candidate_by_industry.csv,22689,d76b6a34c1e51d8721e3fbe4e010a3e478f37a1a33146bd0813247e48dc8c2bf,frozen_baseline,Stage 0-6 verified artifact,no
reports/stage4/target_candidate_by_year.csv,1278,b7af381b9aed000292470afebe053e5f100016054b4b33e427f5a6efe043fe43,frozen_baseline,Stage 0-6 verified artifact,no
reports/stage4/target_candidate_summary.csv,518,a9b976a21521086c853b34d546c3f4430d52999d49ae4958e7226fcee2344584,frozen_baseline,Stage 0-6 verified artifact,no
reports/stage4/target_definition.md,1463,66fefe506f5430e73be88bf7048856c7d259947f8eb4fd3fd930a83f44ef43b6,frozen_baseline,Stage 0-6 verified artifact,no
reports/stage4/threshold_sensitivity.csv,1822,465ab006331ce4832ae937c1a61f7dbaca4d435b7a2d04e7894a189cc7c1ec3d,frozen_baseline,Stage 0-6 verified artifact,no
reports/stage4/threshold_sensitivity_by_year.csv,962,ec6992dc170f7257865dbb615bbadf5d23fadb40c9784f477651bef7a0f85c84,frozen_baseline,Stage 0-6 verified artifact,no
reports/stage4/threshold_sensitivity_manifest.json,410,58d4bf102e99bb4d1db5a2f62db2263cbce4685c37ae3c09bbb431f293e8cb19,frozen_baseline,Stage 0-6 verified artifact,no
reports/stage4/threshold_sensitivity_report.md,1388,4742b1c9c15e1d733d53da3ddfdd47af60f2c95ab8fa6ccf512aca580f8da709,frozen_baseline,Stage 0-6 verified artifact,no
reports/stage4/time_split_comparison.csv,1318,e5483a6097679964fa5eaad4ca686a18e06bfcb698742cb1ba796179ce3ddbe7,frozen_baseline,Stage 0-6 verified artifact,no
reports/stage45/categorical_target_relationships.csv,956634,84a929bcf9f0df16c3b05fb93482f3165d0c9cddaec40e508d2ff92b70e77da6,frozen_baseline,Stage 0-6 verified artifact,no
reports/stage45/derived_feature_definitions.md,22028,f43b37d4f3160deb96fa654bd7481bb80067c8c553f948e8180df13e8e169b56,frozen_baseline,Stage 0-6 verified artifact,no
reports/stage45/drift_summary.csv,282622,a64bb23117bb28657508666564e4479832762166f2efcb27f6ab08c689df05ca,frozen_baseline,Stage 0-6 verified artifact,no
reports/stage45/eda_summary.md,7034,8ab37d1383987b8622a7c727efc76a415d68795fe557045a0570f2b5fe690207,frozen_baseline,Stage 0-6 verified artifact,no
reports/stage45/feature_contract.md,45245,84af193e4f686894b410891a228aa22258bd4119661d0c21efc97716f2e3c357,frozen_baseline,Stage 0-6 verified artifact,no
reports/stage45/feature_profile.csv,91734,8eda97fda17afbb094ceafba8734645d25fc7f744eceeb087a36ce0790fbd7c0,frozen_baseline,Stage 0-6 verified artifact,no
reports/stage45/feature_relationships.csv,267946,f884f1e6920d2cda6b8c63491bfb92ea60af1be8a09b9e980e25a2b4e401bfc6,frozen_baseline,Stage 0-6 verified artifact,no
reports/stage45/numeric_target_relationships.csv,194841,3da9e3be09377952780a7971fb33f6dea54e121afe2ebc1a768a5efaae96e2c3,frozen_baseline,Stage 0-6 verified artifact,no
reports/stage45/stage45_manifest.json,1615,106ab2adc2bf2227865d854fb64958f7fc11bb6773e48f0dbbba893191cc0191,frozen_baseline,Stage 0-6 verified artifact,no
reports/stage5/artifacts/stage5_lightgbm_trial10.joblib,2831569,0c87f8a568700ed72614f9b3732fc38f5e39678695d9cd188275e4f1638e9736,frozen_baseline,Stage 0-6 verified artifact,no
reports/stage5/artifacts/stage5_lightgbm_trial10_metadata.json,1009,f608da99c5f02eb6ac92ef1c637a0d5d4f05cd55c6ac362161ff01dc4910794b,frozen_baseline,Stage 0-6 verified artifact,no
reports/stage5/candidate_review.md,3797,641d3c5c612a8e009bf81262de87012593a87d74d1c8515c2bed570dfdd2fedd,frozen_baseline,Stage 0-6 verified artifact,no
reports/stage5/checkpoints/dummy_prior__fold1.json,715,b175a7077cb99aa5baf3d53ce76a087d747a953b333683176197fada60675462,frozen_baseline,Stage 0-6 verified artifact,no
reports/stage5/checkpoints/dummy_prior__fold1.parquet,64119,7bdbd701ea10900476ca0efa707c56a09b419568b015c38a511be9a991b415e8,frozen_baseline,Stage 0-6 verified artifact,no
reports/stage5/checkpoints/logistic_l1__fold1.json,176,a9232b40b612f7ceb73cef2b9b1492172930b056579483a597d0ff60d97c18c3,frozen_baseline,Stage 0-6 verified artifact,no
reports/stage5/checkpoints/logistic_l1__fold1.parquet,169892,05caa40f5a7f82734844747407eb8936ab6e27e4200b31bd5c60e8558d4bed3b,frozen_baseline,Stage 0-6 verified artifact,no
reports/stage5/checkpoints/logistic_l2__fold1.json,792,108690c4e62181d7f2a8ee4461f6eeab012d3e1a29df955b75cb6fab2b1eba85,frozen_baseline,Stage 0-6 verified artifact,no
reports/stage5/checkpoints/logistic_l2__fold1.parquet,169998,927f1fb414452ebe1aa5519f14519a9d189090cf4600cf54bbde0aaa0f11564f,frozen_baseline,Stage 0-6 verified artifact,no
reports/stage5/checkpoints_v2/catboost__common_baseline__fold1.json,964,0531793ad0eebe350a529d39ea4be0888aca11a357ef20c724e0dd08ecaa4a66,frozen_baseline,Stage 0-6 verified artifact,no
reports/stage5/checkpoints_v2/catboost__common_baseline__fold1.parquet,176315,dec2c8576b8e63eacc1d4b7d8d90626569260637d21e0a18250dd3eca1fe2d8b,frozen_baseline,Stage 0-6 verified artifact,no
reports/stage5/checkpoints_v2/catboost__common_baseline__fold2.json,962,401e68743621596beb4ca591b30f8470361552034feb0292acaa9947fee31a1a,frozen_baseline,Stage 0-6 verified artifact,no
reports/stage5/checkpoints_v2/catboost__common_baseline__fold2.parquet,176230,07c326071b9172f8d154a4b12819fd6bace7a9db5bc0031ca8e77cfc12d26f7e,frozen_baseline,Stage 0-6 verified artifact,no
reports/stage5/checkpoints_v2/catboost__common_baseline__fold3.json,960,abf718866a5d784995008c8efe79845f52018fca3ec752b4b0dfc10b338b5c59,frozen_baseline,Stage 0-6 verified artifact,no
reports/stage5/checkpoints_v2/catboost__common_baseline__fold3.parquet,175692,ed6ecc752ca94534721f3c6e02a1f62aaf015537b594a13e8ff08aee9aadcc9b,frozen_baseline,Stage 0-6 verified artifact,no
reports/stage5/checkpoints_v2/catboost__common_baseline__fold4.json,963,f24fde142049a89257e0fab505017f914104a0f94b1ead11ba8e6ffd0cb0cbb5,frozen_baseline,Stage 0-6 verified artifact,no
reports/stage5/checkpoints_v2/catboost__common_baseline__fold4.parquet,174831,dc5cd9d4c34e2ff2b6035971b0c347e2ef01ddf338848cd52ebb48b6aab08be3,frozen_baseline,Stage 0-6 verified artifact,no
reports/stage5/checkpoints_v2/catboost__tree_plus_floating_population_raw_components__fold1.json,1052,40473c984a37362fbf3ca6b5f022d261480fe213ec78095cf7cfd0f416d5fea5,frozen_baseline,Stage 0-6 verified artifact,no
reports/stage5/checkpoints_v2/catboost__tree_plus_floating_population_raw_components__fold1.parquet,176678,cfc8505947ad1068718b249da176ef8fe013b2ae2f20fcd181f74fe2283de7ab,frozen_baseline,Stage 0-6 verified artifact,no
reports/stage5/checkpoints_v2/catboost__tree_plus_floating_population_raw_components__fold2.json,1054,43c4b23158ef41f4eab2a1c0089556076c6acc775d798e0a3c1bb90d9da65738,frozen_baseline,Stage 0-6 verified artifact,no
reports/stage5/checkpoints_v2/catboost__tree_plus_floating_population_raw_components__fold2.parquet,176587,e02934f2ddfb7c5eb0dc3f84bdf7fe39a06d929f99cdfbf5e9318da98adc9946,frozen_baseline,Stage 0-6 verified artifact,no
reports/stage5/checkpoints_v2/catboost__tree_plus_floating_population_raw_components__fold3.json,1053,78ff6bffed44ad9bed8f4ffa4275143a9c1d2f7579a65dc94f5e48dc73d77de6,frozen_baseline,Stage 0-6 verified artifact,no
reports/stage5/checkpoints_v2/catboost__tree_plus_floating_population_raw_components__fold3.parquet,176044,5e4eb864a0a47f18e877cec0436720ac6496e5563defe6c44d9e27925ab071ee,frozen_baseline,Stage 0-6 verified artifact,no
reports/stage5/checkpoints_v2/catboost__tree_plus_floating_population_raw_components__fold4.json,1052,bc1174af1166e7a5c7472a74521a801095be2dc2cb7d8ab97220719d6fef21a2,frozen_baseline,Stage 0-6 verified artifact,no
reports/stage5/checkpoints_v2/catboost__tree_plus_floating_population_raw_components__fold4.parquet,175304,1ae76b99b8ac001ec180bde036689134f7c5a55624bb2f552f8611a9b5bcbdc8,frozen_baseline,Stage 0-6 verified artifact,no
reports/stage5/checkpoints_v2/catboost__tree_plus_resident_population_raw_components__fold1.json,1051,a11e44570660ef088c08f6b9f68c522cd50763fb7fa7c948ab04184423af5e71,frozen_baseline,Stage 0-6 verified artifact,no
reports/stage5/checkpoints_v2/catboost__tree_plus_resident_population_raw_components__fold1.parquet,176720,a1dfb61e14ff5638254d68a22df6d5215f6260acfefc93166e4f4d14a93354b5,frozen_baseline,Stage 0-6 verified artifact,no
reports/stage5/checkpoints_v2/catboost__tree_plus_resident_population_raw_components__fold2.json,1054,416ac96d45572af13ac7934810fa4395ae5e4bb8e3cc66744b30397bc1b139f8,frozen_baseline,Stage 0-6 verified artifact,no
reports/stage5/checkpoints_v2/catboost__tree_plus_resident_population_raw_components__fold2.parquet,176045,97e4a41d579b14e2ae7d366ca4f56a3f93d89e5312e3ce015f248fbb31d3e5da,frozen_baseline,Stage 0-6 verified artifact,no
reports/stage5/checkpoints_v2/catboost__tree_plus_resident_population_raw_components__fold3.json,1057,8bfeda966f8fc7da066d802dd0761828612c1b78c1d412e77fa58c743269bc98,frozen_baseline,Stage 0-6 verified artifact,no
reports/stage5/checkpoints_v2/catboost__tree_plus_resident_population_raw_components__fold3.parquet,175578,c92b0e71acb342d4cef4b6d48b7b61f4206a0500fa7dfb66cb4c5b4bc96f56bb,frozen_baseline,Stage 0-6 verified artifact,no
reports/stage5/checkpoints_v2/catboost__tree_plus_resident_population_raw_components__fold4.json,1051,13e2b86a973a54125e9f4a52ddc102db4f607383cf367d879883e0f3a7b1286e,frozen_baseline,Stage 0-6 verified artifact,no
reports/stage5/checkpoints_v2/catboost__tree_plus_resident_population_raw_components__fold4.parquet,175290,0f99a700cd56210f8701f808fd47285d69be8ff2dc18de53f020f2a7ca83b897,frozen_baseline,Stage 0-6 verified artifact,no
reports/stage5/checkpoints_v2/catboost__tree_plus_sales_amount_raw_components__fold1.json,1018,137d7bfbcb78224b677d2bafcb924f5b6cb244692baa47253f0d8a5d655fb196,frozen_baseline,Stage 0-6 verified artifact,no
reports/stage5/checkpoints_v2/catboost__tree_plus_sales_amount_raw_components__fold1.parquet,176684,3ed406911ba37e478399145159b15bf526170be7e9a67f276b2d80adc5cb8919,frozen_baseline,Stage 0-6 verified artifact,no
reports/stage5/checkpoints_v2/catboost__tree_plus_sales_amount_raw_components__fold2.json,1036,e62de61bd3e7f8d82465d5c09f0e05623d0e26db96740d538b61eb6ba14ecf19,frozen_baseline,Stage 0-6 verified artifact,no
reports/stage5/checkpoints_v2/catboost__tree_plus_sales_amount_raw_components__fold2.parquet,175854,f47f1f59ab1413ae48bec7cf38bd6619d8ae062f705630cbfafd9254a40771d9,frozen_baseline,Stage 0-6 verified artifact,no
reports/stage5/checkpoints_v2/catboost__tree_plus_sales_amount_raw_components__fold3.json,1031,51075bc6eaea00f2f997710f9361df95843536edd69a98fef073dbc7464f790b,frozen_baseline,Stage 0-6 verified artifact,no
reports/stage5/checkpoints_v2/catboost__tree_plus_sales_amount_raw_components__fold3.parquet,176015,034d9686d62f79ebbee134acce5c0c11d9832bdb849433b5bdba7f2a20b95996,frozen_baseline,Stage 0-6 verified artifact,no
reports/stage5/checkpoints_v2/catboost__tree_plus_sales_amount_raw_components__fold4.json,1032,78029ac3eb02550a23858ef3e595594b53d97f7d1d63bfec76428a463fe2b7ce,frozen_baseline,Stage 0-6 verified artifact,no
reports/stage5/checkpoints_v2/catboost__tree_plus_sales_amount_raw_components__fold4.parquet,174240,634507157add044df22d7308ac176028c96ab94d65d30866ab6e1c159ef1bb8c,frozen_baseline,Stage 0-6 verified artifact,no
reports/stage5/checkpoints_v2/catboost__tree_plus_transaction_count_raw_components__fold1.json,1047,afc55010c7d93b4fad793391d62da6a1f248b2a3b230f404420bcc5fd87b6de5,frozen_baseline,Stage 0-6 verified artifact,no
reports/stage5/checkpoints_v2/catboost__tree_plus_transaction_count_raw_components__fold1.parquet,176703,a535d2d8ebe740daca472594db35aee6b904c55f224f2de1f2b9fc2345ce1661,frozen_baseline,Stage 0-6 verified artifact,no
reports/stage5/checkpoints_v2/catboost__tree_plus_transaction_count_raw_components__fold2.json,1049,90e5b974ecba3911d2a5b968cb293bd54b0013947f7bece6a2f4fd21d1b8d2df,frozen_baseline,Stage 0-6 verified artifact,no
reports/stage5/checkpoints_v2/catboost__tree_plus_transaction_count_raw_components__fold2.parquet,176660,2e0b5c0f31cd82ec2a88b2dffb4d7ce826c91f2fe7968ae9eb9ca95f0adf4745,frozen_baseline,Stage 0-6 verified artifact,no
reports/stage5/checkpoints_v2/catboost__tree_plus_transaction_count_raw_components__fold3.json,1047,36790fb2d6cd76f677a964da5637a41ae1a796b6685dd0cdba0d32c5123e0158,frozen_baseline,Stage 0-6 verified artifact,no
reports/stage5/checkpoints_v2/catboost__tree_plus_transaction_count_raw_components__fold3.parquet,176159,f8ea75c16ba957b286b8596cf855c3feeaf49fc8f3e0364385f815aef32af57c,frozen_baseline,Stage 0-6 verified artifact,no
reports/stage5/checkpoints_v2/catboost__tree_plus_transaction_count_raw_components__fold4.json,1047,878d8750c3c4387a66c186b2fe9efdb8abe2b82498585ad4d114a8c2070a5f2a,frozen_baseline,Stage 0-6 verified artifact,no
reports/stage5/checkpoints_v2/catboost__tree_plus_transaction_count_raw_components__fold4.parquet,174684,6d9d800ef696833d260aa5cb07e450907c09cd1fee4d10e8f30216a78d894220,frozen_baseline,Stage 0-6 verified artifact,no
reports/stage5/checkpoints_v2/catboost__tree_plus_worker_population_raw_components__fold1.json,1045,30e5d71c4c114bdb3c45712838427915e769353aa8c8cf25dc5d2465e8ba95dc,frozen_baseline,Stage 0-6 verified artifact,no
reports/stage5/checkpoints_v2/catboost__tree_plus_worker_population_raw_components__fold1.parquet,175987,275cf86c0c305889d66a652d1e2de9bdf9f880f1dc46cc1326f193fec2adb05e,frozen_baseline,Stage 0-6 verified artifact,no
reports/stage5/checkpoints_v2/catboost__tree_plus_worker_population_raw_components__fold2.json,1052,f7515ca063e06b9ef11d3e03f0c9c1aa68c406dcb9d62485c93c54da46fb32ac,frozen_baseline,Stage 0-6 verified artifact,no
reports/stage5/checkpoints_v2/catboost__tree_plus_worker_population_raw_components__fold2.parquet,176667,b9dd5b5041089da4fc5895397f9349bd2bf245972dad93ba3ef62e8efde3b883,frozen_baseline,Stage 0-6 verified artifact,no
reports/stage5/checkpoints_v2/catboost__tree_plus_worker_population_raw_components__fold3.json,1048,a44d427cd260715c51ceb1e85147c95e7f86687edad04f5037e11084c0a456ea,frozen_baseline,Stage 0-6 verified artifact,no
reports/stage5/checkpoints_v2/catboost__tree_plus_worker_population_raw_components__fold3.parquet,176091,4c0b952be0dc216859c59b5f30b562e7ad44180c54f63c2c32987a289fdfb53f,frozen_baseline,Stage 0-6 verified artifact,no
reports/stage5/checkpoints_v2/catboost__tree_plus_worker_population_raw_components__fold4.json,1047,7154a107cb6df54a4ed39b36309d0ec24e8de65bc01fb1f7ad3842f6a79d62f4,frozen_baseline,Stage 0-6 verified artifact,no
reports/stage5/checkpoints_v2/catboost__tree_plus_worker_population_raw_components__fold4.parquet,175185,51401caa344709b7e3719e7c9ca16894b9812be3eefa0b062fa1bc17ee52a62b,frozen_baseline,Stage 0-6 verified artifact,no
reports/stage5/checkpoints_v2/dummy_prior__prior__fold1.json,826,49c6d2da2516e0eccce43c99e26a175ffadfb9d0d93921fcbde3e7f07d621bf7,frozen_baseline,Stage 0-6 verified artifact,no
reports/stage5/checkpoints_v2/dummy_prior__prior__fold1.parquet,65426,f6572e34cc7ea5a19cc58f72c9ce4ff66e1f173c8a4cbd82e34e3e45502f5160,frozen_baseline,Stage 0-6 verified artifact,no
reports/stage5/checkpoints_v2/dummy_prior__prior__fold2.json,826,7a6c960b1de13f1b6573510609d47c74b640414225607215a2b5dae1c6ae62b8,frozen_baseline,Stage 0-6 verified artifact,no
reports/stage5/checkpoints_v2/dummy_prior__prior__fold2.parquet,65271,48dfee31421d5fa64ab6c35a8975acbe8cd8a9517d739a06ed816e9649652987,frozen_baseline,Stage 0-6 verified artifact,no
reports/stage5/checkpoints_v2/dummy_prior__prior__fold3.json,823,2bede5a7fb53a39dd1e7e04cf2beae4e00f5421c4e428bc8801ba83e29737f7b,frozen_baseline,Stage 0-6 verified artifact,no
reports/stage5/checkpoints_v2/dummy_prior__prior__fold3.parquet,65153,1a388c56524159b74e3ff73b42141ae41fbe1c1589620273452437e76639d02d,frozen_baseline,Stage 0-6 verified artifact,no
reports/stage5/checkpoints_v2/dummy_prior__prior__fold4.json,825,f13b12ba8d696f0e1d3029590e34f82d4507e923a6c653843cfe803855095d1b,frozen_baseline,Stage 0-6 verified artifact,no
reports/stage5/checkpoints_v2/dummy_prior__prior__fold4.parquet,64804,e094f76036ff1eb3b1f134e7a99901aa0306fef31fe4e5ef177ab7096d046c17,frozen_baseline,Stage 0-6 verified artifact,no
reports/stage5/checkpoints_v2/extra_trees__common_baseline__fold1.json,874,3d20d6f659dab759772a2a5af5d0371a2e053435ad7ee7e34caa99be0d03f49e,frozen_baseline,Stage 0-6 verified artifact,no
reports/stage5/checkpoints_v2/extra_trees__common_baseline__fold1.parquet,171806,d7cbe179a3deeba0902079a94cc2bae32ed2ff3a4c09dca46581d279cc7f5c47,frozen_baseline,Stage 0-6 verified artifact,no
reports/stage5/checkpoints_v2/extra_trees__common_baseline__fold2.json,875,b0e383f5cd3892bccc3f43053aac66d956b52b55b6a6fe477a7025b450560302,frozen_baseline,Stage 0-6 verified artifact,no
reports/stage5/checkpoints_v2/extra_trees__common_baseline__fold2.parquet,171474,b3221910a68ef13d1b755ae08835504681f890564feb139729bf204a46423f50,frozen_baseline,Stage 0-6 verified artifact,no
reports/stage5/checkpoints_v2/extra_trees__common_baseline__fold3.json,874,fce7d3dc74721dc15499c35ab88c6e3418c77cc8ead9513f292e91ca3c5ec40c,frozen_baseline,Stage 0-6 verified artifact,no
reports/stage5/checkpoints_v2/extra_trees__common_baseline__fold3.parquet,170725,a282f6c4f5d33aa8a04207c0d8ea4dd5f8f8e3d89a2e1953e006a4c148b96bd5,frozen_baseline,Stage 0-6 verified artifact,no
reports/stage5/checkpoints_v2/extra_trees__common_baseline__fold4.json,873,f69db606c0f0a5fef45c9ce2910afe236b9a9fb47077b854ed956bf09ae8c509,frozen_baseline,Stage 0-6 verified artifact,no
reports/stage5/checkpoints_v2/extra_trees__common_baseline__fold4.parquet,170027,731d57b0adfc61fd1399614791ffd690b7877aead80aaf6187458c099009ce1d,frozen_baseline,Stage 0-6 verified artifact,no
reports/stage5/checkpoints_v2/extra_trees__tree_plus_floating_population_raw_components__fold1.json,963,7a05d62d9a91de4dcd1047206319e706271209244124c8820333b8875fd8b379,frozen_baseline,Stage 0-6 verified artifact,no
reports/stage5/checkpoints_v2/extra_trees__tree_plus_floating_population_raw_components__fold1.parquet,172285,13f174260b96794b3bae00a2e4121bf33adb8d1f1d66114a3e2b538483cf794a,frozen_baseline,Stage 0-6 verified artifact,no
reports/stage5/checkpoints_v2/extra_trees__tree_plus_floating_population_raw_components__fold2.json,964,b006cf8c912e87dd7ff3e2d2b32dd612fe3cbc3c80e3302079dd0f132e028d39,frozen_baseline,Stage 0-6 verified artifact,no
reports/stage5/checkpoints_v2/extra_trees__tree_plus_floating_population_raw_components__fold2.parquet,171775,50bb23f03f2889a01ebb3fc2facc8badd256bf9017e6064ef2b4add123fca399,frozen_baseline,Stage 0-6 verified artifact,no
reports/stage5/checkpoints_v2/extra_trees__tree_plus_floating_population_raw_components__fold3.json,962,3d23f4644b3b1a0853a7c031bb2530d901ea6d38ab9001384942a6a02379e3bb,frozen_baseline,Stage 0-6 verified artifact,no
reports/stage5/checkpoints_v2/extra_trees__tree_plus_floating_population_raw_components__fold3.parquet,171340,8d8b8d75fe06e27a50cb780877f363ba2ed4b8ecd0002d1a011422da269b939c,frozen_baseline,Stage 0-6 verified artifact,no
reports/stage5/checkpoints_v2/extra_trees__tree_plus_floating_population_raw_components__fold4.json,963,e966a068267f37fd007380cef3bf21940c1bc3b2d7809ba24fe0e2550f8fb3a4,frozen_baseline,Stage 0-6 verified artifact,no
reports/stage5/checkpoints_v2/extra_trees__tree_plus_floating_population_raw_components__fold4.parquet,170524,460bb53fa952f34957ca1592a729138b7fa271d7e2f60c2066cfab8fbe5488af,frozen_baseline,Stage 0-6 verified artifact,no
reports/stage5/checkpoints_v2/extra_trees__tree_plus_resident_population_raw_components__fold1.json,963,954a4b20403a393bab60dff5159f43aca4e8c066b2a3a0d9a0efc8538e6bddb7,frozen_baseline,Stage 0-6 verified artifact,no
reports/stage5/checkpoints_v2/extra_trees__tree_plus_resident_population_raw_components__fold1.parquet,172273,0acf01e65342ba9b3b5748a896477efabe33e6f7ab2f66111555c2f71fb57b8b,frozen_baseline,Stage 0-6 verified artifact,no
reports/stage5/checkpoints_v2/extra_trees__tree_plus_resident_population_raw_components__fold2.json,964,dda0e1245c1a96bb86cfeb74e779ef59219819e8a250d00307918b54a9e755c1,frozen_baseline,Stage 0-6 verified artifact,no
reports/stage5/checkpoints_v2/extra_trees__tree_plus_resident_population_raw_components__fold2.parquet,171901,d91b726a2582c96317b62702c47fa9e3f1d3510202152acfd786b3fe680b97bc,frozen_baseline,Stage 0-6 verified artifact,no
reports/stage5/checkpoints_v2/extra_trees__tree_plus_resident_population_raw_components__fold3.json,964,6725d8065e05139e520dc37c704776b45961a9ca8f73efd3485e77514bf42564,frozen_baseline,Stage 0-6 verified artifact,no
reports/stage5/checkpoints_v2/extra_trees__tree_plus_resident_population_raw_components__fold3.parquet,171376,8e883464db3837eb59bbef46cbd42a93778e350847def32a82cdbdf8f53879e8,frozen_baseline,Stage 0-6 verified artifact,no
reports/stage5/checkpoints_v2/extra_trees__tree_plus_resident_population_raw_components__fold4.json,962,6c58fc03afe24ceb9f90709d6f94e5c362726bfe6b51808f22b212b05d87f7a8,frozen_baseline,Stage 0-6 verified artifact,no
reports/stage5/checkpoints_v2/extra_trees__tree_plus_resident_population_raw_components__fold4.parquet,170451,9db9e83e9874e98f4eb6a7f9641076f6b83825c870d80f8fe6e569f7524854c0,frozen_baseline,Stage 0-6 verified artifact,no
reports/stage5/checkpoints_v2/extra_trees__tree_plus_sales_amount_raw_components__fold1.json,944,0d23daef6786be915eb682844585eaf0b7eacfbe276828f599b8c877e977506d,frozen_baseline,Stage 0-6 verified artifact,no
reports/stage5/checkpoints_v2/extra_trees__tree_plus_sales_amount_raw_components__fold1.parquet,172198,aef05686f7eb0db1cc6730afae2d5d12f31f95f0ce19e2319d490d9b04c587e0,frozen_baseline,Stage 0-6 verified artifact,no
reports/stage5/checkpoints_v2/extra_trees__tree_plus_sales_amount_raw_components__fold2.json,943,ebdc2aa8b70496f7f06b5168663fbe7deae93adfb84ee0b410f31672669bbcf8,frozen_baseline,Stage 0-6 verified artifact,no
reports/stage5/checkpoints_v2/extra_trees__tree_plus_sales_amount_raw_components__fold2.parquet,171772,88a03d7b6f440aefde403fac75783fc9ef5c564107b9cdd9d97c5fb5a65c7d65,frozen_baseline,Stage 0-6 verified artifact,no
reports/stage5/checkpoints_v2/extra_trees__tree_plus_sales_amount_raw_components__fold3.json,942,03b7d2840a4ebc732feabad81ff43f58a1b06069797e3c461a67da56fe2f8e4f,frozen_baseline,Stage 0-6 verified artifact,no
reports/stage5/checkpoints_v2/extra_trees__tree_plus_sales_amount_raw_components__fold3.parquet,171248,06c11d98f0a9bd56a6661b3b78d396deece817ce50506c2a99786388bef8e58a,frozen_baseline,Stage 0-6 verified artifact,no
reports/stage5/checkpoints_v2/extra_trees__tree_plus_sales_amount_raw_components__fold4.json,941,37d8f10211d370dcaa6963ce875c69fb5e2567f78a74a080aa426df60bdd6de0,frozen_baseline,Stage 0-6 verified artifact,no
reports/stage5/checkpoints_v2/extra_trees__tree_plus_sales_amount_raw_components__fold4.parquet,170363,f676f27a03250d7655dc70884280327c7d885bc2840b14b2f77f2c29287b2007,frozen_baseline,Stage 0-6 verified artifact,no
reports/stage5/checkpoints_v2/extra_trees__tree_plus_transaction_count_raw_components__fold1.json,957,7d84b8c853b1a867aeb375f7c7daf1f37b5ccc5933b8048132ca119122c36cdd,frozen_baseline,Stage 0-6 verified artifact,no
reports/stage5/checkpoints_v2/extra_trees__tree_plus_transaction_count_raw_components__fold1.parquet,172424,58bc994d5da4a035a3a7314495c1d36bb2281b25c2911c8d45e2956095c9294a,frozen_baseline,Stage 0-6 verified artifact,no
reports/stage5/checkpoints_v2/extra_trees__tree_plus_transaction_count_raw_components__fold2.json,958,b9cbc9f8a10f059413626dbe1ddbac443f27157de5d9015ffcf14172c4d751e4,frozen_baseline,Stage 0-6 verified artifact,no
reports/stage5/checkpoints_v2/extra_trees__tree_plus_transaction_count_raw_components__fold2.parquet,171987,4ec6605d8455bdb3092b479ca81484d532546b2b7a669b9fb1d9e0ca111f2864,frozen_baseline,Stage 0-6 verified artifact,no
reports/stage5/checkpoints_v2/extra_trees__tree_plus_transaction_count_raw_components__fold3.json,957,0688bbd402ef7821ba8ee4c7c1ed630c94a02a4eada18d9d25b4a40e5bb647eb,frozen_baseline,Stage 0-6 verified artifact,no
reports/stage5/checkpoints_v2/extra_trees__tree_plus_transaction_count_raw_components__fold3.parquet,171492,eb048e5a7eb1417ecd3bf7000ae639a2ca72fea4f7ad22106a6598af7fc2ae28,frozen_baseline,Stage 0-6 verified artifact,no
reports/stage5/checkpoints_v2/extra_trees__tree_plus_transaction_count_raw_components__fold4.json,957,0945023daf8ea0878ec0394016be19f43333f6c60afc8cc14b3cd988842c164e,frozen_baseline,Stage 0-6 verified artifact,no
reports/stage5/checkpoints_v2/extra_trees__tree_plus_transaction_count_raw_components__fold4.parquet,170482,c433cffafa65303b7e23fa8ea6181bbd5e9a815e1379c671027b1d353b47fd21,frozen_baseline,Stage 0-6 verified artifact,no
reports/stage5/checkpoints_v2/extra_trees__tree_plus_worker_population_raw_components__fold1.json,958,1811f98f764ed60c321397692c4a0782c11d099d51ff842ad5ff10513160bed5,frozen_baseline,Stage 0-6 verified artifact,no
reports/stage5/checkpoints_v2/extra_trees__tree_plus_worker_population_raw_components__fold1.parquet,172283,307e6430f2f79208b975acc3280ccf39f04edafceac93e47ebce82043bed0320,frozen_baseline,Stage 0-6 verified artifact,no
reports/stage5/checkpoints_v2/extra_trees__tree_plus_worker_population_raw_components__fold2.json,956,7203e3cac7078cd9c77479c6d012c3abf538d4650bf71cb9315893c2d8525531,frozen_baseline,Stage 0-6 verified artifact,no
reports/stage5/checkpoints_v2/extra_trees__tree_plus_worker_population_raw_components__fold2.parquet,171777,795c464a29dccf06fc0c231fa8c1866e9ca7480f3af192cfa72ebb4cf08b573a,frozen_baseline,Stage 0-6 verified artifact,no
reports/stage5/checkpoints_v2/extra_trees__tree_plus_worker_population_raw_components__fold3.json,955,73dde8d28c324974e0320377efc47a3fbd254d60ad267e6dc9ec1615478436eb,frozen_baseline,Stage 0-6 verified artifact,no
reports/stage5/checkpoints_v2/extra_trees__tree_plus_worker_population_raw_components__fold3.parquet,171334,80b8f69d30eb7cdc6e134bc45cbdd0bf61f07189c9e240f0029d987797377066,frozen_baseline,Stage 0-6 verified artifact,no
reports/stage5/checkpoints_v2/extra_trees__tree_plus_worker_population_raw_components__fold4.json,957,304cb9626ca785a9e0e01b8dab52927ba360e9dcf5ecc4e035d8302df0bb38c1,frozen_baseline,Stage 0-6 verified artifact,no
reports/stage5/checkpoints_v2/extra_trees__tree_plus_worker_population_raw_components__fold4.parquet,170372,f237c7be54509e5995e65d07f99af4d0e14016b241a0a80ec67ec4883f52b0f7,frozen_baseline,Stage 0-6 verified artifact,no
reports/stage5/checkpoints_v2/lightgbm__common_baseline__fold1.json,980,e2fc6f4fd461ec52b5eef9b52b3ccad72a03bc972ac1cef413341f738025b2b1,frozen_baseline,Stage 0-6 verified artifact,no
reports/stage5/checkpoints_v2/lightgbm__common_baseline__fold1.parquet,176732,51e43f1b7d64a30240120f9f3721e961dacf9ce4f752ffbb3e68f3de29a9bcb7,frozen_baseline,Stage 0-6 verified artifact,no
reports/stage5/checkpoints_v2/lightgbm__common_baseline__fold2.json,980,71bc02226811135dcb83831bd573cf9c9c45ae0662136029a5b5ce72c3ec9a84,frozen_baseline,Stage 0-6 verified artifact,no
reports/stage5/checkpoints_v2/lightgbm__common_baseline__fold2.parquet,176386,94dcbf0b8a502881172a9c07b588f94d4d0b52d7cc04acf8f48e9a40b1aba41f,frozen_baseline,Stage 0-6 verified artifact,no
reports/stage5/checkpoints_v2/lightgbm__common_baseline__fold3.json,979,41a9315496f8296f0ec98a7f8ec93be013e1f8991d99f4590030ed14285530a3,frozen_baseline,Stage 0-6 verified artifact,no
reports/stage5/checkpoints_v2/lightgbm__common_baseline__fold3.parquet,175034,ccd130989a6787438e3a3ebebd2d90987dc684e05f2993a52fa4a7e45ab5e573,frozen_baseline,Stage 0-6 verified artifact,no
reports/stage5/checkpoints_v2/lightgbm__common_baseline__fold4.json,979,511abd8129a4fccd68b08b45b8b0bee915bd5aa8b8275409a18b22b59b4e3b66,frozen_baseline,Stage 0-6 verified artifact,no
reports/stage5/checkpoints_v2/lightgbm__common_baseline__fold4.parquet,174907,7d667ac90e65d2927e479155a20d4088cbf2139c8d4f9d515ab1530e1f9d0b26,frozen_baseline,Stage 0-6 verified artifact,no
reports/stage5/checkpoints_v2/lightgbm__tree_plus_floating_population_raw_components__fold1.json,1071,8aa176f7d935a19ebd35134557a5af0a78ed4c9af7aafc2fd83932e5861a7fa0,frozen_baseline,Stage 0-6 verified artifact,no
reports/stage5/checkpoints_v2/lightgbm__tree_plus_floating_population_raw_components__fold1.parquet,176554,01e82efc646d3746bcd2d8cefdc82de1542a16839dff4c3760846963cac1a091,frozen_baseline,Stage 0-6 verified artifact,no
reports/stage5/checkpoints_v2/lightgbm__tree_plus_floating_population_raw_components__fold2.json,1069,e29e583eabcf4f813fbeaff1d9d038c82593708e62a0bfff026bcf56ab102d48,frozen_baseline,Stage 0-6 verified artifact,no
reports/stage5/checkpoints_v2/lightgbm__tree_plus_floating_population_raw_components__fold2.parquet,176784,f979870d9dc017ee957f407034b65ed0ce1d19315aa39062ba4b8ad7a8438c69,frozen_baseline,Stage 0-6 verified artifact,no
reports/stage5/checkpoints_v2/lightgbm__tree_plus_floating_population_raw_components__fold3.json,1072,1bcd907ca8bbc4ebf87e9251fe00b758f49b6f7bb523c5c1f8fdc96979108eac,frozen_baseline,Stage 0-6 verified artifact,no
reports/stage5/checkpoints_v2/lightgbm__tree_plus_floating_population_raw_components__fold3.parquet,176106,30a25efa875e39b49f08ef53c245596c578380178e1220b3ab38300f0b1b10d2,frozen_baseline,Stage 0-6 verified artifact,no
reports/stage5/checkpoints_v2/lightgbm__tree_plus_floating_population_raw_components__fold4.json,1071,5537bc4e97c0b66a4555d716821de94aaa6df7933ca72d2c1e0f0c3600d0d49d,frozen_baseline,Stage 0-6 verified artifact,no
reports/stage5/checkpoints_v2/lightgbm__tree_plus_floating_population_raw_components__fold4.parquet,174729,9cf36c2144a901f8a5c022237ccb628593f3f9f03e89f141bc2a91a161fd9d87,frozen_baseline,Stage 0-6 verified artifact,no
reports/stage5/checkpoints_v2/lightgbm__tree_plus_resident_population_raw_components__fold1.json,1071,44133d0bae1dd38bb106fdb92d87701de24906f05be36d016ad46d3e62af79d4,frozen_baseline,Stage 0-6 verified artifact,no
reports/stage5/checkpoints_v2/lightgbm__tree_plus_resident_population_raw_components__fold1.parquet,176498,80ed77b52d89a3da75141fa54cccf433e4b69c3af0c2bbeef4ccb012971bbd5f,frozen_baseline,Stage 0-6 verified artifact,no
reports/stage5/checkpoints_v2/lightgbm__tree_plus_resident_population_raw_components__fold2.json,1071,7ce04da6de9084ec712793d433ebacdd379f7182dc1f84fea7a2ff320ff9001c,frozen_baseline,Stage 0-6 verified artifact,no
reports/stage5/checkpoints_v2/lightgbm__tree_plus_resident_population_raw_components__fold2.parquet,176842,e5f4529438f72d503744c83dbc46128124e5b1a2ab3efe99ce5b7c9df8136161,frozen_baseline,Stage 0-6 verified artifact,no
reports/stage5/checkpoints_v2/lightgbm__tree_plus_resident_population_raw_components__fold3.json,1071,32ac59d62ddf970be481a03b76e4862d0cc7be420aa31f309b6e1d2bc0eda37f,frozen_baseline,Stage 0-6 verified artifact,no
reports/stage5/checkpoints_v2/lightgbm__tree_plus_resident_population_raw_components__fold3.parquet,176126,5c1b11cd3c0b4885f7015ad7693cf066cd3a2db62f64192cb4193d68e0606939,frozen_baseline,Stage 0-6 verified artifact,no
reports/stage5/checkpoints_v2/lightgbm__tree_plus_resident_population_raw_components__fold4.json,1066,b0c36a85d59f994296c0b14475bde9d90b7575abcddb06d95336884c404ce0ec,frozen_baseline,Stage 0-6 verified artifact,no
reports/stage5/checkpoints_v2/lightgbm__tree_plus_resident_population_raw_components__fold4.parquet,175322,090ff2606171732be6d8e75fb15eea8e7e3b514fd15f86a1c2c0e9ba64dced1d,frozen_baseline,Stage 0-6 verified artifact,no
reports/stage5/checkpoints_v2/lightgbm__tree_plus_sales_amount_raw_components__fold1.json,1049,00a1ac782b199e55bc10ed98fe4d818b0958bfdf994752897f1f3bdc33ed51b7,frozen_baseline,Stage 0-6 verified artifact,no
reports/stage5/checkpoints_v2/lightgbm__tree_plus_sales_amount_raw_components__fold1.parquet,177057,0add12c934f00da0b20f91be7af079264daf44b90775cb8e84ca8f972694f2fe,frozen_baseline,Stage 0-6 verified artifact,no
reports/stage5/checkpoints_v2/lightgbm__tree_plus_sales_amount_raw_components__fold2.json,1050,a1cae7a7dd9bc737c32e6ee8e34d804fdf7d92c5e0620b4d00119938ac03fe91,frozen_baseline,Stage 0-6 verified artifact,no
reports/stage5/checkpoints_v2/lightgbm__tree_plus_sales_amount_raw_components__fold2.parquet,176117,825d42b0ff9a6c22b05a15ea2623267ada2ef0f73cfb463608da0ee5575b3525,frozen_baseline,Stage 0-6 verified artifact,no
reports/stage5/checkpoints_v2/lightgbm__tree_plus_sales_amount_raw_components__fold3.json,1049,334110d6048c57a95349df695ed0ca52be8daa07fafea5836720bde16dd4bbe3,frozen_baseline,Stage 0-6 verified artifact,no
reports/stage5/checkpoints_v2/lightgbm__tree_plus_sales_amount_raw_components__fold3.parquet,176015,8358e4039d9031ba21ca10946382635095146bec8528559bd59be7e7a5a8c267,frozen_baseline,Stage 0-6 verified artifact,no
reports/stage5/checkpoints_v2/lightgbm__tree_plus_sales_amount_raw_components__fold4.json,1046,aa471c360490d5270be965f4ea80d7c73caa1f84402143f7a019c8ac2785c018,frozen_baseline,Stage 0-6 verified artifact,no
reports/stage5/checkpoints_v2/lightgbm__tree_plus_sales_amount_raw_components__fold4.parquet,175258,bb64055128c2017c27c258afafe7a19b6def39f2c583a12b62709ff77355e74a,frozen_baseline,Stage 0-6 verified artifact,no
reports/stage5/checkpoints_v2/lightgbm__tree_plus_transaction_count_raw_components__fold1.json,1063,e7c85cca68dcfb624576463e01e348e817cd26220afb6276a0e300802fe1a29b,frozen_baseline,Stage 0-6 verified artifact,no
reports/stage5/checkpoints_v2/lightgbm__tree_plus_transaction_count_raw_components__fold1.parquet,177121,2e4632a874aa24eadc2de182dd4b138f3e09003dd33b7de9b51d9cfc784ca484,frozen_baseline,Stage 0-6 verified artifact,no
reports/stage5/checkpoints_v2/lightgbm__tree_plus_transaction_count_raw_components__fold2.json,1067,70a3c12963bf7c1a2a9ed07b0ce24c05352b64975da911b75d8667eb15d4f125,frozen_baseline,Stage 0-6 verified artifact,no
reports/stage5/checkpoints_v2/lightgbm__tree_plus_transaction_count_raw_components__fold2.parquet,176749,443fa8906574de1ff50bd21381533ffb1534f3a6fc6dcdb8c3fb4d48d5ad64e2,frozen_baseline,Stage 0-6 verified artifact,no
reports/stage5/checkpoints_v2/lightgbm__tree_plus_transaction_count_raw_components__fold3.json,1062,7c1c91efcdbea97845aadd814a214c9e1fb20009477f9752d1c5d9c8ec6acb62,frozen_baseline,Stage 0-6 verified artifact,no
reports/stage5/checkpoints_v2/lightgbm__tree_plus_transaction_count_raw_components__fold3.parquet,176111,04eb5e3f5f9d7098110d8958698ae919ea38f5b9ff1855acd8c4ef29200fbff1,frozen_baseline,Stage 0-6 verified artifact,no
reports/stage5/checkpoints_v2/lightgbm__tree_plus_transaction_count_raw_components__fold4.json,1066,4dec29e6a619c418e234b4f84a18c1b9ef3f0d2cd60e7f2c047cc470cb871e92,frozen_baseline,Stage 0-6 verified artifact,no
reports/stage5/checkpoints_v2/lightgbm__tree_plus_transaction_count_raw_components__fold4.parquet,175346,1a1e6fc4500dd193c88ab2338516195593b5170086b86b159e55df46e79c93e4,frozen_baseline,Stage 0-6 verified artifact,no
reports/stage5/checkpoints_v2/lightgbm__tree_plus_worker_population_raw_components__fold1.json,1064,90fee38698472e702201ac0713d1869296737bb625b263b811ccb76553f774e1,frozen_baseline,Stage 0-6 verified artifact,no
reports/stage5/checkpoints_v2/lightgbm__tree_plus_worker_population_raw_components__fold1.parquet,176463,c6e181ea938da265ae75df1fcf85c29b1d40e2faef3dff66acfabec14f1c1725,frozen_baseline,Stage 0-6 verified artifact,no
reports/stage5/checkpoints_v2/lightgbm__tree_plus_worker_population_raw_components__fold2.json,1067,d8ff7a6ed2bc50292bb5cfc59bbfbf8efad8dfd13f96b4c89aff438d59c0d67b,frozen_baseline,Stage 0-6 verified artifact,no
reports/stage5/checkpoints_v2/lightgbm__tree_plus_worker_population_raw_components__fold2.parquet,176796,b69303ef624c9d3bf43440f1c080fc41dde1b4dc3c3f5242ccc1193410b28ef5,frozen_baseline,Stage 0-6 verified artifact,no
reports/stage5/checkpoints_v2/lightgbm__tree_plus_worker_population_raw_components__fold3.json,1064,9e71057bc546aa4193e6e8191a563bba9931f986841d5bfb2531a5287d3d192c,frozen_baseline,Stage 0-6 verified artifact,no
reports/stage5/checkpoints_v2/lightgbm__tree_plus_worker_population_raw_components__fold3.parquet,175462,157bb4f9be94df085baa2073b39aa1ed855a7ae76021aa70365e7ca2627e23f4,frozen_baseline,Stage 0-6 verified artifact,no
reports/stage5/checkpoints_v2/lightgbm__tree_plus_worker_population_raw_components__fold4.json,1065,d6532273e23281aefb9ad5389a029a0e31269b17f1c28b0ef49c5957770460ee,frozen_baseline,Stage 0-6 verified artifact,no
reports/stage5/checkpoints_v2/lightgbm__tree_plus_worker_population_raw_components__fold4.parquet,174720,128c8ccc5e1398e3b0d6656302e55852a647eb970d77f3ab36e20683a8ba30c7,frozen_baseline,Stage 0-6 verified artifact,no
reports/stage5/checkpoints_v2/logistic_elasticnet__linear_common_plus_log1p__fold1.json,1029,9d51ee86652a3b9db9e5d2f8d4cb54bee38d592e092d973ab8acf5bd2d54a75a,frozen_baseline,Stage 0-6 verified artifact,no
reports/stage5/checkpoints_v2/logistic_elasticnet__linear_common_plus_log1p__fold1.parquet,172780,e9caf044620fc379b95f3df032fd16357eb6ee456105c911c4362670685bf70c,frozen_baseline,Stage 0-6 verified artifact,no
reports/stage5/checkpoints_v2/logistic_elasticnet__linear_common_plus_log1p__fold2.json,1015,efb9ce7d985e30d36336eb2803d1adec3ea44d1444eb4f4371b45463b65e82bd,frozen_baseline,Stage 0-6 verified artifact,no
reports/stage5/checkpoints_v2/logistic_elasticnet__linear_common_plus_log1p__fold2.parquet,172555,cd01fc2bcb9e602ba82ead1d659c8a09cfd880fc243f668063d78731d3975787,frozen_baseline,Stage 0-6 verified artifact,no
reports/stage5/checkpoints_v2/logistic_elasticnet__linear_common_plus_log1p__fold3.json,1023,2f835a101e4ac9d0ff0546f8cc7a146499ed65f89ba9544b519bb8bb648a2653,frozen_baseline,Stage 0-6 verified artifact,no
reports/stage5/checkpoints_v2/logistic_elasticnet__linear_common_plus_log1p__fold3.parquet,171831,d021a4eb39d8e22a00587f99c085065f22ea07b3fa5bc5ac2cfabf142c2723f0,frozen_baseline,Stage 0-6 verified artifact,no
reports/stage5/checkpoints_v2/logistic_elasticnet__linear_common_plus_log1p__fold4.json,1024,f8ba0a1e7622d6446661fe0d02f65f6766f306a82afd0812304ef45848612971,frozen_baseline,Stage 0-6 verified artifact,no
reports/stage5/checkpoints_v2/logistic_elasticnet__linear_common_plus_log1p__fold4.parquet,171053,22a142c689fca383bd5b02a355a23d006d9ec72ce7c53fa76896c935707fef12,frozen_baseline,Stage 0-6 verified artifact,no
reports/stage5/checkpoints_v2/logistic_l1__linear_common_plus_log1p__fold1.json,1014,cd0eadb1fab74c2e2efb484f25c1fa960fc53c43f3c9aa5e43812abde2e013cd,frozen_baseline,Stage 0-6 verified artifact,no
reports/stage5/checkpoints_v2/logistic_l1__linear_common_plus_log1p__fold1.parquet,172638,fd9793f6a19d7fd71cada9ae431405dc855b637d79834234ab675edfe54913d4,frozen_baseline,Stage 0-6 verified artifact,no
reports/stage5/checkpoints_v2/logistic_l1__linear_common_plus_log1p__fold2.json,1000,6e9957bbce7fcf773134a9c2b407afa209d4ec3a0ff54d11fd2f0afbd53690b4,frozen_baseline,Stage 0-6 verified artifact,no
reports/stage5/checkpoints_v2/logistic_l1__linear_common_plus_log1p__fold2.parquet,172370,dfb05f9ce547ed65518f60966c39dcb1d58ba03a82258264560feea411779927,frozen_baseline,Stage 0-6 verified artifact,no
reports/stage5/checkpoints_v2/logistic_l1__linear_common_plus_log1p__fold3.json,1010,9f3a8db1b16c7916d24be6cc4f53f18cae00cf03c6e9ca1d73c4de14a8811e1f,frozen_baseline,Stage 0-6 verified artifact,no
reports/stage5/checkpoints_v2/logistic_l1__linear_common_plus_log1p__fold3.parquet,171747,8f4804b899d2719926565c7c57cd5b819cba9b109ea0965dc576fef7dae71d28,frozen_baseline,Stage 0-6 verified artifact,no
reports/stage5/checkpoints_v2/logistic_l1__linear_common_plus_log1p__fold4.json,1008,da6b7e2280be2d49f5d486a76480362d1246a88347c4808e8c8c2a133324b921,frozen_baseline,Stage 0-6 verified artifact,no
reports/stage5/checkpoints_v2/logistic_l1__linear_common_plus_log1p__fold4.parquet,170906,9d1eeb296486c37770b1f376d2d283a9a2d9eaedcdefdf6af1ca701f8a477c23,frozen_baseline,Stage 0-6 verified artifact,no
reports/stage5/checkpoints_v2/logistic_l2__linear_common_plus_log1p__fold1.json,1011,44cc070216398661adb0523dc964f5e569a49bf3b4cb15332ea019af953fe8d2,frozen_baseline,Stage 0-6 verified artifact,no
reports/stage5/checkpoints_v2/logistic_l2__linear_common_plus_log1p__fold1.parquet,172878,eef69c5d5db430d7fa5310cc82136eec692aad111ff4f1c29e81005ebb1b1e6e,frozen_baseline,Stage 0-6 verified artifact,no
reports/stage5/checkpoints_v2/logistic_l2__linear_common_plus_log1p__fold2.json,1008,02f16a6dfbd2b8e7b4d00512c469773c10bad10a4591fbcf20f524bda59f0f35,frozen_baseline,Stage 0-6 verified artifact,no
reports/stage5/checkpoints_v2/logistic_l2__linear_common_plus_log1p__fold2.parquet,172646,2ed2e1dec7e37a67cd65320d6e903e7a52f2273cfed687f950446bc120af76c1,frozen_baseline,Stage 0-6 verified artifact,no
reports/stage5/checkpoints_v2/logistic_l2__linear_common_plus_log1p__fold3.json,1005,0d7f78e701ad3677479ebdb2812c8d6fab24305dea6571177343e3f204bd9c75,frozen_baseline,Stage 0-6 verified artifact,no
reports/stage5/checkpoints_v2/logistic_l2__linear_common_plus_log1p__fold3.parquet,172170,b057db929d02968523397764e0a857a4acd31815eeaeb98cd3065012a61cfab9,frozen_baseline,Stage 0-6 verified artifact,no
reports/stage5/checkpoints_v2/logistic_l2__linear_common_plus_log1p__fold4.json,1007,48c948a0c604160c2abcd0f47afb0d850f4bb01445e8eb645f7dcf52b3d39c9d,frozen_baseline,Stage 0-6 verified artifact,no
reports/stage5/checkpoints_v2/logistic_l2__linear_common_plus_log1p__fold4.parquet,171370,cb6911e41e413c55ad9ab733ca3bb03b78de3e0abcd8aab4540d900793a32080,frozen_baseline,Stage 0-6 verified artifact,no
reports/stage5/checkpoints_v2/random_forest__common_baseline__fold1.json,993,ebc84f2189325504376f311161449082184ce5489dfca01cbc179d9171adf9b5,frozen_baseline,Stage 0-6 verified artifact,no
reports/stage5/checkpoints_v2/random_forest__common_baseline__fold1.parquet,173729,58a4757d48610755920326eecc2bcc59ce8663fb75f0f83da24050a6bf4627d5,frozen_baseline,Stage 0-6 verified artifact,no
reports/stage5/checkpoints_v2/random_forest__common_baseline__fold2.json,992,acdc38b9d7f31700b1a19c0b7630fbe6bcafa5ca70f5389631a4deab2c9b4d65,frozen_baseline,Stage 0-6 verified artifact,no
reports/stage5/checkpoints_v2/random_forest__common_baseline__fold2.parquet,173878,101f5ef2fe4514f416b7c0c4a8a3c0a812d08af049d31fc11f4b968e6b18c90a,frozen_baseline,Stage 0-6 verified artifact,no
reports/stage5/checkpoints_v2/random_forest__common_baseline__fold3.json,986,4caa8261aac2f09d567c416d76cb88c212a3db97870a181977ecb40cd4f61c49,frozen_baseline,Stage 0-6 verified artifact,no
reports/stage5/checkpoints_v2/random_forest__common_baseline__fold3.parquet,173196,bc34b1fb01239e059cca25391593dace5fd87de67917f21d5e3c3388bde51e16,frozen_baseline,Stage 0-6 verified artifact,no
reports/stage5/checkpoints_v2/random_forest__common_baseline__fold4.json,992,9a66cbd187dffb277c5009aa2af546031ce91cf94cf8b5b5190c2a4eeeb9fa08,frozen_baseline,Stage 0-6 verified artifact,no
reports/stage5/checkpoints_v2/random_forest__common_baseline__fold4.parquet,171987,7d61078e918b90af28e3659a61560bfaf4802f8acd953b7b75068e75190f019f,frozen_baseline,Stage 0-6 verified artifact,no
reports/stage5/checkpoints_v2/random_forest__tree_plus_floating_population_raw_components__fold1.json,1078,b1a1042d29e077a04d887dc5453f567fb9492897ef364847805093d0600e5277,frozen_baseline,Stage 0-6 verified artifact,no
reports/stage5/checkpoints_v2/random_forest__tree_plus_floating_population_raw_components__fold1.parquet,174676,2931fc2ad8bbb88b7874f7ee3a6709bd09b9baa50ecb8af0898d3551d403f202,frozen_baseline,Stage 0-6 verified artifact,no
reports/stage5/checkpoints_v2/random_forest__tree_plus_floating_population_raw_components__fold2.json,1083,714e8a66c22cd938491d165eb48e3c6aec1ec2f4509ce755dd16fd9e56a89091,frozen_baseline,Stage 0-6 verified artifact,no
reports/stage5/checkpoints_v2/random_forest__tree_plus_floating_population_raw_components__fold2.parquet,174361,c580335eb08236c6c97d0039037fe344f22526e958c1596005480b1696aecb2c,frozen_baseline,Stage 0-6 verified artifact,no
reports/stage5/checkpoints_v2/random_forest__tree_plus_floating_population_raw_components__fold3.json,1081,70eea2ac31a293b9f30b0ed31c45e03a6692264ed7190b362b34db687ab0b94f,frozen_baseline,Stage 0-6 verified artifact,no
reports/stage5/checkpoints_v2/random_forest__tree_plus_floating_population_raw_components__fold3.parquet,173528,0401098a21c4d77e6e2c0dae4d53f51aeb59f00d8126b6299bf78eb777c29c06,frozen_baseline,Stage 0-6 verified artifact,no
reports/stage5/checkpoints_v2/random_forest__tree_plus_floating_population_raw_components__fold4.json,1083,3afff46a1e9fdf7932ac4ee0f6881a42bbc07cc4870ca5b0dbdf4a957dfa943f,frozen_baseline,Stage 0-6 verified artifact,no
reports/stage5/checkpoints_v2/random_forest__tree_plus_floating_population_raw_components__fold4.parquet,173052,df06b461ba9934bb92a173b8daf7ebf0e11d26e3576359c1dcdafb659be8f44f,frozen_baseline,Stage 0-6 verified artifact,no
reports/stage5/checkpoints_v2/random_forest__tree_plus_resident_population_raw_components__fold1.json,1081,fb27c1ca0fd5b6d09a1a417688d07a23bc385e445771a3eac365a23fa015a28a,frozen_baseline,Stage 0-6 verified artifact,no
reports/stage5/checkpoints_v2/random_forest__tree_plus_resident_population_raw_components__fold1.parquet,174613,63c9c86f68a711133cbcca23dedfb8cef75b445fc9f97b2d1271a25ed0d21460,frozen_baseline,Stage 0-6 verified artifact,no
reports/stage5/checkpoints_v2/random_forest__tree_plus_resident_population_raw_components__fold2.json,1082,ce3823eecb196abf7f3d6fbd7198b43152d3fa4838004fd3b57459c948162230,frozen_baseline,Stage 0-6 verified artifact,no
reports/stage5/checkpoints_v2/random_forest__tree_plus_resident_population_raw_components__fold2.parquet,174254,fec666ba6fa063722c56404b2f7274237ed40b275f016cd5cd95c817ed51820a,frozen_baseline,Stage 0-6 verified artifact,no
reports/stage5/checkpoints_v2/random_forest__tree_plus_resident_population_raw_components__fold3.json,1081,08b0d39c6d07d9d19f4cf8d3b21ffbf0826b2db82826ed564e0ab06110184689,frozen_baseline,Stage 0-6 verified artifact,no
reports/stage5/checkpoints_v2/random_forest__tree_plus_resident_population_raw_components__fold3.parquet,173568,e723dcac988b87912f47522e50918a2f9d0c6b26bc4652be08102695cee43a94,frozen_baseline,Stage 0-6 verified artifact,no
reports/stage5/checkpoints_v2/random_forest__tree_plus_resident_population_raw_components__fold4.json,1081,e9f09620217a3c089f7d9f83be5dbe9dd697fccddff947db717cd8b042382936,frozen_baseline,Stage 0-6 verified artifact,no
reports/stage5/checkpoints_v2/random_forest__tree_plus_resident_population_raw_components__fold4.parquet,173030,3f935b10bbdb4994a6ec29a6032dc47decf8857a9d5a1624d58a6b95d0e33305,frozen_baseline,Stage 0-6 verified artifact,no
reports/stage5/checkpoints_v2/random_forest__tree_plus_sales_amount_raw_components__fold1.json,1058,5e6f6b91e22710002329c4a12cbc57d9d067514d7f438daf76de5b8a72e6913e,frozen_baseline,Stage 0-6 verified artifact,no
reports/stage5/checkpoints_v2/random_forest__tree_plus_sales_amount_raw_components__fold1.parquet,174713,8493d54ba3b41326ddc38dee9961e6cddf0c710c725205b67f8876ab20948640,frozen_baseline,Stage 0-6 verified artifact,no
reports/stage5/checkpoints_v2/random_forest__tree_plus_sales_amount_raw_components__fold2.json,1060,51e1428b21daa702ddc7f2dc9c5e2294619f4c4d8480d46fcba6fa02e010e905,frozen_baseline,Stage 0-6 verified artifact,no
reports/stage5/checkpoints_v2/random_forest__tree_plus_sales_amount_raw_components__fold2.parquet,173715,6dcd2376b6e6fb86ae211305a57fdd7e25f51d9c1cccad89655a3a081dfb08e3,frozen_baseline,Stage 0-6 verified artifact,no
reports/stage5/checkpoints_v2/random_forest__tree_plus_sales_amount_raw_components__fold3.json,1058,45293351acaf45b3f3542101b7ec3e09098205e1ebe7c79b1e2666fcdebbb444,frozen_baseline,Stage 0-6 verified artifact,no
reports/stage5/checkpoints_v2/random_forest__tree_plus_sales_amount_raw_components__fold3.parquet,173737,9708a0b71e0a08ad8e3c699033439660d7b270c06f0aee042b0fd50b7d0eac0b,frozen_baseline,Stage 0-6 verified artifact,no
reports/stage5/checkpoints_v2/random_forest__tree_plus_sales_amount_raw_components__fold4.json,1057,3a337fb94fe04763bfc095dba03ecf71b52bcede837fdc64266f6ed550f4ffba,frozen_baseline,Stage 0-6 verified artifact,no
reports/stage5/checkpoints_v2/random_forest__tree_plus_sales_amount_raw_components__fold4.parquet,173119,ffa287e33e02617bf8a3e2421d7f914d3ddc85157b8177ceeb53de84bdf612db,frozen_baseline,Stage 0-6 verified artifact,no
reports/stage5/checkpoints_v2/random_forest__tree_plus_transaction_count_raw_components__fold1.json,1077,ef6ef38bc4d35b65c208ee3fc89db9ff87ba3d524a5238e844979e3e23876edd,frozen_baseline,Stage 0-6 verified artifact,no
reports/stage5/checkpoints_v2/random_forest__tree_plus_transaction_count_raw_components__fold1.parquet,174808,b2d3df3ebdede378a5fcf69e075376777ee60895ee95b01b9529c49039e3f6f6,frozen_baseline,Stage 0-6 verified artifact,no
reports/stage5/checkpoints_v2/random_forest__tree_plus_transaction_count_raw_components__fold2.json,1073,f4389b8338bb44bb73da1d70fec670c51621022a8812dcb88e7933bb72d160b5,frozen_baseline,Stage 0-6 verified artifact,no
reports/stage5/checkpoints_v2/random_forest__tree_plus_transaction_count_raw_components__fold2.parquet,174356,06f012106e262813868760b3ed9c9e7084ddd815c872ffc8bbfab07970c4e0ad,frozen_baseline,Stage 0-6 verified artifact,no
reports/stage5/checkpoints_v2/random_forest__tree_plus_transaction_count_raw_components__fold3.json,1072,8a7fe8529044591982e7114ce74d2982e89117814c79fa1514a8485d3762d1b4,frozen_baseline,Stage 0-6 verified artifact,no
reports/stage5/checkpoints_v2/random_forest__tree_plus_transaction_count_raw_components__fold3.parquet,173809,dabef2880e6f1de613028fd8fbbb0ede736431a3ad08467575666fd5175f7767,frozen_baseline,Stage 0-6 verified artifact,no
reports/stage5/checkpoints_v2/random_forest__tree_plus_transaction_count_raw_components__fold4.json,1075,867a9666b8ebd4502e13c12d67b9c2ecb5c32409788027e0fc9009c681014d52,frozen_baseline,Stage 0-6 verified artifact,no
reports/stage5/checkpoints_v2/random_forest__tree_plus_transaction_count_raw_components__fold4.parquet,173188,18151762294543dc8cf9c28f2a393b19c07e773fda8e35b40c410e33e556d6bd,frozen_baseline,Stage 0-6 verified artifact,no
reports/stage5/checkpoints_v2/random_forest__tree_plus_worker_population_raw_components__fold1.json,1074,163a3086641b5a3a9573a5aa64326282700c18b4da321527419a884c49707742,frozen_baseline,Stage 0-6 verified artifact,no
reports/stage5/checkpoints_v2/random_forest__tree_plus_worker_population_raw_components__fold1.parquet,174648,62a340f0a281732f8b3402e2bde2b0b68c157330ec911db93bb71e1717d1f1b3,frozen_baseline,Stage 0-6 verified artifact,no
reports/stage5/checkpoints_v2/random_forest__tree_plus_worker_population_raw_components__fold2.json,1078,4d6452b07277234b71736108c0a74f7ecd07a4374445de7d0434440e167eac94,frozen_baseline,Stage 0-6 verified artifact,no
reports/stage5/checkpoints_v2/random_forest__tree_plus_worker_population_raw_components__fold2.parquet,174301,53202e46a763a2d58da333ee4c8e55a8bedd6d3e69b665523974e617314fd1bb,frozen_baseline,Stage 0-6 verified artifact,no
reports/stage5/checkpoints_v2/random_forest__tree_plus_worker_population_raw_components__fold3.json,1075,6c5c15a431aae199c53603377862e76d3626540898eb7efd7b834cf4405b068f,frozen_baseline,Stage 0-6 verified artifact,no
reports/stage5/checkpoints_v2/random_forest__tree_plus_worker_population_raw_components__fold3.parquet,173489,841a3f0672ed62c47201a35f57cc6c6c7145b1e2febfec82bc5b5518f5773584,frozen_baseline,Stage 0-6 verified artifact,no
reports/stage5/checkpoints_v2/random_forest__tree_plus_worker_population_raw_components__fold4.json,1074,293d914ceab444fa0ea3c1a4f26374edb67257277b549c9ad22cc8522a30cd90,frozen_baseline,Stage 0-6 verified artifact,no
reports/stage5/checkpoints_v2/random_forest__tree_plus_worker_population_raw_components__fold4.parquet,173027,c5c0401122f94e809c143a8cdeb7e81f7710af2b297b87f283057770230ddeee,frozen_baseline,Stage 0-6 verified artifact,no
reports/stage5/checkpoints_v2/xgboost__common_baseline__fold1.json,979,2f9f61c7493875924cea26ba601283cbc2ca392af637b22ef9de0d933f5e4ba3,frozen_baseline,Stage 0-6 verified artifact,no
reports/stage5/checkpoints_v2/xgboost__common_baseline__fold1.parquet,176817,84677db61e79b8748a022503a2c36b88bd8fc86a007fd742f3e624c972024026,frozen_baseline,Stage 0-6 verified artifact,no
reports/stage5/checkpoints_v2/xgboost__common_baseline__fold2.json,980,87d4daeab1f4031a8d4a9cefd030cc7c9b854203456bd239fcb7c5bf037a2c63,frozen_baseline,Stage 0-6 verified artifact,no
reports/stage5/checkpoints_v2/xgboost__common_baseline__fold2.parquet,176483,7654b57709d0e68aaed60040305a73fa86a0eb3402731c1b2ac9b675de5417b4,frozen_baseline,Stage 0-6 verified artifact,no
reports/stage5/checkpoints_v2/xgboost__common_baseline__fold3.json,977,526647851ed54378aa38b59aadb8107cf524cec0e3ff9de4cf64ac9cf823bd7b,frozen_baseline,Stage 0-6 verified artifact,no
reports/stage5/checkpoints_v2/xgboost__common_baseline__fold3.parquet,175731,42757064d6ed08f4ebe5f6ce66f4d96728747a117536b429139d8274860e500e,frozen_baseline,Stage 0-6 verified artifact,no
reports/stage5/checkpoints_v2/xgboost__common_baseline__fold4.json,980,af02b44a782aa6553c585ee8b1541fb2a522ac4e52ae6b46c44c16591244141d,frozen_baseline,Stage 0-6 verified artifact,no
reports/stage5/checkpoints_v2/xgboost__common_baseline__fold4.parquet,174982,61992645f443d7e8aea1546c6a76ed7116fcd11870d4a69f052c653fa0d3284c,frozen_baseline,Stage 0-6 verified artifact,no
reports/stage5/checkpoints_v2/xgboost__tree_plus_floating_population_raw_components__fold1.json,1070,27b47d34ad38f45004b158b3ff314ce5ffb59b4ba9cf529879cd7cdde3cf450e,frozen_baseline,Stage 0-6 verified artifact,no
reports/stage5/checkpoints_v2/xgboost__tree_plus_floating_population_raw_components__fold1.parquet,177237,88678a81413d241da6b8543727f344f28386117b620f4d1068d565223496f028,frozen_baseline,Stage 0-6 verified artifact,no
reports/stage5/checkpoints_v2/xgboost__tree_plus_floating_population_raw_components__fold2.json,1068,742a8f721f5cec4b29f53fc0439eb40e99bf44e209945e8abf3bab925b5f9bf5,frozen_baseline,Stage 0-6 verified artifact,no
reports/stage5/checkpoints_v2/xgboost__tree_plus_floating_population_raw_components__fold2.parquet,176843,6d7c34a68a28861ebc3d93aa020cf9de27a33a7b2663f0afc9df9cf719f8e7ba,frozen_baseline,Stage 0-6 verified artifact,no
reports/stage5/checkpoints_v2/xgboost__tree_plus_floating_population_raw_components__fold3.json,1067,0f16673b7bf362625edfbf75a9661b614da687ef50491c872ef6d12dceceea0d,frozen_baseline,Stage 0-6 verified artifact,no
reports/stage5/checkpoints_v2/xgboost__tree_plus_floating_population_raw_components__fold3.parquet,176148,40405d661fc2ad16f3ddb622b0e200187d37ff9a4775b53f139b3cb4a3b0bc8b,frozen_baseline,Stage 0-6 verified artifact,no
reports/stage5/checkpoints_v2/xgboost__tree_plus_floating_population_raw_components__fold4.json,1068,b855f0f3fa0cfddd5eafabb2c7a71783b7da1687adb39bb683dcf51d591ccf15,frozen_baseline,Stage 0-6 verified artifact,no
reports/stage5/checkpoints_v2/xgboost__tree_plus_floating_population_raw_components__fold4.parquet,175412,9b1772de779b8710974107a670dff93e32bf25c878a5f96bd23fcb292c3308e1,frozen_baseline,Stage 0-6 verified artifact,no
reports/stage5/checkpoints_v2/xgboost__tree_plus_resident_population_raw_components__fold1.json,1066,2a7d9b75bb40dc7c8a7e1efd6700b248e0c04f9e8cd1573d6094907128d13c5c,frozen_baseline,Stage 0-6 verified artifact,no
reports/stage5/checkpoints_v2/xgboost__tree_plus_resident_population_raw_components__fold1.parquet,176639,eecf40464f3ffe742411491d793c1a1d5c8909ae09d2eddf6c9a4f44945b9c0e,frozen_baseline,Stage 0-6 verified artifact,no
reports/stage5/checkpoints_v2/xgboost__tree_plus_resident_population_raw_components__fold2.json,1069,dee1285b7fba21fb56dc538c34371e921bc7b7fbf207ee343d2d79bd44780fe9,frozen_baseline,Stage 0-6 verified artifact,no
reports/stage5/checkpoints_v2/xgboost__tree_plus_resident_population_raw_components__fold2.parquet,176838,02699b3251008c4639203b149908c4ec3f858ae07d7a332e55d557279d4cb923,frozen_baseline,Stage 0-6 verified artifact,no
reports/stage5/checkpoints_v2/xgboost__tree_plus_resident_population_raw_components__fold3.json,1066,ac87ab2ec905f31c5fb9ba6e9735d8b35dccf9d76e98a85640decbaba028080b,frozen_baseline,Stage 0-6 verified artifact,no
reports/stage5/checkpoints_v2/xgboost__tree_plus_resident_population_raw_components__fold3.parquet,176147,0aeb9989a8c43e76e316460b4f1828011b0281779fb3fac728c76ee55d694d47,frozen_baseline,Stage 0-6 verified artifact,no
reports/stage5/checkpoints_v2/xgboost__tree_plus_resident_population_raw_components__fold4.json,1066,45dae4252f71379eee9ed03cd38dba883cff62459c0afbe5b6e9efc24551c28c,frozen_baseline,Stage 0-6 verified artifact,no
reports/stage5/checkpoints_v2/xgboost__tree_plus_resident_population_raw_components__fold4.parquet,175396,fe6db4be466cccd556f5b5fda051d6da9fd7ce353c0cd0ff33cb9142a3d3d283,frozen_baseline,Stage 0-6 verified artifact,no
reports/stage5/checkpoints_v2/xgboost__tree_plus_sales_amount_raw_components__fold1.json,1050,1130d750411400cb7ba01677fa00af3a75b0c4b23ed73f8045ea35cb08c133bd,frozen_baseline,Stage 0-6 verified artifact,no
reports/stage5/checkpoints_v2/xgboost__tree_plus_sales_amount_raw_components__fold1.parquet,177114,524bd402549796b842734ce1721f7cd1d05de3054749e61d731902e732c09219,frozen_baseline,Stage 0-6 verified artifact,no
reports/stage5/checkpoints_v2/xgboost__tree_plus_sales_amount_raw_components__fold2.json,1048,1485bd8fa29e5005d6eb772e1d2d62b5d5b3fd41226b95b0e8aacf7b5f4c3f56,frozen_baseline,Stage 0-6 verified artifact,no
reports/stage5/checkpoints_v2/xgboost__tree_plus_sales_amount_raw_components__fold2.parquet,176740,e2f104ee257292449cfbb5c94664525589bd251f559cbdf596a081c78ce23429,frozen_baseline,Stage 0-6 verified artifact,no
reports/stage5/checkpoints_v2/xgboost__tree_plus_sales_amount_raw_components__fold3.json,1047,8bb1dad2acb4e72f63fe82f10f6b2144706a1950633fed41998be019e6810707,frozen_baseline,Stage 0-6 verified artifact,no
reports/stage5/checkpoints_v2/xgboost__tree_plus_sales_amount_raw_components__fold3.parquet,176090,c7737dcee2d12a4e6a25eeacb2222a55cd07364dddc4d378c055e53c594b3d36,frozen_baseline,Stage 0-6 verified artifact,no
reports/stage5/checkpoints_v2/xgboost__tree_plus_sales_amount_raw_components__fold4.json,1045,a142115b52d8eb310c03109bdabeb78728aa4009aba8ccc565c687442233fc08,frozen_baseline,Stage 0-6 verified artifact,no
reports/stage5/checkpoints_v2/xgboost__tree_plus_sales_amount_raw_components__fold4.parquet,174690,56a1335aea74aab60a360f1fc6a57cfa2b2861e37dc51739b46c591aabab59c0,frozen_baseline,Stage 0-6 verified artifact,no
reports/stage5/checkpoints_v2/xgboost__tree_plus_transaction_count_raw_components__fold1.json,1065,78bb59814bc8b110dd40db10eb82cc737f1b0eea220ff615eddcabac29830b7b,frozen_baseline,Stage 0-6 verified artifact,no
reports/stage5/checkpoints_v2/xgboost__tree_plus_transaction_count_raw_components__fold1.parquet,177205,3936a12d33d1bf1bbf92baea1e70ac02882bc87df5804f95cd69142841f8ef9b,frozen_baseline,Stage 0-6 verified artifact,no
reports/stage5/checkpoints_v2/xgboost__tree_plus_transaction_count_raw_components__fold2.json,1061,477c6b8b8eafd94ee9511e0e1a3c1e3a58d3fd417cdaf9deb9630e93ef627161,frozen_baseline,Stage 0-6 verified artifact,no
reports/stage5/checkpoints_v2/xgboost__tree_plus_transaction_count_raw_components__fold2.parquet,176873,2c33f52a9b9c16fdd35cfac637199a9c027ead56050e00e578148de850f4e70f,frozen_baseline,Stage 0-6 verified artifact,no
reports/stage5/checkpoints_v2/xgboost__tree_plus_transaction_count_raw_components__fold3.json,1061,b84b1d954f29a12f87e781dba610a51d3d12b4930d0fd01a9ac97dde8421c9ad,frozen_baseline,Stage 0-6 verified artifact,no
reports/stage5/checkpoints_v2/xgboost__tree_plus_transaction_count_raw_components__fold3.parquet,176168,c05ab2c263a6c5d64601c6c6a6e206c055fa6ff4bee7216de73b3d0da0321f98,frozen_baseline,Stage 0-6 verified artifact,no
reports/stage5/checkpoints_v2/xgboost__tree_plus_transaction_count_raw_components__fold4.json,1063,0331ff8369501b545ec0dc6de039babaa571fad2a11d4c0d33ace03e62fab701,frozen_baseline,Stage 0-6 verified artifact,no
reports/stage5/checkpoints_v2/xgboost__tree_plus_transaction_count_raw_components__fold4.parquet,175322,afcda9cb76dbf3f6559f2b1f727bd51e2289502fc29e02d6e6d150c4992bc65d,frozen_baseline,Stage 0-6 verified artifact,no
reports/stage5/checkpoints_v2/xgboost__tree_plus_worker_population_raw_components__fold1.json,1060,e5f2195c48d675cba7ccfbb0d0e0a60c11156216a50403ad0cbfcb37f35b905a,frozen_baseline,Stage 0-6 verified artifact,no
reports/stage5/checkpoints_v2/xgboost__tree_plus_worker_population_raw_components__fold1.parquet,177189,9c802c7e27c0799c7733faf6538b880866e3cd032498cc264501034a432296e7,frozen_baseline,Stage 0-6 verified artifact,no
reports/stage5/checkpoints_v2/xgboost__tree_plus_worker_population_raw_components__fold2.json,1063,e9626d0814f5801cc9710ba03cd7c6f8e02fa506cfa2f4dbd0e90a64be52c806,frozen_baseline,Stage 0-6 verified artifact,no
reports/stage5/checkpoints_v2/xgboost__tree_plus_worker_population_raw_components__fold2.parquet,176807,a1f66a51b9da66a5ce997c57b78602da4a41788cf29a15f148dc9f7bd70e1f2f,frozen_baseline,Stage 0-6 verified artifact,no
reports/stage5/checkpoints_v2/xgboost__tree_plus_worker_population_raw_components__fold3.json,1064,2b21aae33756ce6b182265f3f90cf822765721bce738605fa39cbf29f3918559,frozen_baseline,Stage 0-6 verified artifact,no
reports/stage5/checkpoints_v2/xgboost__tree_plus_worker_population_raw_components__fold3.parquet,176114,0b369b0820a751f5509960a2dd56b8b6b7ac296a343340e4e614ee616d513e88,frozen_baseline,Stage 0-6 verified artifact,no
reports/stage5/checkpoints_v2/xgboost__tree_plus_worker_population_raw_components__fold4.json,1063,d7d730a002ce989ffe912c0c41eba0a52a28401ff62d44aa9ae940e98d40d879,frozen_baseline,Stage 0-6 verified artifact,no
reports/stage5/checkpoints_v2/xgboost__tree_plus_worker_population_raw_components__fold4.parquet,175400,440202e70f51bdfd3b8f046ea3d300c8a20f3edad457327826ebc4c398c78980,frozen_baseline,Stage 0-6 verified artifact,no
reports/stage5/ensemble_checkpoints/inner__outer1__period20231__catboost__trial18.json,1559,449218c5a78970cbf04efc2012a75e194846308cf4688db8bc36d5cf747e7c37,frozen_baseline,Stage 0-6 verified artifact,no
reports/stage5/ensemble_checkpoints/inner__outer1__period20231__catboost__trial18.parquet,174685,0517e15c58e6ee3d853ff147c62bda772683398e3e8a594cf0cb62ac45eda767,frozen_baseline,Stage 0-6 verified artifact,no
reports/stage5/ensemble_checkpoints/inner__outer1__period20231__lightgbm__trial10.json,1593,3500072ab377ccbd079842cee4a186f602547d3867871a6f3dd515db1d484bd1,frozen_baseline,Stage 0-6 verified artifact,no
reports/stage5/ensemble_checkpoints/inner__outer1__period20231__lightgbm__trial10.parquet,175164,7ab65ce735bcb07a117bf800da789e8d971f820fc93e7934dd595b1c5b0f796d,frozen_baseline,Stage 0-6 verified artifact,no
reports/stage5/ensemble_checkpoints/inner__outer1__period20231__xgboost__trial16.json,1640,57f74eb3cf9872b453d21d9e993e7656b6bd5f1718b6d2bfd4c2667bc26a5962,frozen_baseline,Stage 0-6 verified artifact,no
reports/stage5/ensemble_checkpoints/inner__outer1__period20231__xgboost__trial16.parquet,175058,a4956af08bf27e996c178eef47a0d955d64a45cad45aa98662eb9f34ac5a1c4e,frozen_baseline,Stage 0-6 verified artifact,no
reports/stage5/ensemble_checkpoints/inner__outer1__period20232__catboost__trial18.json,1558,ea08f6ef9204b8918739d6ee10f1f7d814ca026f0b26391d1564b553569420e2,frozen_baseline,Stage 0-6 verified artifact,no
reports/stage5/ensemble_checkpoints/inner__outer1__period20232__catboost__trial18.parquet,174486,0a6e8ecccfa4b8a9c2595967bff2b5e09d6642e0650824d4645274dbfd140bae,frozen_baseline,Stage 0-6 verified artifact,no
reports/stage5/ensemble_checkpoints/inner__outer1__period20232__lightgbm__trial10.json,1595,3bbb8a3a30a5cc1274f729736d623d07393d2fd4330f69f10d888d18bea54525,frozen_baseline,Stage 0-6 verified artifact,no
reports/stage5/ensemble_checkpoints/inner__outer1__period20232__lightgbm__trial10.parquet,174451,bb767d7acec8c552783b84a756a77c57894699c39db37c8467ddb36a18a33141,frozen_baseline,Stage 0-6 verified artifact,no
reports/stage5/ensemble_checkpoints/inner__outer1__period20232__xgboost__trial16.json,1640,1fe84ac6d99a9e262cf8d650c59ded807ec6584b708d02f490a5255f03d1adda,frozen_baseline,Stage 0-6 verified artifact,no
reports/stage5/ensemble_checkpoints/inner__outer1__period20232__xgboost__trial16.parquet,175155,73092bcc82084d9cc82fc2554668b464f3cf0dc6b8f0de396855d3d941a7567a,frozen_baseline,Stage 0-6 verified artifact,no
reports/stage5/ensemble_checkpoints/inner__outer1__period20233__catboost__trial18.json,1556,b8902323a9ed91ab0adb5db6c8a6be9628dfff20a17e3a8ae6035b26f0a1d8ce,frozen_baseline,Stage 0-6 verified artifact,no
reports/stage5/ensemble_checkpoints/inner__outer1__period20233__catboost__trial18.parquet,174755,7eb8bcd20592024530f3cc7be24a39f9f2b606d2db14c16ae3593930767eb55c,frozen_baseline,Stage 0-6 verified artifact,no
reports/stage5/ensemble_checkpoints/inner__outer1__period20233__lightgbm__trial10.json,1594,f25a43182b01b42104f210badfa722a5c98f201c84e675e47fea9b1e642cdd33,frozen_baseline,Stage 0-6 verified artifact,no
reports/stage5/ensemble_checkpoints/inner__outer1__period20233__lightgbm__trial10.parquet,173713,6c397def6ed9243e3b261694757001d0d9c7170cf9f92ec38eccf00e81e43ece,frozen_baseline,Stage 0-6 verified artifact,no
reports/stage5/ensemble_checkpoints/inner__outer1__period20233__xgboost__trial16.json,1640,5b9b2accc78a0a1012524de727e606d2ca64df2e52836c1ebc38723b6d7af1a5,frozen_baseline,Stage 0-6 verified artifact,no
reports/stage5/ensemble_checkpoints/inner__outer1__period20233__xgboost__trial16.parquet,174587,a8ee40ee758a5a83478100e5fb5290d4f70b8c0e3af6863fd342fcce365d348b,frozen_baseline,Stage 0-6 verified artifact,no
reports/stage5/ensemble_checkpoints/inner__outer2__period20232__catboost__trial18.json,1558,9eb8267bd531cc219c9277a8ca42cc86285e2a7b354df5521b3ecbc534a07a3e,frozen_baseline,Stage 0-6 verified artifact,no
reports/stage5/ensemble_checkpoints/inner__outer2__period20232__catboost__trial18.parquet,174486,0a6e8ecccfa4b8a9c2595967bff2b5e09d6642e0650824d4645274dbfd140bae,frozen_baseline,Stage 0-6 verified artifact,no
reports/stage5/ensemble_checkpoints/inner__outer2__period20232__lightgbm__trial10.json,1595,e0e8fb3723ff6a6757628e867d92c6d7c3de207bc3c4c1ad962d472a44d8887c,frozen_baseline,Stage 0-6 verified artifact,no
reports/stage5/ensemble_checkpoints/inner__outer2__period20232__lightgbm__trial10.parquet,174451,bb767d7acec8c552783b84a756a77c57894699c39db37c8467ddb36a18a33141,frozen_baseline,Stage 0-6 verified artifact,no
reports/stage5/ensemble_checkpoints/inner__outer2__period20232__xgboost__trial16.json,1641,3dca777170badf3bab0c05442b90cdfb17ea7ec6b8fca1ad5dff33597c84f9d9,frozen_baseline,Stage 0-6 verified artifact,no
reports/stage5/ensemble_checkpoints/inner__outer2__period20232__xgboost__trial16.parquet,175155,73092bcc82084d9cc82fc2554668b464f3cf0dc6b8f0de396855d3d941a7567a,frozen_baseline,Stage 0-6 verified artifact,no
reports/stage5/ensemble_checkpoints/inner__outer2__period20233__catboost__trial18.json,1555,d53baecce55c265b85f80fe29bdd5d9d81830c3d39f8bff2b3e44b5a94b0fa76,frozen_baseline,Stage 0-6 verified artifact,no
reports/stage5/ensemble_checkpoints/inner__outer2__period20233__catboost__trial18.parquet,174755,7eb8bcd20592024530f3cc7be24a39f9f2b606d2db14c16ae3593930767eb55c,frozen_baseline,Stage 0-6 verified artifact,no
reports/stage5/ensemble_checkpoints/inner__outer2__period20233__lightgbm__trial10.json,1592,137ec1401767b5f3463cb17b3dc2490c0655324a4cbd98082424a67bf49a0a05,frozen_baseline,Stage 0-6 verified artifact,no
reports/stage5/ensemble_checkpoints/inner__outer2__period20233__lightgbm__trial10.parquet,173713,6c397def6ed9243e3b261694757001d0d9c7170cf9f92ec38eccf00e81e43ece,frozen_baseline,Stage 0-6 verified artifact,no
reports/stage5/ensemble_checkpoints/inner__outer2__period20233__xgboost__trial16.json,1641,0c632716b6df7b2c3997b97a2684c339ec115ca8d75c16debbde1f956c6c3ea5,frozen_baseline,Stage 0-6 verified artifact,no
reports/stage5/ensemble_checkpoints/inner__outer2__period20233__xgboost__trial16.parquet,174587,a8ee40ee758a5a83478100e5fb5290d4f70b8c0e3af6863fd342fcce365d348b,frozen_baseline,Stage 0-6 verified artifact,no
reports/stage5/ensemble_checkpoints/inner__outer2__period20234__catboost__trial18.json,1557,6ca0efced39307000dac4d0a74425c80b058553d10c5ff96a551b74e2ca6bb5f,frozen_baseline,Stage 0-6 verified artifact,no
reports/stage5/ensemble_checkpoints/inner__outer2__period20234__catboost__trial18.parquet,174610,a99b67e53c3c0d6bc213fc5d211827193a4ffeeb65ef196eed81829d54d4387c,frozen_baseline,Stage 0-6 verified artifact,no
reports/stage5/ensemble_checkpoints/inner__outer2__period20234__lightgbm__trial10.json,1595,142db60d44079b4881ca29a8a58239623a9ac295816b53a159cc4d8dd5eca3c1,frozen_baseline,Stage 0-6 verified artifact,no
reports/stage5/ensemble_checkpoints/inner__outer2__period20234__lightgbm__trial10.parquet,173977,c7fcb03ad436da9111fded491a48147472db74238d11380ceab0e537dfd93a64,frozen_baseline,Stage 0-6 verified artifact,no
reports/stage5/ensemble_checkpoints/inner__outer2__period20234__xgboost__trial16.json,1641,a15ee382e28b5836787163965bf5b7bafec1333ecbbf7f4a0f4d98a041bcd00a,frozen_baseline,Stage 0-6 verified artifact,no
reports/stage5/ensemble_checkpoints/inner__outer2__period20234__xgboost__trial16.parquet,174548,f5d79dc958c6be5b03756ad221661509fe8509d24002686d50a1dbf34881a185,frozen_baseline,Stage 0-6 verified artifact,no
reports/stage5/ensemble_checkpoints/inner__outer3__period20233__catboost__trial18.json,1555,64c7b2d03c7e4e1063a166605dd29f2b49891a7a62ffd9f69385b174e35558d6,frozen_baseline,Stage 0-6 verified artifact,no
reports/stage5/ensemble_checkpoints/inner__outer3__period20233__catboost__trial18.parquet,174755,7eb8bcd20592024530f3cc7be24a39f9f2b606d2db14c16ae3593930767eb55c,frozen_baseline,Stage 0-6 verified artifact,no
reports/stage5/ensemble_checkpoints/inner__outer3__period20233__lightgbm__trial10.json,1594,2ae7e1b9e3f437ea85266f135cccfae7a092b45c584bf538f800de8873ecb309,frozen_baseline,Stage 0-6 verified artifact,no
reports/stage5/ensemble_checkpoints/inner__outer3__period20233__lightgbm__trial10.parquet,173713,6c397def6ed9243e3b261694757001d0d9c7170cf9f92ec38eccf00e81e43ece,frozen_baseline,Stage 0-6 verified artifact,no
reports/stage5/ensemble_checkpoints/inner__outer3__period20233__xgboost__trial16.json,1640,44fabd341ba4ea04c6004b331feab9793f010383c045668ece646e26ec72bc26,frozen_baseline,Stage 0-6 verified artifact,no
reports/stage5/ensemble_checkpoints/inner__outer3__period20233__xgboost__trial16.parquet,174587,a8ee40ee758a5a83478100e5fb5290d4f70b8c0e3af6863fd342fcce365d348b,frozen_baseline,Stage 0-6 verified artifact,no
reports/stage5/ensemble_checkpoints/inner__outer3__period20234__catboost__trial18.json,1557,5dac6cf52c70a65622619f85b6962756ac5e99c46dff2bf29922527ef6b72988,frozen_baseline,Stage 0-6 verified artifact,no
reports/stage5/ensemble_checkpoints/inner__outer3__period20234__catboost__trial18.parquet,174610,a99b67e53c3c0d6bc213fc5d211827193a4ffeeb65ef196eed81829d54d4387c,frozen_baseline,Stage 0-6 verified artifact,no
reports/stage5/ensemble_checkpoints/inner__outer3__period20234__lightgbm__trial10.json,1595,ffb3416eee18bf25e14a79b00aeab5958939cc80b028d764e9bed84bc49bdab8,frozen_baseline,Stage 0-6 verified artifact,no
reports/stage5/ensemble_checkpoints/inner__outer3__period20234__lightgbm__trial10.parquet,173977,c7fcb03ad436da9111fded491a48147472db74238d11380ceab0e537dfd93a64,frozen_baseline,Stage 0-6 verified artifact,no
reports/stage5/ensemble_checkpoints/inner__outer3__period20234__xgboost__trial16.json,1641,55cd3670f1765b7b1959f1d38e41559c503b3146f2cfedd014300b610d97843a,frozen_baseline,Stage 0-6 verified artifact,no
reports/stage5/ensemble_checkpoints/inner__outer3__period20234__xgboost__trial16.parquet,174548,f5d79dc958c6be5b03756ad221661509fe8509d24002686d50a1dbf34881a185,frozen_baseline,Stage 0-6 verified artifact,no
reports/stage5/ensemble_checkpoints/inner__outer3__period20241__catboost__trial18.json,1561,64cb7827bb67cbe1dfbd8b9dd0bce562983246fff702741f62d121f66380a185,frozen_baseline,Stage 0-6 verified artifact,no
reports/stage5/ensemble_checkpoints/inner__outer3__period20241__catboost__trial18.parquet,173422,288f8aadd3cf6ff243e2346b839f282b1c190078d665e7374cbad1a0a073f2dc,frozen_baseline,Stage 0-6 verified artifact,no
reports/stage5/ensemble_checkpoints/inner__outer3__period20241__lightgbm__trial10.json,1579,9d758af75feccfd0dc1d1c372737094613c0fd4ab0e3d3c30f6422b58c24496b,frozen_baseline,Stage 0-6 verified artifact,no
reports/stage5/ensemble_checkpoints/inner__outer3__period20241__lightgbm__trial10.parquet,173497,d478e64d703d579b32feff5eebe08021949bcb86d4afb53dcd7d512d7b9ee9fb,frozen_baseline,Stage 0-6 verified artifact,no
reports/stage5/ensemble_checkpoints/inner__outer3__period20241__xgboost__trial16.json,1639,024473cca88cd3c653072f4ed7405b1b499bfab7c488bf2008446e90186bb07a,frozen_baseline,Stage 0-6 verified artifact,no
reports/stage5/ensemble_checkpoints/inner__outer3__period20241__xgboost__trial16.parquet,174247,3e6c236836dcd21f948d246d00fcb03a31fea60cc6f5dbee964b0bb76af7d9ea,frozen_baseline,Stage 0-6 verified artifact,no
reports/stage5/ensemble_checkpoints/inner__outer4__period20234__catboost__trial18.json,1557,f0844e00c35dd5f00b01bd55badd1654e2bf9c2963bb2f54183e786312a572a9,frozen_baseline,Stage 0-6 verified artifact,no
reports/stage5/ensemble_checkpoints/inner__outer4__period20234__catboost__trial18.parquet,174610,a99b67e53c3c0d6bc213fc5d211827193a4ffeeb65ef196eed81829d54d4387c,frozen_baseline,Stage 0-6 verified artifact,no
reports/stage5/ensemble_checkpoints/inner__outer4__period20234__lightgbm__trial10.json,1595,23bc371102544992930850774b8cda91ddcf759fafda28d67c771f9ecc188bdf,frozen_baseline,Stage 0-6 verified artifact,no
reports/stage5/ensemble_checkpoints/inner__outer4__period20234__lightgbm__trial10.parquet,173977,c7fcb03ad436da9111fded491a48147472db74238d11380ceab0e537dfd93a64,frozen_baseline,Stage 0-6 verified artifact,no
reports/stage5/ensemble_checkpoints/inner__outer4__period20234__xgboost__trial16.json,1642,87b5fd16c3ad053d61e55142cb80d8c61f3827ce1d5ffaf37446b5c921c9a587,frozen_baseline,Stage 0-6 verified artifact,no
reports/stage5/ensemble_checkpoints/inner__outer4__period20234__xgboost__trial16.parquet,174548,f5d79dc958c6be5b03756ad221661509fe8509d24002686d50a1dbf34881a185,frozen_baseline,Stage 0-6 verified artifact,no
reports/stage5/ensemble_checkpoints/inner__outer4__period20241__catboost__trial18.json,1561,c526e2961f7e03d262c189407c8e824c8c1727226d97551cd26ffbf07353d41b,frozen_baseline,Stage 0-6 verified artifact,no
reports/stage5/ensemble_checkpoints/inner__outer4__period20241__catboost__trial18.parquet,173422,288f8aadd3cf6ff243e2346b839f282b1c190078d665e7374cbad1a0a073f2dc,frozen_baseline,Stage 0-6 verified artifact,no
reports/stage5/ensemble_checkpoints/inner__outer4__period20241__lightgbm__trial10.json,1579,638e3b47c8373bc560fe4508419eedf91a08b965ba76f06de9a02b60e9085c65,frozen_baseline,Stage 0-6 verified artifact,no
reports/stage5/ensemble_checkpoints/inner__outer4__period20241__lightgbm__trial10.parquet,173497,d478e64d703d579b32feff5eebe08021949bcb86d4afb53dcd7d512d7b9ee9fb,frozen_baseline,Stage 0-6 verified artifact,no
reports/stage5/ensemble_checkpoints/inner__outer4__period20241__xgboost__trial16.json,1640,d7060973b06922a870ae364c2dcd4fb019517ef5711bfbae5d3ca38a846cdca5,frozen_baseline,Stage 0-6 verified artifact,no
reports/stage5/ensemble_checkpoints/inner__outer4__period20241__xgboost__trial16.parquet,174247,3e6c236836dcd21f948d246d00fcb03a31fea60cc6f5dbee964b0bb76af7d9ea,frozen_baseline,Stage 0-6 verified artifact,no
reports/stage5/ensemble_checkpoints/inner__outer4__period20242__catboost__trial18.json,1560,0d5c8bf65da83305a5136c7cda73564e2f8f69e05a18b2253d7ef94a0e23d7f2,frozen_baseline,Stage 0-6 verified artifact,no
reports/stage5/ensemble_checkpoints/inner__outer4__period20242__catboost__trial18.parquet,173753,f95510abf5161cd15efc904102a9ce7e86d8db8360c47df6f80e50da95250746,frozen_baseline,Stage 0-6 verified artifact,no
reports/stage5/ensemble_checkpoints/inner__outer4__period20242__lightgbm__trial10.json,1591,d9e94fc3dd9ada80cdd4df90c72b9b1701f5ed0bc55372157f99154f4fc589b2,frozen_baseline,Stage 0-6 verified artifact,no
reports/stage5/ensemble_checkpoints/inner__outer4__period20242__lightgbm__trial10.parquet,173144,ec66ca0e926410e0c46f8ac14eb82482bea9aaad4723c2afe8dfcf4205c2976c,frozen_baseline,Stage 0-6 verified artifact,no
reports/stage5/ensemble_checkpoints/inner__outer4__period20242__xgboost__trial16.json,1640,8af8e8bc6f86ccec1e239b598179b8ad8630a7984e16fffe0ec7f4e31b5e311a,frozen_baseline,Stage 0-6 verified artifact,no
reports/stage5/ensemble_checkpoints/inner__outer4__period20242__xgboost__trial16.parquet,173816,91f11945127f85e7817f59b2e5975ebb5ab27a82bc603be68093631fc363c3fa,frozen_baseline,Stage 0-6 verified artifact,no
reports/stage5/ensemble_checkpoints/outer__fold1__catboost__trial18.json,1559,b6cafaa97a36be84d02554d3cc5e35f2eb96cd5bec9c05a46deaf4e1382b56ce,frozen_baseline,Stage 0-6 verified artifact,no
reports/stage5/ensemble_checkpoints/outer__fold1__catboost__trial18.parquet,173422,288f8aadd3cf6ff243e2346b839f282b1c190078d665e7374cbad1a0a073f2dc,frozen_baseline,Stage 0-6 verified artifact,no
reports/stage5/ensemble_checkpoints/outer__fold1__lightgbm__trial10.json,1577,e1224c6587be4d4c75ddc4be5cf58142eb2ae5ef9313cc6c1e91645da55e8ce6,frozen_baseline,Stage 0-6 verified artifact,no
reports/stage5/ensemble_checkpoints/outer__fold1__lightgbm__trial10.parquet,173497,d478e64d703d579b32feff5eebe08021949bcb86d4afb53dcd7d512d7b9ee9fb,frozen_baseline,Stage 0-6 verified artifact,no
reports/stage5/ensemble_checkpoints/outer__fold1__soft_voting_equal.json,1192,d65620befeaa9d0cc55b8c0bc61860e0c82994fb875608ed194f188394296288,frozen_baseline,Stage 0-6 verified artifact,no
reports/stage5/ensemble_checkpoints/outer__fold1__soft_voting_equal.parquet,173937,c32398ff8761870c2ebab5280e5723106adb5771ac9c05b3672ddf8dcd24ef5c,frozen_baseline,Stage 0-6 verified artifact,no
reports/stage5/ensemble_checkpoints/outer__fold1__stacking_nested_logistic.json,1412,8402777b482a7de00eae551c997bd184c47f927fc08a55e2d8e0c0ee913824de,frozen_baseline,Stage 0-6 verified artifact,no
reports/stage5/ensemble_checkpoints/outer__fold1__stacking_nested_logistic.parquet,173262,dc6273f54900298bd41825a71176aaa5a50ce8999c6e88addf57b91732be5942,frozen_baseline,Stage 0-6 verified artifact,no
reports/stage5/ensemble_checkpoints/outer__fold1__xgboost__trial16.json,1638,68b98bf9c41b48ebe70e3ea32ccf0c48b7f1cc807df54de7dbbfa269997dc7a9,frozen_baseline,Stage 0-6 verified artifact,no
reports/stage5/ensemble_checkpoints/outer__fold1__xgboost__trial16.parquet,174247,3e6c236836dcd21f948d246d00fcb03a31fea60cc6f5dbee964b0bb76af7d9ea,frozen_baseline,Stage 0-6 verified artifact,no
reports/stage5/ensemble_checkpoints/outer__fold2__catboost__trial18.json,1559,b9f78961cc934caca63fb8c66064c9d261b5a88021d22feece6d32c409d44237,frozen_baseline,Stage 0-6 verified artifact,no
reports/stage5/ensemble_checkpoints/outer__fold2__catboost__trial18.parquet,173753,f95510abf5161cd15efc904102a9ce7e86d8db8360c47df6f80e50da95250746,frozen_baseline,Stage 0-6 verified artifact,no
reports/stage5/ensemble_checkpoints/outer__fold2__lightgbm__trial10.json,1592,4a99c5ff68b7c3a7b90ff68b90bb5d628fc52d21cc7764d29df0547c0bf78d64,frozen_baseline,Stage 0-6 verified artifact,no
reports/stage5/ensemble_checkpoints/outer__fold2__lightgbm__trial10.parquet,173144,ec66ca0e926410e0c46f8ac14eb82482bea9aaad4723c2afe8dfcf4205c2976c,frozen_baseline,Stage 0-6 verified artifact,no
reports/stage5/ensemble_checkpoints/outer__fold2__soft_voting_equal.json,1188,b3f9e45b6a80b418ccdb159916d8ffba4e595be885306db27dca5670d2ca293d,frozen_baseline,Stage 0-6 verified artifact,no
reports/stage5/ensemble_checkpoints/outer__fold2__soft_voting_equal.parquet,173468,1c4b70b65d3b2fa3dda180425b625a816f42d86176f63fac2a8102d85375d099,frozen_baseline,Stage 0-6 verified artifact,no
reports/stage5/ensemble_checkpoints/outer__fold2__stacking_nested_logistic.json,1408,f7cefadb98c065758de9a64e0b682d8418443b1a2f0b8831d3494b43397fbda0,frozen_baseline,Stage 0-6 verified artifact,no
reports/stage5/ensemble_checkpoints/outer__fold2__stacking_nested_logistic.parquet,172846,5b396262702270bd4c572b2618604f6522cb2e2ddacd872fcb1f059e1ea40214,frozen_baseline,Stage 0-6 verified artifact,no
reports/stage5/ensemble_checkpoints/outer__fold2__xgboost__trial16.json,1640,45b7d3b66812cce390b9d64d580ab36c2a7343ad5bd91735a5b8d56a37506e4e,frozen_baseline,Stage 0-6 verified artifact,no
reports/stage5/ensemble_checkpoints/outer__fold2__xgboost__trial16.parquet,173816,91f11945127f85e7817f59b2e5975ebb5ab27a82bc603be68093631fc363c3fa,frozen_baseline,Stage 0-6 verified artifact,no
reports/stage5/ensemble_checkpoints/outer__fold3__catboost__trial18.json,1557,39137217b72e6d332c6ac94f5dc2c14933b47edd635a0dadab6493e51c77ee53,frozen_baseline,Stage 0-6 verified artifact,no
reports/stage5/ensemble_checkpoints/outer__fold3__catboost__trial18.parquet,172536,4c4aedfbe368bf41c81b68b5377987d3bd580eb6a8bb1b77a8ae8b8fde325335,frozen_baseline,Stage 0-6 verified artifact,no
reports/stage5/ensemble_checkpoints/outer__fold3__lightgbm__trial10.json,1595,ae534f8f037167ad9fff57a79228f6765866b73494922afb79a05bc4a41eeb92,frozen_baseline,Stage 0-6 verified artifact,no
reports/stage5/ensemble_checkpoints/outer__fold3__lightgbm__trial10.parquet,173113,4218af6de026ec8d180017540cd3e1100e3c64a63160617fab67e47fd5783c52,frozen_baseline,Stage 0-6 verified artifact,no
reports/stage5/ensemble_checkpoints/outer__fold3__soft_voting_equal.json,1184,830071ad2bf2286a774f02e7924fb6af040048ba3f3fceebe7696253d1bebc37,frozen_baseline,Stage 0-6 verified artifact,no
reports/stage5/ensemble_checkpoints/outer__fold3__soft_voting_equal.parquet,172879,514cae3efcd397f97883d88e308bb69642ecca7665bf4f0942f95a3decfed63a,frozen_baseline,Stage 0-6 verified artifact,no
reports/stage5/ensemble_checkpoints/outer__fold3__stacking_nested_logistic.json,1408,c09140a091e18b861a9408177cac2085e46de5ba91f811629647027200287d16,frozen_baseline,Stage 0-6 verified artifact,no
reports/stage5/ensemble_checkpoints/outer__fold3__stacking_nested_logistic.parquet,172325,7e015efe6302323e5793ae6645092dbe5b7219d4266019a3e38558c4d8f45a7d,frozen_baseline,Stage 0-6 verified artifact,no
reports/stage5/ensemble_checkpoints/outer__fold3__xgboost__trial16.json,1638,4e561b055021e7c19a7d287e177512e6e05f37a69733f01fcf3fc90a6f2b33ab,frozen_baseline,Stage 0-6 verified artifact,no
reports/stage5/ensemble_checkpoints/outer__fold3__xgboost__trial16.parquet,173192,12fa7ca524b19ccbde7c7d3782ee17c0568884867cc670d6c4df1999c8860535,frozen_baseline,Stage 0-6 verified artifact,no
reports/stage5/ensemble_checkpoints/outer__fold4__catboost__trial18.json,1555,1d757ae20e4964a53c2dcb3b0baea23ebc6441574350bff831a1790da056548a,frozen_baseline,Stage 0-6 verified artifact,no
reports/stage5/ensemble_checkpoints/outer__fold4__catboost__trial18.parquet,171659,548e0f45039b70260e500de804a80e0750cb98aae00ed24c76215bc5d4a87a6f,frozen_baseline,Stage 0-6 verified artifact,no
reports/stage5/ensemble_checkpoints/outer__fold4__lightgbm__trial10.json,1592,a8a88f6447e47bec7679cf3667c3eb5769388aaa3da6c04fa917eb8caab114d2,frozen_baseline,Stage 0-6 verified artifact,no
reports/stage5/ensemble_checkpoints/outer__fold4__lightgbm__trial10.parquet,172354,3be36f8fa7c25fea5a30300a941d8b723cfa4023134fde048178d8ef3f67674a,frozen_baseline,Stage 0-6 verified artifact,no
reports/stage5/ensemble_checkpoints/outer__fold4__soft_voting_equal.json,1187,f70aa9b4b928756adc1a06660443572ea8161cd1d672a5e382174fb2a582eef7,frozen_baseline,Stage 0-6 verified artifact,no
reports/stage5/ensemble_checkpoints/outer__fold4__soft_voting_equal.parquet,172079,b933525d6776ba2f34427fef95af44d762ffbefdd9bc815fdedd99f4b7916959,frozen_baseline,Stage 0-6 verified artifact,no
reports/stage5/ensemble_checkpoints/outer__fold4__stacking_nested_logistic.json,1401,b7411ea19a5c45574524ce9b827b3b548b6c8b4b54be056786660ffb91981062,frozen_baseline,Stage 0-6 verified artifact,no
reports/stage5/ensemble_checkpoints/outer__fold4__stacking_nested_logistic.parquet,171833,d9371276d7f7decc5297abfa7144f9b5ff4a6659cad09f4c5933eb7ac9e5b04a,frozen_baseline,Stage 0-6 verified artifact,no
reports/stage5/ensemble_checkpoints/outer__fold4__xgboost__trial16.json,1640,11c0a2cc5545f9b874c8dc12933b34626e08602a18ee64bf321fd7ed18b229c9,frozen_baseline,Stage 0-6 verified artifact,no
reports/stage5/ensemble_checkpoints/outer__fold4__xgboost__trial16.parquet,171859,b3da31cecc2fe4a7bf44b5f8044c0a5a5bbd763f6835875c26d1ded50f9dfa43,frozen_baseline,Stage 0-6 verified artifact,no
reports/stage5/ensemble_progress.json,438,7044580cd71bf031b87b01ebb0faa43ff16da66df4f78a3eb9313b4f78a2afc3,frozen_baseline,Stage 0-6 verified artifact,no
reports/stage5/ensemble_run.log,18258,496ac61239fc730f85d4e3cc31d08b9ba4ce3a06ba36eefc09387a514708230a,frozen_baseline,Stage 0-6 verified artifact,no
reports/stage5/feature_sets.json,71723,8ca1b037485e34ae498f29154d5f8f2eed493bf76662ce1e30e84ffc186db48b,frozen_baseline,Stage 0-6 verified artifact,no
reports/stage5/final_2025_access.json,643,9bc15499834690254828fa18abcb8bf87ce2badfe61da8de9498f0a97724b2b8,frozen_baseline,Stage 0-6 verified artifact,no
reports/stage5/final_2025_manifest.json,1933,ce252b2dcffa692796e23027868597b98ecd8ac08f4565638ee74bb9bca1ba06,frozen_baseline,Stage 0-6 verified artifact,no
reports/stage5/final_2025_metrics.json,504,61e4548720c667458f56d8c6b7b1714b7f3f3419e79755bf36cfd95a0fb0113c,frozen_baseline,Stage 0-6 verified artifact,no
reports/stage5/final_2025_predictions.parquet,689531,9adfb885da505105eed62b72e271dee2b7f4d31e75afc65b36ac88524735b125,frozen_baseline,Stage 0-6 verified artifact,no
reports/stage5/final_2025_report.md,1340,80f8fcb472f7dbb6d9a87d7ce046f5b00f8aa5e90b8477d044e9007fddfb61e1,frozen_baseline,Stage 0-6 verified artifact,no
reports/stage5/final_2025_run.log,820,aa338f4dc2ef7adc470443cab59863a6a097dc23c24a8bb910bf0c4f02eca0ea,frozen_baseline,Stage 0-6 verified artifact,no
reports/stage5/full_comparison.md,6625,9a5a0154a901a6dae8639d8a4c85cf5c3fad88fd93327a4c843bbb26c1f78ebd,frozen_baseline,Stage 0-6 verified artifact,no
reports/stage5/full_fold_metrics.csv,62602,c9cc507da9789b1a0232b494df3d4af3c2ae9892d8c3d07fc5b20d7583acc6a2,frozen_baseline,Stage 0-6 verified artifact,no
reports/stage5/full_manifest.json,2886,8c4e39a378a7ff6f9e3810141c801be14f3ce879390b6252336481447c773f8c,frozen_baseline,Stage 0-6 verified artifact,no
reports/stage5/full_model_feature_summary.csv,37209,3043e64e2d8ad4185fd5fc155dcc260284d0fd9123d0cfaf533ec473f809ca2a,frozen_baseline,Stage 0-6 verified artifact,no
reports/stage5/full_oof_industry_metrics.csv,477654,400c64b5b3e742469b28d5cf421e90af2fde9ba49452186ad67f1e92207614f4,frozen_baseline,Stage 0-6 verified artifact,no
reports/stage5/full_oof_predictions.parquet,17280988,ca2ef21fb1c5abdc8c12a3dcda16fdebde568c064d09fb506a075717a007559f,frozen_baseline,Stage 0-6 verified artifact,no
reports/stage5/oof_ensemble_runbook.md,3582,0be09369591746718dd18ab13acf6d72c6a0777490e9bfed0f20c766e9e16384,frozen_baseline,Stage 0-6 verified artifact,no
reports/stage5/optuna_manifest.json,1226,f74e54e2d9d08b8a59e1323b5dab0bf4d584d6fb591558743523fabb0d5891aa,frozen_baseline,Stage 0-6 verified artifact,no
reports/stage5/optuna_pareto_trials.csv,5194,330267f3bb35910203d8cd25e49943feeb00c51217bf3d2282fc0ed9291fc8b4,frozen_baseline,Stage 0-6 verified artifact,no
reports/stage5/optuna_report.md,3367,b511310041fed14b2a965f5dcaad1a68c36db684c773ade2cb3636b2c1dd3033,frozen_baseline,Stage 0-6 verified artifact,no
reports/stage5/optuna_studies.db,311296,a1bdc564da3214cb6557a05019e879db0677b518ec4b8b8e374c90886875e813,frozen_baseline,Stage 0-6 verified artifact,no
reports/stage5/optuna_trials.csv,91935,77bf745fd8dcb80156f8d83d8e80b0ba1277ecc25fee67eac3bc69b5d7743acc,frozen_baseline,Stage 0-6 verified artifact,no
reports/stage5/selected_oof_fold_metrics.csv,7344,0e281dc120db795dd137255d90f7da158cd3cc0e8bb5b0b19b48c5da9d364de1,frozen_baseline,Stage 0-6 verified artifact,no
reports/stage5/selected_oof_industry_metrics.csv,65088,0b852d815b9a0e59e0090f13c99e19881494b0cf2d6dff2627d75b70e54503c5,frozen_baseline,Stage 0-6 verified artifact,no
reports/stage5/selected_oof_manifest.json,1506,2d70bd54301d291489451e59ba529ac2745dac7c562c3b587d95d89e3f3d6e10,frozen_baseline,Stage 0-6 verified artifact,no
reports/stage5/selected_oof_predictions.parquet,2933874,995dab03debbd23de8906dc75937a0553b7e4ecd537c8fa0aed09e1a0eec3f44,frozen_baseline,Stage 0-6 verified artifact,no
reports/stage5/selected_oof_report.md,2560,8012686886edb94db2b6dca25a4f40f32972bf13ef7318747b2bf34d437001f5,frozen_baseline,Stage 0-6 verified artifact,no
reports/stage5/selected_oof_summary.csv,1982,7d54c02f91bbfe0e12009ab0ab6e6a0dbd51feb89b264a12b483f9f436875a45,frozen_baseline,Stage 0-6 verified artifact,no
reports/stage6/area_catalog.csv,48929,b9cac0345dd0fd9a9da84481eafa115aed724121aa76e651ca4b49c1d78478a8,frozen_baseline,Stage 0-6 verified artifact,no
reports/stage6/global_feature_importance.csv,22334,d81a9125fcad69eb13f5a3d7d6572d6294d9693ced51196de256bf44dc4b8127,frozen_baseline,Stage 0-6 verified artifact,no
reports/stage6/industry_catalog.csv,1534,ddc90985e4cb77e7737992646b4c78c1f6e5971d7175aaa59f9856ffe19c202d,frozen_baseline,Stage 0-6 verified artifact,no
reports/stage6/stage6_manifest.json,1636,25d8b67e36a6410487d14ad87809ff88c26adb184208e40d524f394df22aedc5,frozen_baseline,Stage 0-6 verified artifact,no
reports/stage6/verification.md,3841,a7b73112c378aeecc2ec79ed6f877680e51a90780c5affde2303b7e292cdecb6,frozen_baseline,Stage 0-6 verified artifact,no
src/analysis/run_stage45_eda.py,48166,c02e3806e97b8251a4767596bc692d12498449dae738e576b8efd37e5999f4d7,frozen_reference,Stage 0-6 reproducibility reference,no
src/data/audit_raw_archives.py,11353,5aec10ade18fdf96cad8a49ba67f6bea3819a4852d4109fa0a0d90b221378867,frozen_reference,Stage 0-6 reproducibility reference,no
src/data/build_stage3_panel.py,32343,5df2bccf4578470835d4b1911fce05513d4837d46d9093d438da99cfef00a5ab,frozen_reference,Stage 0-6 reproducibility reference,no
src/data/build_stage4_dataset.py,20511,8bf2b3315dead2a9ea3a3cdfb665c1dfbccbdfc0f2928bfc57ee2190de9ecb4e,frozen_reference,Stage 0-6 reproducibility reference,no
src/data/run_stage2_quality.py,45743,fa1aa6432587b6de53a8ac3747db023b2e5809f83ba34966abe0b5b54cb5e9d6,frozen_reference,Stage 0-6 reproducibility reference,no
src/features/build_stage45_features.py,11710,e8ce7dd0b3c7582b67d17e69c52f743e1415ff11cfa5024364fe80c2cb1a05f0,frozen_reference,Stage 0-6 reproducibility reference,no
src/features/build_stage5_feature_sets.py,6185,57d2a4ecf9eb3901d0e80950495e2f5b118650cc2ac678c685b40f80c2a6d266,frozen_reference,Stage 0-6 reproducibility reference,no
src/models/build_stage6_reference.py,9495,ecaf0ab41600364d0789fb819b4205445cd34807b451cfda7b81c350b556a1cb,frozen_reference,Stage 0-6 reproducibility reference,no
src/models/run_stage5_base_comparison.py,36695,8c82bce74919ba6f08037fd32642814540327a5ad5305179c02eb9525c6839c6,frozen_reference,Stage 0-6 reproducibility reference,no
src/models/run_stage5_final_2025.py,30943,315bba501d0a2f20c6c0eb09e96ebb157f13d8c34b5af8f2226f6f871826c726,frozen_reference,Stage 0-6 reproducibility reference,no
src/models/run_stage5_oof_ensemble.py,37317,7c1083e4f1505c3140fc9107d7a7e0f8c30bcc14901983494d7f300f7cb99f74,frozen_reference,Stage 0-6 reproducibility reference,no
src/models/run_stage5_optuna.py,31468,2f38fed41bec8edac5ae518632c0a6d84ddf142673c65722216f1feb375ef1fa,frozen_reference,Stage 0-6 reproducibility reference,no
src/models/stage6_risk_service.py,17844,3b8d3d441cf876e732aa800176c3ec2805b65836502455bab39c09800775b53f,frozen_reference,Stage 0-6 reproducibility reference,no
src/settings.py,1003,7080cb675f0200fc00a8de14703ae3c62ce1b107d6a043eb225ae316e7ddbcd5,preserve_legacy_rebuild_later,Preserve original; do not use as the new service contract,no
tests/test_app.py,716,488e41956a69c15798c0cb3431cd335bfc17b72a6b6494ed14a3a77239735428,preserve_legacy_rebuild_later,Preserve original; do not use as the new service contract,no
tests/test_settings.py,523,60fb60ac03d2a1eb96c49ed1321fbf75d893ec25c80aefaca313bbce71de50b4,preserve_legacy_rebuild_later,Preserve original; do not use as the new service contract,no
