industry,industry_name,candidate,threshold,eligible_rows,positive_rows,positive_rate
CS100001,한식음식점,전년동기 대비 -5% 이하,-0.05,22317,6345,0.2843124075816642
CS100001,한식음식점,전년동기 대비 -10% 이하,-0.1,22317,4268,0.19124434287762693
CS100001,한식음식점,전체 하위 25%,-0.17390609669998308,22317,2351,0.10534570058699647
CS100001,한식음식점,전체 하위 30%,-0.1308751676746283,22317,3288,0.14733163059551016
CS100002,중식음식점,전년동기 대비 -5% 이하,-0.05,6756,2614,0.38691533451746596
CS100002,중식음식점,전년동기 대비 -10% 이하,-0.1,6756,1969,0.2914446417998816
CS100002,중식음식점,전체 하위 25%,-0.17390609669998308,6756,1249,0.1848727057430432
CS100002,중식음식점,전체 하위 30%,-0.1308751676746283,6756,1633,0.24171107164002367
CS100003,일식음식점,전년동기 대비 -5% 이하,-0.05,5180,2203,0.4252895752895753
CS100003,일식음식점,전년동기 대비 -10% 이하,-0.1,5180,1752,0.3382239382239382
CS100003,일식음식점,전체 하위 25%,-0.17390609669998308,5180,1200,0.23166023166023167
CS100003,일식음식점,전체 하위 30%,-0.1308751676746283,5180,1486,0.2868725868725869
CS100004,양식음식점,전년동기 대비 -5% 이하,-0.05,5159,2164,0.4194611358790463
CS100004,양식음식점,전년동기 대비 -10% 이하,-0.1,5159,1761,0.3413452219422369
CS100004,양식음식점,전체 하위 25%,-0.17390609669998308,5159,1239,0.24016282225237448
CS100004,양식음식점,전체 하위 30%,-0.1308751676746283,5159,1507,0.2921108742004264
CS100005,제과점,전년동기 대비 -5% 이하,-0.05,6488,2758,0.4250924784217016
CS100005,제과점,전년동기 대비 -10% 이하,-0.1,6488,1978,0.30487053020961774
CS100005,제과점,전체 하위 25%,-0.17390609669998308,6488,1198,0.1846485819975339
CS100005,제과점,전체 하위 30%,-0.1308751676746283,6488,1616,0.24907521578298397
CS100006,패스트푸드점,전년동기 대비 -5% 이하,-0.05,6298,3213,0.510161956176564
CS100006,패스트푸드점,전년동기 대비 -10% 이하,-0.1,6298,2630,0.4175928866306764
CS100006,패스트푸드점,전체 하위 25%,-0.17390609669998308,6298,1858,0.2950142902508733
CS100006,패스트푸드점,전체 하위 30%,-0.1308751676746283,6298,2294,0.36424261670371544
CS100007,치킨전문점,전년동기 대비 -5% 이하,-0.05,8618,4475,0.5192620097470411
CS100007,치킨전문점,전년동기 대비 -10% 이하,-0.1,8618,3796,0.44047342770944536
CS100007,치킨전문점,전체 하위 25%,-0.17390609669998308,8618,2819,0.327106057089812
CS100007,치킨전문점,전체 하위 30%,-0.1308751676746283,8618,3364,0.39034578788582036
CS100008,분식전문점,전년동기 대비 -5% 이하,-0.05,12291,5280,0.42958262143031484
CS100008,분식전문점,전년동기 대비 -10% 이하,-0.1,12291,4258,0.3464323488731592
CS100008,분식전문점,전체 하위 25%,-0.17390609669998308,12291,2987,0.24302335041900577
CS100008,분식전문점,전체 하위 30%,-0.1308751676746283,12291,3677,0.299161988446831
CS100009,호프-간이주점,전년동기 대비 -5% 이하,-0.05,14168,5714,0.40330321852060985
CS100009,호프-간이주점,전년동기 대비 -10% 이하,-0.1,14168,4769,0.33660361377752684
CS100009,호프-간이주점,전체 하위 25%,-0.17390609669998308,14168,3479,0.24555335968379446
CS100009,호프-간이주점,전체 하위 30%,-0.1308751676746283,14168,4202,0.296583850931677
CS100010,커피-음료,전년동기 대비 -5% 이하,-0.05,16689,6753,0.4046377853676074
CS100010,커피-음료,전년동기 대비 -10% 이하,-0.1,16689,5210,0.31218167655341844
CS100010,커피-음료,전체 하위 25%,-0.17390609669998308,16689,3435,0.20582419557792558
CS100010,커피-음료,전체 하위 30%,-0.1308751676746283,16689,4381,0.26250823895979386
CS200001,일반교습학원,전년동기 대비 -5% 이하,-0.05,9791,3692,0.3770809927484424
CS200001,일반교습학원,전년동기 대비 -10% 이하,-0.1,9791,3212,0.3280563783066081
CS200001,일반교습학원,전체 하위 25%,-0.17390609669998308,9791,2521,0.25748136043305075
CS200001,일반교습학원,전체 하위 30%,-0.1308751676746283,9791,2935,0.2997650903891329
CS200002,외국어학원,전년동기 대비 -5% 이하,-0.05,993,374,0.3766364551863041
CS200002,외국어학원,전년동기 대비 -10% 이하,-0.1,993,324,0.32628398791540786
CS200002,외국어학원,전체 하위 25%,-0.17390609669998308,993,246,0.24773413897280966
CS200002,외국어학원,전체 하위 30%,-0.1308751676746283,993,285,0.28700906344410876
CS200003,예술학원,전년동기 대비 -5% 이하,-0.05,7627,2982,0.3909794152353481
CS200003,예술학원,전년동기 대비 -10% 이하,-0.1,7627,2632,0.3450898125081946
CS200003,예술학원,전체 하위 25%,-0.17390609669998308,7627,2172,0.2847777632096499
CS200003,예술학원,전체 하위 30%,-0.1308751676746283,7627,2447,0.3208338796381277
CS200005,스포츠 강습,전년동기 대비 -5% 이하,-0.05,6995,2988,0.42716225875625446
CS200005,스포츠 강습,전년동기 대비 -10% 이하,-0.1,6995,2677,0.38270192994996427
CS200005,스포츠 강습,전체 하위 25%,-0.17390609669998308,6995,2215,0.3166547533952823
CS200005,스포츠 강습,전체 하위 30%,-0.1308751676746283,6995,2481,0.3546819156540386
CS200006,일반의원,전년동기 대비 -5% 이하,-0.05,8016,2097,0.2616017964071856
CS200006,일반의원,전년동기 대비 -10% 이하,-0.1,8016,1426,0.17789421157684632
CS200006,일반의원,전체 하위 25%,-0.17390609669998308,8016,784,0.09780439121756487
CS200006,일반의원,전체 하위 30%,-0.1308751676746283,8016,1124,0.14021956087824353
CS200007,치과의원,전년동기 대비 -5% 이하,-0.05,6031,2524,0.41850439396451666
CS200007,치과의원,전년동기 대비 -10% 이하,-0.1,6031,2003,0.33211739346708674
CS200007,치과의원,전체 하위 25%,-0.17390609669998308,6031,1341,0.2223511855413696
CS200007,치과의원,전체 하위 30%,-0.1308751676746283,6031,1729,0.2866854584645996
CS200008,한의원,전년동기 대비 -5% 이하,-0.05,4966,2259,0.45489327426500203
CS200008,한의원,전년동기 대비 -10% 이하,-0.1,4966,1896,0.38179621425694726
CS200008,한의원,전체 하위 25%,-0.17390609669998308,4966,1381,0.27809101892871524
CS200008,한의원,전체 하위 30%,-0.1308751676746283,4966,1671,0.3364881192106323
CS200016,당구장,전년동기 대비 -5% 이하,-0.05,5249,1763,0.3358734997142313
CS200016,당구장,전년동기 대비 -10% 이하,-0.1,5249,1492,0.28424461802248047
CS200016,당구장,전체 하위 25%,-0.17390609669998308,5249,1128,0.21489807582396647
CS200016,당구장,전체 하위 30%,-0.1308751676746283,5249,1334,0.2541436464088398
CS200017,골프연습장,전년동기 대비 -5% 이하,-0.05,2091,1109,0.5303682448589192
CS200017,골프연습장,전년동기 대비 -10% 이하,-0.1,2091,979,0.4681970349115256
CS200017,골프연습장,전체 하위 25%,-0.17390609669998308,2091,748,0.35772357723577236
CS200017,골프연습장,전체 하위 30%,-0.1308751676746283,2091,884,0.42276422764227645
CS200019,PC방,전년동기 대비 -5% 이하,-0.05,1907,903,0.4735186156266387
CS200019,PC방,전년동기 대비 -10% 이하,-0.1,1907,772,0.40482433141059254
CS200019,PC방,전체 하위 25%,-0.17390609669998308,1907,603,0.31620346093340324
CS200019,PC방,전체 하위 30%,-0.1308751676746283,1907,698,0.36601992658626115
CS200024,스포츠클럽,전년동기 대비 -5% 이하,-0.05,3396,1673,0.4926383981154299
CS200024,스포츠클럽,전년동기 대비 -10% 이하,-0.1,3396,1493,0.43963486454652534
CS200024,스포츠클럽,전체 하위 25%,-0.17390609669998308,3396,1232,0.3627797408716137
CS200024,스포츠클럽,전체 하위 30%,-0.1308751676746283,3396,1393,0.41018845700824497
CS200025,자동차수리,전년동기 대비 -5% 이하,-0.05,5899,2272,0.38515002542803867
CS200025,자동차수리,전년동기 대비 -10% 이하,-0.1,5899,1890,0.32039328699779623
CS200025,자동차수리,전체 하위 25%,-0.17390609669998308,5899,1380,0.2339379555856925
CS200025,자동차수리,전체 하위 30%,-0.1308751676746283,5899,1672,0.28343787082556365
CS200026,자동차미용,전년동기 대비 -5% 이하,-0.05,753,340,0.45152722443559096
CS200026,자동차미용,전년동기 대비 -10% 이하,-0.1,753,299,0.39707835325365204
CS200026,자동차미용,전체 하위 25%,-0.17390609669998308,753,238,0.3160690571049137
CS200026,자동차미용,전체 하위 30%,-0.1308751676746283,753,275,0.3652058432934927
CS200028,미용실,전년동기 대비 -5% 이하,-0.05,17581,7241,0.4118650816222058
CS200028,미용실,전년동기 대비 -10% 이하,-0.1,17581,5593,0.31812752403162503
CS200028,미용실,전체 하위 25%,-0.17390609669998308,17581,3597,0.20459587054206246
CS200028,미용실,전체 하위 30%,-0.1308751676746283,17581,4670,0.26562766623058987
CS200029,네일숍,전년동기 대비 -5% 이하,-0.05,4064,2009,0.4943405511811024
CS200029,네일숍,전년동기 대비 -10% 이하,-0.1,4064,1797,0.4421751968503937
CS200029,네일숍,전체 하위 25%,-0.17390609669998308,4064,1539,0.37869094488188976
CS200029,네일숍,전체 하위 30%,-0.1308751676746283,4064,1670,0.4109251968503937
CS200030,피부관리실,전년동기 대비 -5% 이하,-0.05,4870,2064,0.4238193018480493
CS200030,피부관리실,전년동기 대비 -10% 이하,-0.1,4870,1911,0.39240246406570845
CS200030,피부관리실,전체 하위 25%,-0.17390609669998308,4870,1662,0.3412731006160164
CS200030,피부관리실,전체 하위 30%,-0.1308751676746283,4870,1801,0.3698151950718686
CS200031,세탁소,전년동기 대비 -5% 이하,-0.05,6343,2177,0.3432129906984077
CS200031,세탁소,전년동기 대비 -10% 이하,-0.1,6343,1747,0.27542172473592935
CS200031,세탁소,전체 하위 25%,-0.17390609669998308,6343,1234,0.19454516790162385
CS200031,세탁소,전체 하위 30%,-0.1308751676746283,6343,1499,0.23632350622733722
CS200032,가전제품수리,전년동기 대비 -5% 이하,-0.05,753,336,0.44621513944223107
CS200032,가전제품수리,전년동기 대비 -10% 이하,-0.1,753,309,0.4103585657370518
CS200032,가전제품수리,전체 하위 25%,-0.17390609669998308,753,261,0.3466135458167331
CS200032,가전제품수리,전체 하위 30%,-0.1308751676746283,753,291,0.38645418326693226
CS200033,부동산중개업,전년동기 대비 -5% 이하,-0.05,319,135,0.4231974921630094
CS200033,부동산중개업,전년동기 대비 -10% 이하,-0.1,319,127,0.3981191222570533
CS200033,부동산중개업,전체 하위 25%,-0.17390609669998308,319,111,0.34796238244514105
CS200033,부동산중개업,전체 하위 30%,-0.1308751676746283,319,121,0.3793103448275862
CS200034,여관,전년동기 대비 -5% 이하,-0.05,2983,1565,0.5246396245390547
CS200034,여관,전년동기 대비 -10% 이하,-0.1,2983,1366,0.45792826014079785
CS200034,여관,전체 하위 25%,-0.17390609669998308,2983,1103,0.3697619845792826
CS200034,여관,전체 하위 30%,-0.1308751676746283,2983,1249,0.418706000670466
CS200036,고시원,전년동기 대비 -5% 이하,-0.05,2,1,0.5
CS200036,고시원,전년동기 대비 -10% 이하,-0.1,2,1,0.5
CS200036,고시원,전체 하위 25%,-0.17390609669998308,2,1,0.5
CS200036,고시원,전체 하위 30%,-0.1308751676746283,2,1,0.5
CS200037,노래방,전년동기 대비 -5% 이하,-0.05,8253,3058,0.3705319277838362
CS200037,노래방,전년동기 대비 -10% 이하,-0.1,8253,2615,0.3168544771598207
CS200037,노래방,전체 하위 25%,-0.17390609669998308,8253,1971,0.23882224645583425
CS200037,노래방,전체 하위 30%,-0.1308751676746283,8253,2359,0.2858354537743851
CS300001,슈퍼마켓,전년동기 대비 -5% 이하,-0.05,13590,6578,0.4840323767476085
CS300001,슈퍼마켓,전년동기 대비 -10% 이하,-0.1,13590,4949,0.3641648270787344
CS300001,슈퍼마켓,전체 하위 25%,-0.17390609669998308,13590,3098,0.2279617365710081
CS300001,슈퍼마켓,전체 하위 30%,-0.1308751676746283,13590,4058,0.2986019131714496
CS300002,편의점,전년동기 대비 -5% 이하,-0.05,10992,4584,0.4170305676855895
CS300002,편의점,전년동기 대비 -10% 이하,-0.1,10992,2877,0.261735807860262
CS300002,편의점,전체 하위 25%,-0.17390609669998308,10992,1424,0.12954876273653565
CS300002,편의점,전체 하위 30%,-0.1308751676746283,10992,2130,0.1937772925764192
CS300003,컴퓨터및주변장치판매,전년동기 대비 -5% 이하,-0.05,1262,619,0.49049128367670364
CS300003,컴퓨터및주변장치판매,전년동기 대비 -10% 이하,-0.1,1262,580,0.4595879556259905
CS300003,컴퓨터및주변장치판매,전체 하위 25%,-0.17390609669998308,1262,527,0.41759112519809827
CS300003,컴퓨터및주변장치판매,전체 하위 30%,-0.1308751676746283,1262,554,0.43898573692551507
CS300004,핸드폰,전년동기 대비 -5% 이하,-0.05,2931,1457,0.49709996588195154
CS300004,핸드폰,전년동기 대비 -10% 이하,-0.1,2931,1398,0.47697031729785055
CS300004,핸드폰,전체 하위 25%,-0.17390609669998308,2931,1304,0.4448993517570795
CS300004,핸드폰,전체 하위 30%,-0.1308751676746283,2931,1367,0.46639372227908565
CS300006,미곡판매,전년동기 대비 -5% 이하,-0.05,860,339,0.3941860465116279
CS300006,미곡판매,전년동기 대비 -10% 이하,-0.1,860,304,0.35348837209302325
CS300006,미곡판매,전체 하위 25%,-0.17390609669998308,860,257,0.2988372093023256
CS300006,미곡판매,전체 하위 30%,-0.1308751676746283,860,282,0.32790697674418606
CS300007,육류판매,전년동기 대비 -5% 이하,-0.05,6553,3264,0.4980924767282161
CS300007,육류판매,전년동기 대비 -10% 이하,-0.1,6553,2668,0.40714176712955896
CS300007,육류판매,전체 하위 25%,-0.17390609669998308,6553,1839,0.28063482374484966
CS300007,육류판매,전체 하위 30%,-0.1308751676746283,6553,2310,0.3525103006256676
CS300008,수산물판매,전년동기 대비 -5% 이하,-0.05,2314,901,0.3893690579083838
CS300008,수산물판매,전년동기 대비 -10% 이하,-0.1,2314,683,0.29515989628349176
CS300008,수산물판매,전체 하위 25%,-0.17390609669998308,2314,486,0.21002592912705273
CS300008,수산물판매,전체 하위 30%,-0.1308751676746283,2314,603,0.2605877268798617
CS300009,청과상,전년동기 대비 -5% 이하,-0.05,4272,1549,0.3625936329588015
CS300009,청과상,전년동기 대비 -10% 이하,-0.1,4272,1271,0.2975187265917603
CS300009,청과상,전체 하위 25%,-0.17390609669998308,4272,947,0.22167602996254682
CS300009,청과상,전체 하위 30%,-0.1308751676746283,4272,1135,0.26568352059925093
CS300010,반찬가게,전년동기 대비 -5% 이하,-0.05,5194,1822,0.3507893723527147
CS300010,반찬가게,전년동기 대비 -10% 이하,-0.1,5194,1551,0.2986137851366962
CS300010,반찬가게,전체 하위 25%,-0.17390609669998308,5194,1239,0.238544474393531
CS300010,반찬가게,전체 하위 30%,-0.1308751676746283,5194,1411,0.2716596072391221
CS300011,일반의류,전년동기 대비 -5% 이하,-0.05,13253,6369,0.48057043688221535
CS300011,일반의류,전년동기 대비 -10% 이하,-0.1,13253,5565,0.41990492718629746
CS300011,일반의류,전체 하위 25%,-0.17390609669998308,13253,4469,0.337206670187882
CS300011,일반의류,전체 하위 30%,-0.1308751676746283,13253,5122,0.38647853316230285
CS300014,신발,전년동기 대비 -5% 이하,-0.05,2056,1029,0.5004863813229572
CS300014,신발,전년동기 대비 -10% 이하,-0.1,2056,904,0.4396887159533074
CS300014,신발,전체 하위 25%,-0.17390609669998308,2056,738,0.35894941634241245
CS300014,신발,전체 하위 30%,-0.1308751676746283,2056,835,0.4061284046692607
CS300015,가방,전년동기 대비 -5% 이하,-0.05,902,419,0.46452328159645234
CS300015,가방,전년동기 대비 -10% 이하,-0.1,902,387,0.42904656319290463
CS300015,가방,전체 하위 25%,-0.17390609669998308,902,326,0.3614190687361419
CS300015,가방,전체 하위 30%,-0.1308751676746283,902,356,0.3946784922394678
CS300016,안경,전년동기 대비 -5% 이하,-0.05,3217,1242,0.38607398197078024
CS300016,안경,전년동기 대비 -10% 이하,-0.1,3217,941,0.2925085483369599
CS300016,안경,전체 하위 25%,-0.17390609669998308,3217,572,0.17780540876593098
CS300016,안경,전체 하위 30%,-0.1308751676746283,3217,781,0.242772769661175
CS300017,시계및귀금속,전년동기 대비 -5% 이하,-0.05,2646,1316,0.4973544973544973
CS300017,시계및귀금속,전년동기 대비 -10% 이하,-0.1,2646,1217,0.4599395313681028
CS300017,시계및귀금속,전체 하위 25%,-0.17390609669998308,2646,1096,0.41421012849584277
CS300017,시계및귀금속,전체 하위 30%,-0.1308751676746283,2646,1155,0.4365079365079365
CS300018,의약품,전년동기 대비 -5% 이하,-0.05,9110,2760,0.3029637760702525
CS300018,의약품,전년동기 대비 -10% 이하,-0.1,9110,1794,0.19692645444566412
CS300018,의약품,전체 하위 25%,-0.17390609669998308,9110,1004,0.11020856201975851
CS300018,의약품,전체 하위 30%,-0.1308751676746283,9110,1372,0.15060373216245884
CS300019,의료기기,전년동기 대비 -5% 이하,-0.05,2319,1064,0.4588184562311341
CS300019,의료기기,전년동기 대비 -10% 이하,-0.1,2319,970,0.41828374299266924
CS300019,의료기기,전체 하위 25%,-0.17390609669998308,2319,862,0.3717119448037947
CS300019,의료기기,전체 하위 30%,-0.1308751676746283,2319,927,0.3997412677878396
CS300020,서적,전년동기 대비 -5% 이하,-0.05,2175,1147,0.5273563218390804
CS300020,서적,전년동기 대비 -10% 이하,-0.1,2175,1007,0.4629885057471264
CS300020,서적,전체 하위 25%,-0.17390609669998308,2175,792,0.3641379310344828
CS300020,서적,전체 하위 30%,-0.1308751676746283,2175,930,0.42758620689655175
CS300021,문구,전년동기 대비 -5% 이하,-0.05,3956,2144,0.5419615773508595
CS300021,문구,전년동기 대비 -10% 이하,-0.1,3956,1838,0.46461071789686553
CS300021,문구,전체 하위 25%,-0.17390609669998308,3956,1422,0.35945399393326594
CS300021,문구,전체 하위 30%,-0.1308751676746283,3956,1670,0.42214357937310415
CS300022,화장품,전년동기 대비 -5% 이하,-0.05,7681,3800,0.4947272490561125
CS300022,화장품,전년동기 대비 -10% 이하,-0.1,7681,3434,0.447077203489129
CS300022,화장품,전체 하위 25%,-0.17390609669998308,7681,2875,0.37430022132534824
CS300022,화장품,전체 하위 30%,-0.1308751676746283,7681,3191,0.41544069782580395
CS300024,운동/경기용품,전년동기 대비 -5% 이하,-0.05,1915,931,0.48616187989556137
CS300024,운동/경기용품,전년동기 대비 -10% 이하,-0.1,1915,845,0.4412532637075718
CS300024,운동/경기용품,전체 하위 25%,-0.17390609669998308,1915,698,0.36449086161879896
CS300024,운동/경기용품,전체 하위 30%,-0.1308751676746283,1915,785,0.40992167101827676
CS300025,자전거 및 기타운송장비,전년동기 대비 -5% 이하,-0.05,431,229,0.531322505800464
CS300025,자전거 및 기타운송장비,전년동기 대비 -10% 이하,-0.1,431,219,0.5081206496519721
CS300025,자전거 및 기타운송장비,전체 하위 25%,-0.17390609669998308,431,192,0.44547563805104406
CS300025,자전거 및 기타운송장비,전체 하위 30%,-0.1308751676746283,431,206,0.4779582366589327
CS300026,완구,전년동기 대비 -5% 이하,-0.05,200,90,0.45
CS300026,완구,전년동기 대비 -10% 이하,-0.1,200,77,0.385
CS300026,완구,전체 하위 25%,-0.17390609669998308,200,65,0.325
CS300026,완구,전체 하위 30%,-0.1308751676746283,200,72,0.36
CS300027,섬유제품,전년동기 대비 -5% 이하,-0.05,1454,737,0.5068775790921596
CS300027,섬유제품,전년동기 대비 -10% 이하,-0.1,1454,670,0.4607977991746905
CS300027,섬유제품,전체 하위 25%,-0.17390609669998308,1454,563,0.3872077028885832
CS300027,섬유제품,전체 하위 30%,-0.1308751676746283,1454,628,0.43191196698762035
CS300028,화초,전년동기 대비 -5% 이하,-0.05,4461,2038,0.4568482403048644
CS300028,화초,전년동기 대비 -10% 이하,-0.1,4461,1773,0.39744451916610624
CS300028,화초,전체 하위 25%,-0.17390609669998308,4461,1402,0.31427930957184486
CS300028,화초,전체 하위 30%,-0.1308751676746283,4461,1599,0.35843981170141226
CS300029,애완동물,전년동기 대비 -5% 이하,-0.05,910,501,0.5505494505494506
CS300029,애완동물,전년동기 대비 -10% 이하,-0.1,910,457,0.5021978021978022
CS300029,애완동물,전체 하위 25%,-0.17390609669998308,910,366,0.4021978021978022
CS300029,애완동물,전체 하위 30%,-0.1308751676746283,910,412,0.45274725274725275
CS300031,가구,전년동기 대비 -5% 이하,-0.05,1555,820,0.5273311897106109
CS300031,가구,전년동기 대비 -10% 이하,-0.1,1555,775,0.4983922829581994
CS300031,가구,전체 하위 25%,-0.17390609669998308,1555,691,0.44437299035369776
CS300031,가구,전체 하위 30%,-0.1308751676746283,1555,740,0.4758842443729904
CS300032,가전제품,전년동기 대비 -5% 이하,-0.05,804,414,0.5149253731343284
CS300032,가전제품,전년동기 대비 -10% 이하,-0.1,804,378,0.4701492537313433
CS300032,가전제품,전체 하위 25%,-0.17390609669998308,804,328,0.4079601990049751
CS300032,가전제품,전체 하위 30%,-0.1308751676746283,804,357,0.44402985074626866
CS300033,철물점,전년동기 대비 -5% 이하,-0.05,2563,1215,0.4740538431525556
CS300033,철물점,전년동기 대비 -10% 이하,-0.1,2563,1094,0.42684354272337105
CS300033,철물점,전체 하위 25%,-0.17390609669998308,2563,917,0.35778384705423333
CS300033,철물점,전체 하위 30%,-0.1308751676746283,2563,1025,0.3999219664455716
CS300035,인테리어,전년동기 대비 -5% 이하,-0.05,2609,1215,0.4656956688386355
CS300035,인테리어,전년동기 대비 -10% 이하,-0.1,2609,1131,0.4334994250670755
CS300035,인테리어,전체 하위 25%,-0.17390609669998308,2609,1014,0.3886546569566884
CS300035,인테리어,전체 하위 30%,-0.1308751676746283,2609,1083,0.41510157148332694
CS300036,조명용품,전년동기 대비 -5% 이하,-0.05,2512,1199,0.4773089171974522
CS300036,조명용품,전년동기 대비 -10% 이하,-0.1,2512,1066,0.42436305732484075
CS300036,조명용품,전체 하위 25%,-0.17390609669998308,2512,915,0.3642515923566879
CS300036,조명용품,전체 하위 30%,-0.1308751676746283,2512,1002,0.39888535031847133
CS300043,전자상거래업,전년동기 대비 -5% 이하,-0.05,1626,677,0.41635916359163594
CS300043,전자상거래업,전년동기 대비 -10% 이하,-0.1,1626,631,0.3880688806888069
CS300043,전자상거래업,전체 하위 25%,-0.17390609669998308,1626,582,0.35793357933579334
CS300043,전자상거래업,전체 하위 30%,-0.1308751676746283,1626,616,0.37884378843788435
