run_id,model,feature_set_id,raw_group,feature_count,completed_folds,mean_average_precision,std_average_precision,min_average_precision,mean_roc_auc,std_roc_auc,min_roc_auc,mean_log_loss,std_log_loss,min_log_loss,mean_brier_score,std_brier_score,min_brier_score,mean_precision,std_precision,min_precision,mean_recall,std_recall,min_recall,mean_f1,std_f1,min_f1,mean_f2,std_f2,min_f2,mean_mcc,std_mcc,min_mcc,mean_balanced_accuracy,std_balanced_accuracy,min_balanced_accuracy,mean_accuracy,std_accuracy,min_accuracy,mean_predicted_positive_rate,std_predicted_positive_rate,min_predicted_positive_rate,mean_fit_seconds,std_fit_seconds,min_fit_seconds,mean_predict_seconds,std_predict_seconds,min_predict_seconds,total_fit_seconds,total_predict_seconds,delta_vs_same_model_common__mean_average_precision,delta_vs_same_model_common__mean_roc_auc,delta_vs_same_model_common__min_average_precision,delta_vs_same_model_common__std_average_precision,delta_vs_same_model_common__std_roc_auc,delta_vs_same_model_common__mean_brier_score,delta_vs_same_model_common__mean_log_loss,delta_vs_same_model_common__total_fit_seconds,delta_vs_same_model_common__total_predict_seconds
dummy_prior__prior,dummy_prior,prior,,0,4,0.29916972741454906,0.016560485423105183,0.27979274611398963,0.5,0.0,0.5,0.6226576528952177,0.017506139373136304,0.6030205116564192,0.21437023134791405,0.008054764590781187,0.20523288745528454,0.0,0.0,0.0,0.0,0.0,0.0,0.0,0.0,0.0,0.0,0.0,0.0,0.0,0.0,0.0,0.5,0.0,0.5,0.700830272585451,0.01656048542310516,0.6822151647479159,0.0,0.0,0.0,0.0003132499914499931,4.326901184477359e-05,0.00024359999224543571,0.0,0.0,0.0,0.0012529999657999724,0.0,,,,,,,,,
logistic_l2__linear_common_plus_log1p,logistic_l2,linear_common_plus_log1p,,207,4,0.4338504146510984,0.03380783141701394,0.3965125108936027,0.6665380534468929,0.011774041809052118,0.6522833856875195,0.5795091865092885,0.006753552885600907,0.5715399855782632,0.19729570076105463,0.0033412598414202716,0.19331408052012464,0.4995486534947148,0.07928666657450391,0.39473684210526316,0.022068658048643615,0.018686478600236416,0.0026455026455026454,0.04144190296761427,0.03456546752283256,0.005255781359495445,0.027142629542547335,0.02289478497342104,0.003301346949555419,0.049903975651395704,0.03538403290089303,0.011098537634469005,0.5070926871743229,0.006588407998549262,0.5005348102470405,0.702288890072059,0.015033083957349598,0.6833564906709012,0.012318293421402993,0.009794714706231288,0.0018751542067604243,81.38826624999638,20.785004434445533,55.259946999984095,0.016212399990763515,0.0046307230218748914,0.012011499988147989,325.5530649999855,0.06484959996305406,,,,,,,,,
logistic_l1__linear_common_plus_log1p,logistic_l1,linear_common_plus_log1p,,207,4,0.4284328421971808,0.031764149958605076,0.39288850724306756,0.661732969737056,0.010127049101758013,0.6491380198939866,0.5839607813972536,0.008759233633433974,0.5736761517826267,0.19921043666197713,0.004204583642769068,0.19422470761314428,0.4890480754185573,0.12854635977502174,0.36363636363636365,0.008296109293631055,0.006886698403666425,0.0014109347442680777,0.016227330191800983,0.013397826510777562,0.0028109627547434997,0.010312088406838227,0.008548545168225773,0.001761959298740199,0.031410722223869404,0.026725049411017096,0.0061573939405262425,0.5027829322786062,0.0027637987928371584,0.5002258510651796,0.7015291678495601,0.015640115475742563,0.6828106391425168,0.004473376844339871,0.0031787478081991365,0.001085615593387614,233.9574234249958,21.12649755016415,200.07890100000077,0.00944974999583792,0.004018740205294637,0.004620199993951246,935.8296936999832,0.03779899998335168,,,,,,,,,
logistic_elasticnet__linear_common_plus_log1p,logistic_elasticnet,linear_common_plus_log1p,,207,4,0.4284306451304809,0.031764214647399654,0.3928869502547088,0.6617322498341814,0.01012687779160979,0.6491377177925083,0.5839607839635464,0.008759472512785279,0.5736758259554743,0.1992104412826559,0.004204705110018717,0.19422456509594974,0.4890480754185573,0.12854635977502174,0.36363636363636365,0.008296109293631055,0.006886698403666425,0.0014109347442680777,0.016227330191800983,0.013397826510777562,0.0028109627547434997,0.010312088406838227,0.008548545168225773,0.001761959298740199,0.031410722223869404,0.026725049411017096,0.0061573939405262425,0.5027829322786062,0.0027637987928371584,0.5002258510651796,0.7015291678495601,0.015640115475742563,0.6828106391425168,0.004473376844339871,0.0031787478081991365,0.001085615593387614,240.86186612500023,36.70352973791589,208.40927000000374,0.009136125001532491,0.003719335012998052,0.006614199985051528,963.4474645000009,0.036544500006129965,,,,,,,,,
random_forest__common_baseline,random_forest,common_baseline,,197,4,0.5904533543850605,0.02853504171954021,0.5546411163165603,0.7796597823940836,0.0056750210396517425,0.7730344220466409,0.525594026482481,0.010680369659134409,0.5151621840234359,0.17664548352284276,0.004418681057113846,0.1723547146721469,0.8005909283534419,0.03127630633518743,0.7657657657657657,0.04433878286961247,0.02297842292344593,0.014991181657848324,0.08303221357422633,0.041575983862137414,0.029406677045493858,0.0544924211989188,0.027993786755443683,0.018647711816067745,0.13747040013860495,0.04234884848292598,0.08034263106576066,0.5199414959879444,0.01047376593854911,0.5066048748302945,0.7113747866170027,0.010431020182625721,0.698640333465661,0.016727725185644155,0.008911393554948606,0.005477424130273871,83.18946584999503,21.271693741279865,56.92036260000896,0.19767882500309497,0.01660546764463083,0.16996970001491718,332.7578633999801,0.7907153000123799,0.0,0.0,0.0,0.0,0.0,0.0,0.0,0.0,0.0
extra_trees__common_baseline,extra_trees,common_baseline,,197,4,0.46014498530006825,0.03671441308948237,0.4175894075392153,0.6783797459403084,0.008152684776529834,0.6694586039407325,0.5924951616279788,0.014207999882900474,0.5770781331854719,0.2029556601119616,0.006516438682243505,0.19583763730114184,0.0,0.0,0.0,0.0,0.0,0.0,0.0,0.0,0.0,0.0,0.0,0.0,0.0,0.0,0.0,0.5,0.0,0.5,0.700830272585451,0.01656048542310516,0.6822151647479159,0.0,0.0,0.0,24.056420400003844,5.6454050008019285,17.143747299996903,0.16742305000661872,0.011287135540663032,0.15649260001373477,96.22568160001538,0.6696922000264749,0.0,0.0,0.0,0.0,0.0,0.0,0.0,0.0,0.0
lightgbm__common_baseline,lightgbm,common_baseline,,197,4,0.6344290996143658,0.024453107115387646,0.602131113762477,0.8059240587401384,0.004541639627357005,0.8008204471947763,0.4791990659885269,0.009619895433670419,0.46873033101356215,0.15799220978694709,0.0037666965454440132,0.1541554412594052,0.6648310254774783,0.011602519563284027,0.6510238907849829,0.439423777756223,0.028016419269179436,0.40370370370370373,0.5288502010711099,0.023941974626990145,0.4983670803396473,0.47126514650235846,0.026938047171982497,0.43689876316994963,0.39647346970700603,0.015989515862679864,0.37890246039826847,0.6724184069827152,0.010490367149403634,0.6598169083780595,0.7665373247150641,0.007626551001972124,0.7539698292973402,0.1980103036067149,0.019257459701017728,0.17350111028867504,10.825429524993524,1.98136782127518,8.98119009999209,0.08768317499925615,0.02006219046857474,0.06727140001021326,43.301718099974096,0.3507326999970246,0.0,0.0,0.0,0.0,0.0,0.0,0.0,0.0,0.0
xgboost__common_baseline,xgboost,common_baseline,,197,4,0.6326004602110599,0.02448480490942498,0.6003783701368135,0.8060805609749444,0.0040928276284722155,0.8015400589581245,0.4789580611043013,0.009946581176819477,0.4685270165626118,0.15796589281545895,0.003776581706434674,0.15427890845722256,0.6630258104805327,0.01440657766133091,0.6458333333333334,0.433704016385388,0.026103245665611837,0.40458553791887125,0.524206183370625,0.023489644982628774,0.4975059639991325,0.46585197555999086,0.025480836791384104,0.4372522110399512,0.39203856310627727,0.017503931995445303,0.3759166348804981,0.6698396811976068,0.01050015496293403,0.6591958179488155,0.7651633034401127,0.00816764195181066,0.7513398173878523,0.1958841599136279,0.01758166467142576,0.17527757216876388,12.97106110000459,1.6888456929726343,10.78525320001063,0.044995099982770626,0.0014879904445403078,0.043834099982632324,51.88424440001836,0.1799803999310825,0.0,0.0,0.0,0.0,0.0,0.0,0.0,0.0,0.0
catboost__common_baseline,catboost,common_baseline,,197,4,0.5884595742222147,0.016877139435164362,0.5634277567348204,0.781807609914744,0.004353440783583149,0.7758054570017975,0.5036191629288213,0.014844707680012188,0.48896965884964183,0.16739084121291192,0.005943907845475597,0.16130880924892502,0.6279824699853662,0.0061726512611287076,0.6201975850713501,0.3745960705763349,0.03793328124851894,0.3091710758377425,0.4679171998877321,0.030076177673918507,0.41614243323442135,0.40693019608480596,0.03614703431235416,0.344603892274425,0.3337472161633033,0.011842562556044102,0.31501864148568964,0.6394491696128775,0.011143781285826434,0.6202587136639894,0.7465373038533124,0.011007558049240848,0.7329793568876538,0.1793553299791931,0.026507965868930422,0.13594867999013077,57.647622174998105,7.735252237554938,48.79359640000621,0.0,0.0,0.0,230.59048869999242,0.0,0.0,0.0,0.0,0.0,0.0,0.0,0.0,0.0,0.0
random_forest__tree_plus_sales_amount_raw_components,random_forest,tree_plus_sales_amount_raw_components,sales_amount_raw_components,220,4,0.5929714496556765,0.028482390203897177,0.5555071427063547,0.7787537606321104,0.005881084643370519,0.7720935572026127,0.5249076368492283,0.009931976756904722,0.5143226592232966,0.17630659298669885,0.004152703172154224,0.1719322230383298,0.8168467477234238,0.006342051764990152,0.8109756097560976,0.057254129559805314,0.027744514169211514,0.02345679012345679,0.10547893163068792,0.04853686661823793,0.04559478916695235,0.07005757704072504,0.03350175546441436,0.02911048853090527,0.1596291713225113,0.04016704800278607,0.10688337950138779,0.525802231936497,0.012357085927474087,0.5106663875249007,0.7144899426251176,0.009695154957086442,0.7017169511710997,0.021483464190214033,0.011218220152674277,0.008092770787071305,99.91879275000247,21.743385391004633,68.50212459999602,0.22311152500333264,0.009684250468309752,0.21042680001119152,399.67517100000987,0.8924461000133306,0.002518095270615972,-0.0009060217619731858,0.0008660263897943832,-5.2651515643032526e-05,0.0002060636037187766,-0.0003388905361439154,-0.0006863896332527375,66.91730760002974,0.1017308000009507
extra_trees__tree_plus_sales_amount_raw_components,extra_trees,tree_plus_sales_amount_raw_components,sales_amount_raw_components,220,4,0.46671179605546376,0.03539959251401364,0.43046244485067736,0.6841394716429449,0.007433250314358496,0.6737703647041349,0.5899862407455299,0.013927018727444436,0.5725237683438228,0.20200137364889592,0.006386002631243835,0.19409237199320328,0.0,0.0,0.0,0.0,0.0,0.0,0.0,0.0,0.0,0.0,0.0,0.0,0.0,0.0,0.0,0.5,0.0,0.5,0.700830272585451,0.01656048542310516,0.6822151647479159,0.0,0.0,0.0,28.190411374991527,6.166114764307845,19.885327999974834,0.1822736249960144,0.008367120829093893,0.17037899998831563,112.76164549996611,0.7290944999840576,0.006566810755395502,0.005759725702636498,0.012873037311462054,-0.0013148205754687295,-0.0007194344621713382,-0.0009542864630656678,-0.0025089208824489173,16.53596389995073,0.05940229995758273
lightgbm__tree_plus_sales_amount_raw_components,lightgbm,tree_plus_sales_amount_raw_components,sales_amount_raw_components,220,4,0.6323275060454485,0.024851784677402067,0.5989113971157926,0.8057658843433916,0.004735881252408295,0.800121178944977,0.47960092925049636,0.009633165320203274,0.468802702583686,0.15815500801965388,0.003717840593667161,0.15421825574494294,0.6644464960610748,0.016545851637440455,0.6432232346241458,0.437645843506676,0.029033482898184863,0.3984126984126984,0.5274894615470639,0.026332670363554554,0.49204966238292314,0.4696128560242284,0.02841229630635412,0.43123854612095297,0.39536352868008384,0.01893685095293131,0.37068528491476055,0.6717390871096857,0.011618462864939238,0.6562806897339272,0.7663071097515592,0.005916448733421288,0.7563517268757444,0.19725010145272376,0.018466342505542556,0.17330372563533186,11.859792449999077,1.6080836085684853,9.908869300008519,0.06364144999679411,0.0026979769419035356,0.06010090000927448,47.43916979999631,0.25456579998717643,-0.0021015935689172593,-0.000158174396746813,-0.003219716646684412,0.00039867756201442117,0.00019424162505128975,0.00016279823270679006,0.00040186326196944844,4.137451700022211,-0.09616690000984818
xgboost__tree_plus_sales_amount_raw_components,xgboost,tree_plus_sales_amount_raw_components,sales_amount_raw_components,220,4,0.6335858494201208,0.024918445165462415,0.6008743914647342,0.8061128174944464,0.003722319120920759,0.8016013976422792,0.47895178844622455,0.009912865627439519,0.4681692518995348,0.1579991484389008,0.003721314995023817,0.15428183077280264,0.664408160749113,0.012595790468442584,0.6508474576271186,0.43684323681320053,0.024014513971625354,0.40634920634920635,0.5269360898799065,0.021237823599937755,0.5003257328990228,0.468888242829825,0.023315459968080796,0.43935926773455375,0.3947699030576574,0.013163253199112983,0.3802853080814233,0.6713517364272124,0.008804184840075202,0.6608313349320544,0.7660019434298084,0.006885569440318245,0.7553096466851925,0.19690008456777086,0.01723087269666098,0.17468541820873426,15.95197415000439,2.355906263089834,13.159965500002727,0.04488889999629464,0.0019811075644900165,0.04161800001747906,63.80789660001756,0.17955559998517856,0.000985389209060883,3.2256519502005254e-05,0.0004960213279207037,0.0004336402560374368,-0.00037050850755145645,3.32556234418635e-05,-6.272658076733606e-06,11.923652199999196,-0.000424799945903942
catboost__tree_plus_sales_amount_raw_components,catboost,tree_plus_sales_amount_raw_components,sales_amount_raw_components,220,4,0.5866451235147665,0.016767025751423185,0.5633221896342215,0.7807071264638104,0.004041041683603334,0.7740995476350703,0.5051233446603303,0.013584906974801664,0.49103992226828747,0.167961208940195,0.0056000266570640925,0.16202130054018124,0.6261209610114156,0.008033953604668104,0.6155735691476296,0.36831996985254484,0.04476171563577973,0.29241622574955906,0.4619956828856637,0.036819594746256484,0.4,0.40064904511931787,0.04309361810910696,0.3276679841897233,0.3288760217359448,0.017836093306417448,0.30304458236414933,0.6366739272169564,0.014128903769418612,0.6132516209254818,0.7453041818634328,0.011219750306935323,0.7289102818578801,0.1770403783549022,0.029503970057143215,0.12928694793979767,61.672501300003205,6.146214428149812,54.11968319999869,0.0,0.0,0.0,246.69000520001282,0.0,-0.0018144507074482341,-0.0011004834509336092,-0.00010556710059883567,-0.00011011368374117675,-0.0003123990999798149,0.0005703677272830832,0.0015041817315090134,16.0995165000204,0.0
random_forest__tree_plus_transaction_count_raw_components,random_forest,tree_plus_transaction_count_raw_components,transaction_count_raw_components,220,4,0.591730770225686,0.027089388179941762,0.5593681149936656,0.7793045939785396,0.0038905211641350737,0.7746397530501676,0.5248375796879747,0.010493980920409998,0.513227495130062,0.17634381814600167,0.004361733864789114,0.17146079426275063,0.8094153868626188,0.019982613220796162,0.7894736842105263,0.05435877497623174,0.025850039319316474,0.022222222222222223,0.1005979141446334,0.045613424120969595,0.043239533287577216,0.06659613407568725,0.031285220684226796,0.027585602942464312,0.15468407877277468,0.0403686140197518,0.10222700471078715,0.5244675374433685,0.011643258528901202,0.5100148452666439,0.713744747831696,0.009830557193528515,0.7013199682413657,0.020439113965197687,0.010286864887143027,0.007796693807056501,103.17812174999563,25.770604575791513,71.85752890000003,0.2041595249902457,0.017488310327223255,0.1874375999905169,412.7124869999825,0.8166380999609828,0.001277415840625462,-0.0003551884155440499,0.004726998677105243,-0.0014456535395984474,-0.0017844998755166689,-0.0003016653768410926,-0.0007564467945062603,79.95462360000238,0.025922799948602915
extra_trees__tree_plus_transaction_count_raw_components,extra_trees,tree_plus_transaction_count_raw_components,transaction_count_raw_components,220,4,0.4681232748170145,0.032449855755047795,0.4331778760389088,0.6861597303227994,0.0059833911123230304,0.6781823694350293,0.5883823840190799,0.013976901695857281,0.5715144307686408,0.20142655051751457,0.0063830953333932,0.1937672106272277,0.0,0.0,0.0,0.0,0.0,0.0,0.0,0.0,0.0,0.0,0.0,0.0,0.0,0.0,0.0,0.5,0.0,0.5,0.700830272585451,0.01656048542310516,0.6822151647479159,0.0,0.0,0.0,29.455695550008386,7.054335750974395,21.887252000014996,0.1911255250015529,0.023626913477943677,0.16860000000451691,117.82278220003354,0.7645021000062115,0.007978289516946235,0.007779984382491056,0.015588468499693475,-0.0042645573344345725,-0.0021692936642068034,-0.00152910959444702,-0.004112777608898832,21.597100600018166,0.09480989997973666
lightgbm__tree_plus_transaction_count_raw_components,lightgbm,tree_plus_transaction_count_raw_components,transaction_count_raw_components,220,4,0.6343322053821734,0.02363462194605053,0.6040465015522657,0.8057740075822145,0.004297692405219724,0.801433979045033,0.47947096145730195,0.009572590382912891,0.46970118570841307,0.1580524067496604,0.003738130627899479,0.15450212309252456,0.6661005167515007,0.010549514007636871,0.6513840830449827,0.43604283824383355,0.029573843809326667,0.3984126984126984,0.526717134826729,0.024875129250548002,0.4944189100459619,0.46824347975503877,0.0283293063751588,0.4319642037631941,0.39541259991778005,0.015136690003035025,0.37613374043010306,0.6713155299295958,0.010541355863666817,0.6577880552700697,0.7664247533173404,0.0069614672778656895,0.755408892417626,0.1962159941445269,0.02069085197321176,0.17113249444855663,11.689555500001006,1.8161642129397175,9.971628100000089,0.06487824999931036,0.004043431271630947,0.05976830000872724,46.758222000004025,0.2595129999972414,-9.689423219239046e-05,-0.00015005115792388057,0.001915387789788725,-0.0008184851693371145,-0.00024394722213728123,6.019696271331032e-05,0.0002718954687750408,3.4565039000299294,-0.09121969999978319
xgboost__tree_plus_transaction_count_raw_components,xgboost,tree_plus_transaction_count_raw_components,transaction_count_raw_components,220,4,0.6333203853493107,0.024840078508298738,0.6002005461153115,0.8064305322997571,0.004006048187336943,0.8014620623984562,0.47869271085314424,0.009902505441271397,0.4678190431379456,0.15785463569702538,0.0037852333454570183,0.15391755471698262,0.6652933236251584,0.013555763441407855,0.6477561388653683,0.4374482792776137,0.024971270896479186,0.40476190476190477,0.5276345924272163,0.02202916874375161,0.4982090524259199,0.46952477406550774,0.024211592430704,0.4375929527514014,0.3957743068735149,0.014585239864833325,0.37731069025521546,0.6718044405499957,0.009506735911105652,0.6596265844467284,0.7663628722590123,0.006953215511521463,0.7553592695514093,0.19686337020768876,0.01691386298778734,0.17483345669874167,16.569896524997603,2.43217144543555,14.168995199986966,0.04512827500002459,0.00243041748283259,0.04323480001767166,66.27958609999041,0.18051310000009835,0.0007199251382508098,0.00034997132481273674,-0.00017782402150201548,0.0003552735988737593,-8.677944113527278e-05,-0.000111257118433572,-0.00026535025115703714,14.39534169997205,0.0005327000690158457
catboost__tree_plus_transaction_count_raw_components,catboost,tree_plus_transaction_count_raw_components,transaction_count_raw_components,220,4,0.5854582679408559,0.023785083639737855,0.550571889113456,0.7801889713432143,0.005359410490355463,0.7735558196915406,0.5058162146420591,0.01325071411496055,0.49390660014367255,0.16824337817945265,0.005398889897992698,0.16332825836375423,0.6205978557455452,0.009606964741121944,0.6095008051529791,0.36837193316752187,0.055601678744238665,0.27372134038800705,0.4597983777210922,0.0474422015384317,0.37960132077779135,0.39995755265995336,0.05403926284797864,0.3080954460634454,0.3252343348589838,0.02619032200414249,0.2839772697634127,0.6357616540258179,0.019016123205882512,0.604143986398183,0.7440614875508154,0.009418508351884005,0.7295057562524812,0.17847377945988074,0.03254996605166963,0.12371083148285221,62.36279662500601,5.823332164822232,54.48022460000357,0.0,0.0,0.0,249.45118650002405,0.0,-0.003001306281358862,-0.0016186385715296625,-0.01285586762136437,0.006907944204573493,0.001005969706772314,0.0008525369665407234,0.0021970517132378076,18.86069780003163,0.0
random_forest__tree_plus_floating_population_raw_components,random_forest,tree_plus_floating_population_raw_components,floating_population_raw_components,218,4,0.58851991779133,0.027061907180797814,0.5537713233005664,0.7788012956229692,0.005228243324187746,0.7724011690118805,0.5263660658800438,0.011722261370922625,0.5141374071664571,0.17695703550618452,0.004900299774632223,0.17186898577995244,0.8005552063201282,0.026597583079918632,0.7622641509433963,0.04292978072088777,0.01941773825874213,0.01675485008818342,0.0807227109160771,0.0350621938901272,0.0328208671618587,0.052817760049617114,0.023642896556973794,0.020834247116101583,0.13572953187944303,0.03347777767935886,0.08877754266483885,0.5191788403525457,0.008676224060462206,0.5075552256607412,0.7107772772671386,0.01196824359657602,0.6951667328304882,0.016303722878398083,0.00778411777254626,0.0058721934369602765,100.98812072500732,19.374763568919164,74.515080400015,0.19153039999946486,0.01799288438379925,0.16662319999886677,403.9524829000293,0.7661215999978594,-0.0019334365937305753,-0.0008584867711144417,-0.0008697930159938805,-0.0014731345387423954,-0.00044677771546399684,0.0003115519833417624,0.0007720393975627626,71.19461950004916,-0.024593700014520437
extra_trees__tree_plus_floating_population_raw_components,extra_trees,tree_plus_floating_population_raw_components,floating_population_raw_components,218,4,0.46526183486982486,0.03710852880134061,0.42683624763890665,0.6815571592099543,0.008954716196882467,0.6681190357664981,0.5906045249397155,0.013138650933978936,0.5743865336878426,0.2021853927998964,0.0060621738926234835,0.194803538399573,0.0,0.0,0.0,0.0,0.0,0.0,0.0,0.0,0.0,0.0,0.0,0.0,0.0,0.0,0.0,0.5,0.0,0.5,0.700830272585451,0.01656048542310516,0.6822151647479159,0.0,0.0,0.0,29.88181030000851,3.978829571530834,23.295439600013196,0.16964759999973467,0.01157461315815404,0.1590524000057485,119.52724120003404,0.6785903999989387,0.00511684956975661,0.0031774132696459345,0.009246840099691345,0.00039411571185823946,0.0008020314203526328,-0.0007702673120651982,-0.0018906366882632808,23.301559600018663,0.008898199972463772
lightgbm__tree_plus_floating_population_raw_components,lightgbm,tree_plus_floating_population_raw_components,floating_population_raw_components,218,4,0.6341506969367736,0.025086672815886925,0.6001978892173454,0.8061325483344486,0.004464438914075591,0.8010908763540944,0.47901059438540405,0.009764350845057607,0.4684005575681895,0.15794095951498843,0.0038039358476310795,0.1540828451561716,0.6637337377534311,0.011964516885345573,0.6484574016416643,0.4385447512534423,0.02642966713502508,0.4040564373897707,0.5279114456496041,0.02292728841578313,0.497881125719874,0.47036645673667066,0.02552278143716744,0.4369969099301873,0.39521269788876234,0.015349283410637592,0.37738307842446717,0.6718520992600778,0.009932419694426658,0.6594794006064989,0.7660655967374495,0.007680680591010417,0.7535728463676062,0.19790803191269207,0.018451481264150728,0.17433999506538367,11.6395898999981,1.0960076607749452,10.244893099996261,0.07044545000098879,0.0021797252278459257,0.06706820000545122,46.5583595999924,0.28178180000395514,-0.00027840267759216,0.00020848959431019054,-0.0019332245451315622,0.0006335657004992792,-7.720071328141433e-05,-5.125027195865273e-05,-0.00018847160312285283,3.256641500018304,-0.06895089999306947
xgboost__tree_plus_floating_population_raw_components,xgboost,tree_plus_floating_population_raw_components,floating_population_raw_components,218,4,0.6327120923104996,0.02417873762623558,0.6008055679108216,0.8060932626380009,0.004167233023089889,0.8012482591402313,0.4791685130250838,0.009917325928513078,0.4687145943139172,0.15810771888649477,0.0038034571578305443,0.15436906641588552,0.6624991380914992,0.01443650956525127,0.6443313542550184,0.4323708049591391,0.025444781290157474,0.40194003527336863,0.5230700385041324,0.02291205158876248,0.49505810796133376,0.46457038417343216,0.02483594372641553,0.4346416447343327,0.3909571468053762,0.016310749597385734,0.3734152756074578,0.6692386660184828,0.010092816345687646,0.6578730666260643,0.7648153908747046,0.0074337280165701234,0.7524811433108376,0.19538754930453997,0.016810037164053847,0.17453737971872688,15.513724549986364,1.1897679556090124,13.490769199997885,0.044672924996120855,0.0024240482181695044,0.04224360000807792,62.054898199945455,0.17869169998448342,0.00011163209943976238,1.2701663056446932e-05,0.00042719777400812564,-0.00030606728318939916,7.440539461767322e-05,0.00014182607103582767,0.00021045192078250619,10.170653799927095,-0.0012886999465990812
catboost__tree_plus_floating_population_raw_components,catboost,tree_plus_floating_population_raw_components,floating_population_raw_components,218,4,0.5913255970785132,0.019238744685828788,0.5600495425929237,0.7836529654980162,0.005306000984822604,0.7787321560553603,0.5017733360251215,0.015162678995659207,0.4837471713774248,0.16670456016861462,0.006054818658241258,0.15963250623016478,0.6303719350608262,0.003158656321636544,0.6275412351361719,0.36715865187444807,0.045734525977384276,0.2885361552028219,0.4623243938228448,0.03884701006417644,0.3953123112238734,0.39993236037613467,0.044417511496925084,0.3234863763989402,0.3314792076121229,0.02099001916003732,0.29765832939829434,0.6373020119929045,0.015511885505477,0.6110032608833568,0.7465407585199064,0.010634972244554003,0.7345176657403731,0.1749790991103498,0.027884207848637668,0.12864544781643228,60.702955299995665,4.564307735090858,54.29100160000962,0.0,0.0,0.0,242.81182119998266,0.0,0.0028660228562984447,0.0018453555832722568,-0.0033782141418966516,0.002361605250664426,0.0009525602012394547,-0.0006862810442972989,-0.001845826903699721,12.22133249999024,0.0
random_forest__tree_plus_resident_population_raw_components,random_forest,tree_plus_resident_population_raw_components,resident_population_raw_components,217,4,0.5898397099917525,0.027572170989693202,0.554124477715112,0.7789333178845173,0.005535294132022231,0.7733881949617931,0.5266274060467948,0.011287429253937862,0.5153456942013531,0.17704099476108234,0.004706251498793081,0.17227184931250164,0.8086110321830776,0.03198139204754645,0.7631578947368421,0.03901936868535198,0.019831186866418982,0.015343915343915344,0.07366676387392626,0.03612147989060195,0.03008298755186722,0.04805729120626623,0.02420210960956303,0.019083969465648856,0.13032698056456893,0.03693414110085041,0.08099020290801276,0.5175940147906122,0.008947359394748534,0.5067469833656885,0.7101574220290419,0.011477479919700464,0.6958614529575228,0.014642391784906929,0.007837681084450621,0.005625462620281273,99.53838982500747,20.338730725440076,71.84883820000687,0.19202209998911712,0.005446906714464917,0.18720429998938926,398.1535593000299,0.7680883999564685,-0.0006136443933080216,-0.0007264645095663713,-0.0005166386014483493,-0.0009628707298470068,-0.00013972690762951122,0.000395511238239582,0.0010333795643138188,65.39569590004976,-0.022626900055911392
extra_trees__tree_plus_resident_population_raw_components,extra_trees,tree_plus_resident_population_raw_components,resident_population_raw_components,217,4,0.46034206556913,0.03842467361699365,0.4172212559471244,0.6793330849671094,0.007418624751586262,0.6703710658559998,0.5912594714493489,0.013143796057350549,0.5756818886891527,0.20245391252180886,0.006054234841676816,0.19529640784623045,0.0,0.0,0.0,0.0,0.0,0.0,0.0,0.0,0.0,0.0,0.0,0.0,0.0,0.0,0.0,0.5,0.0,0.5,0.700830272585451,0.01656048542310516,0.6822151647479159,0.0,0.0,0.0,29.72732832499605,5.155505763276992,22.420224100002088,0.17782650000299327,0.019182217170514448,0.15926060001947917,118.9093132999842,0.7113060000119731,0.00019708026906173348,0.0009533390268010589,-0.0003681515920909151,0.0017102605275112828,-0.0007340600249435714,-0.0005017475901527291,-0.0012356901786299002,22.683631699968828,0.04161379998549819
lightgbm__tree_plus_resident_population_raw_components,lightgbm,tree_plus_resident_population_raw_components,resident_population_raw_components,217,4,0.6338557162456002,0.026192369362111518,0.5976554808497389,0.8062645974576902,0.004564179621882356,0.8010588656814533,0.47897336081536945,0.009780519654091333,0.46803915905362986,0.15794726024010772,0.003747098988384099,0.15401378697052348,0.6638849126038555,0.01337434740800312,0.6461103253182461,0.43869444195052243,0.027498582020564065,0.40282186948853616,0.5280591001221511,0.024067708566473816,0.4962520369364476,0.47051534623043817,0.026615925843988773,0.43562845699027275,0.39546387520468773,0.01615185889514348,0.37510903778827026,0.6719794082981017,0.010462810886692224,0.6585537918871252,0.7661912556384285,0.006787135866710969,0.7551607780865423,0.19790875861137883,0.018462858583060793,0.17443868739205526,12.623510925004666,2.190227714554522,9.673643999994965,0.07426159999158699,0.00937958932337956,0.06429260000004433,50.494043700018665,0.29704639996634796,-0.0005733833687655565,0.0003405387175517971,-0.0044756329127381145,0.0017392622467238723,2.25399945253512e-05,-4.4949546839367915e-05,-0.0002257051731574533,7.192325600044569,-0.05368630003067665
xgboost__tree_plus_resident_population_raw_components,xgboost,tree_plus_resident_population_raw_components,resident_population_raw_components,217,4,0.6334505145899195,0.024758411515824735,0.6003044650279011,0.8061126433058632,0.003931607480893721,0.8011348683713649,0.47893396724231674,0.009743843218145849,0.4680639658792044,0.15797016230250768,0.0037180175263223803,0.15407832730673945,0.6618974326121831,0.013851736869895983,0.646975692481628,0.43443813917474966,0.023924162782574393,0.40370370370370373,0.5244180265542383,0.021677039398694777,0.4971763683753258,0.4664311599152088,0.023400901625867648,0.43653215348234037,0.3916581179714298,0.01486515096890082,0.3761884151777257,0.6698968154928967,0.009258305679174827,0.6590632256099882,0.7649130621691131,0.0074254889941272615,0.7527788805081381,0.1965260064065713,0.01672833006467903,0.17458672588206267,16.153512450000562,2.167699281555362,12.95478460000595,0.054411975004768465,0.012485341854559462,0.04151950002415106,64.61404980000225,0.21764790001907386,0.0008500543788596548,3.208233091878121e-05,-7.390510891236435e-05,0.00027360660639975595,-0.00016122014757849468,4.269487048735865e-06,-2.409386198454211e-05,12.729805399983888,0.03766750008799136
catboost__tree_plus_resident_population_raw_components,catboost,tree_plus_resident_population_raw_components,resident_population_raw_components,217,4,0.5867355844379831,0.014565206941659735,0.5683285229362285,0.7804509996356631,0.007218678587434162,0.7680347736003665,0.5066831027854376,0.017978597763348907,0.4888923147989746,0.1686086061209603,0.0073762058094363914,0.16116434958491452,0.6238984768153382,0.01715242326674349,0.6028001037075448,0.36731465092210913,0.042914690873326174,0.299294532627866,0.46044784579898795,0.03351678536559527,0.4094089264173703,0.3994516472950592,0.04073585198322818,0.33537549407114625,0.3264528788215853,0.02065792660790708,0.29780946351047893,0.6356739308668624,0.014059386013660406,0.6180268483625797,0.7440951414851262,0.014739773130469053,0.7215660976578007,0.17724841733316463,0.028538456961962912,0.12928694793979767,63.82129294999322,5.208048621961391,58.13139070000034,0.0,0.0,0.0,255.2851717999729,0.0,-0.0017239897842316054,-0.0013566102790808499,0.004900766201408113,-0.002311932493504627,0.002865237803851013,0.0012177649080483688,0.003063939856616349,24.694683099980466,0.0
random_forest__tree_plus_worker_population_raw_components,random_forest,tree_plus_worker_population_raw_components,worker_population_raw_components,217,4,0.5894597019497181,0.029034130461576612,0.5521544958098156,0.7784576639194556,0.005927672963009726,0.7723322173704724,0.5264378427883734,0.01139037998356522,0.5154526250515623,0.176953243162152,0.004741993984078418,0.17229221298326564,0.8021081875403885,0.03488087903190891,0.7549019607843137,0.042179368703589695,0.021552126430596664,0.016578483245149912,0.07928364045009587,0.03901957360196044,0.03246977547495682,0.05188928585760167,0.0262605081628757,0.0206140350877193,0.1347684743685076,0.040176257218449495,0.08657539828266919,0.518998885692164,0.009902334796971198,0.5073985256239453,0.7108791552534888,0.01099932092958682,0.6964569273521238,0.015858702314024045,0.008250177961762955,0.005921539600296077,98.40879685000255,21.470471801752613,69.29382330001681,0.20118717500008643,0.007841128798063075,0.18910419999156147,393.6351874000102,0.8047487000003457,-0.0009936524353424403,-0.0012021184746280333,-0.002486620506744752,0.0004990887420364028,0.0002526519233579834,0.0003077596393092352,0.0008438163058923642,60.87732400003006,0.014033399987965822
extra_trees__tree_plus_worker_population_raw_components,extra_trees,tree_plus_worker_population_raw_components,worker_population_raw_components,217,4,0.4629639070727841,0.03650380674249552,0.4242325905232688,0.6808883753184419,0.00849499470044133,0.6675870092503071,0.5914920111354248,0.01431797309613535,0.5722688502136449,0.20256944145552322,0.006525953896944194,0.19394331105062965,0.0,0.0,0.0,0.0,0.0,0.0,0.0,0.0,0.0,0.0,0.0,0.0,0.0,0.0,0.0,0.5,0.0,0.5,0.700830272585451,0.01656048542310516,0.6822151647479159,0.0,0.0,0.0,29.544691249997413,5.629636566370759,21.914536700001918,0.1810626250007772,0.0078088765420581034,0.16956509998999536,118.17876499998965,0.7242505000031088,0.0028189217727158655,0.0025086293781335645,0.006643182984053475,-0.0002106063469868441,0.00034230992391149663,-0.0003862186564383696,-0.0010031504925539503,21.953083399974275,0.05455829997663386
lightgbm__tree_plus_worker_population_raw_components,lightgbm,tree_plus_worker_population_raw_components,worker_population_raw_components,217,4,0.6337825629398111,0.024538366876519644,0.6002816899077238,0.8058582321196731,0.004451907547997698,0.8011197935075974,0.47944889801074664,0.01004678611743858,0.46811947860528685,0.15807143151637054,0.0039079480371377396,0.15393349469329068,0.6662794621936199,0.009413208367416685,0.6548135299219427,0.4374460303028812,0.027326748056874538,0.3994708994708995,0.5278412422886664,0.02286147946271717,0.49622083470259615,0.46957578227331986,0.026137287166021178,0.43326064501319866,0.3963179609531049,0.01468577805396022,0.3790106970931725,0.6719100222685216,0.009958128977627576,0.6588310304137642,0.7665961709506456,0.008307990316558541,0.7533743549027392,0.19670931651983575,0.019233620976123227,0.17068837897853442,11.722946399997454,1.804844002553147,8.98471829999471,0.07191302499268204,0.004968545031004144,0.06601849998696707,46.89178559998982,0.28765209997072816,-0.0006465366745547207,-6.582662046528132e-05,-0.0018494238547531738,8.525976113199843e-05,-8.97320793593068e-05,7.922172942345651e-05,0.00024983202221973144,3.5900675000157207,-0.06308060002629645
xgboost__tree_plus_worker_population_raw_components,xgboost,tree_plus_worker_population_raw_components,worker_population_raw_components,217,4,0.6328858716081788,0.025240360682791223,0.599454241778475,0.8063139991066128,0.004258580235819086,0.8015234735869656,0.47874215086501665,0.010215843977004025,0.4676146551061097,0.15790538077845462,0.0038188950379416287,0.15396640186653543,0.6641117854480854,0.015585612214581686,0.6463899943149517,0.43617008776524413,0.02589624152406322,0.40105820105820106,0.5263483476722446,0.02356022277306371,0.49499346974314323,0.4682363642195826,0.025355819336377514,0.4340025956179861,0.39426339110730146,0.016862515943198184,0.3743015599114964,0.6710812310471269,0.010362167107584037,0.6579117658254349,0.7658828350905059,0.006834656920736086,0.7544660579595077,0.19662638100305707,0.01686284783480489,0.17359980261534666,15.605837300005078,2.134388684646382,12.01074910000898,0.04794742499507265,0.004646487690981302,0.04366480000317097,62.42334920002031,0.1917896999802906,0.0002854113971189065,0.00023343813166842864,-0.0009241283583385496,0.0007555557733662441,0.00016575260734687063,-6.0512037004328834e-05,-0.0002159102392846335,10.539104800001951,0.011809300049208105
catboost__tree_plus_worker_population_raw_components,catboost,tree_plus_worker_population_raw_components,worker_population_raw_components,217,4,0.5913190287376965,0.01654402672824544,0.5674161183663993,0.78313297422828,0.006700188883173848,0.7725569349749947,0.5032489258278234,0.015972530940799784,0.48752630965523197,0.1672541467158215,0.0064201948111869975,0.16119314371266769,0.6353466447587606,0.010277371597600768,0.6237467018469657,0.3630898124092191,0.03473357290232743,0.3056437389770723,0.460983541798658,0.028760763935804547,0.4145933014354067,0.3966841434218745,0.033513823887848265,0.3415451320457233,0.33260597093239463,0.015829694904995705,0.3162579443518935,0.6366743854742778,0.01136639349076,0.6200366690774365,0.7471490449341254,0.012233415186901015,0.7287614132592298,0.17168050626967507,0.02361063644875504,0.13274117937330374,63.18917425000109,6.070180292916895,53.63296089999494,0.0,0.0,0.0,252.75669700000435,0.0,0.002859454515481752,0.001325364313536026,0.003988361631578896,-0.0003331127069189227,0.0023467480995906986,-0.00013669449709041714,-0.0003702371009978167,22.16620830001193,0.0
