average_precision,roc_auc,log_loss,brier_score,threshold,precision,recall,f1,f2,mcc,balanced_accuracy,accuracy,predicted_positive_rate,tn,fp,fn,tp,status,run_id,model,feature_set_id,raw_group,feature_count,fold,train_rows,validation_rows,train_positive_rate,validation_positive_rate,fit_seconds,predict_seconds,convergence_warnings
0.27979274611398963,0.5,0.6030205116564192,0.20523288745528454,0.5,0.0,0.0,0.0,0.0,0.0,0.5,0.7202072538860104,0.0,14595,0,5670,0,completed,dummy_prior__prior,dummy_prior,prior,,0,1,122011,20265,0.2187671603380023,0.27979274611398963,0.00024359999224543571,0.0,0
0.28586273442525606,0.5,0.6079043771444721,0.20766344254695873,0.5,0.0,0.0,0.0,0.0,0.0,0.5,0.7141372655747439,0.0,14432,0,5777,0,completed,dummy_prior__prior,dummy_prior,prior,,0,2,142292,20209,0.22654822477721867,0.28586273442525606,0.0003127999952994287,0.0,0
0.3177848352520842,0.5,0.6438046212029894,0.2239546139421234,0.5,0.0,0.0,0.0,0.0,0.0,0.5,0.6822151647479159,0.0,13748,0,6404,0,completed,dummy_prior__prior,dummy_prior,prior,,0,3,162557,20152,0.23318589786967034,0.3177848352520842,0.0003577999887056649,0.0,0
0.31323859386686614,0.5,0.6359011015769899,0.22062998144728965,0.5,0.0,0.0,0.0,0.0,0.0,0.5,0.6867614061331339,0.0,13773,0,6282,0,completed,dummy_prior__prior,dummy_prior,prior,,0,4,182766,20055,0.2390105380650668,0.31323859386686614,0.0003387999895494431,0.0,0
0.3965125108936027,0.6522833856875195,0.5715399855782632,0.19331408052012464,0.5,0.39473684210526316,0.0026455026455026454,0.005255781359495445,0.003301346949555419,0.011098537634469005,0.5005348102470405,0.719812484579324,0.0018751542067604243,14572,23,5655,15,completed,logistic_l2__linear_common_plus_log1p,logistic_l2,linear_common_plus_log1p,,207,1,122011,20265,0.2187671603380023,0.27979274611398963,55.259946999984095,0.01585019999765791,1
0.40484823905846384,0.6575527734993151,0.5745251645115,0.19493427040962696,0.5,0.4647887323943662,0.005712307425999654,0.011285909712722298,0.0071185124466111565,0.023513909064630585,0.5015396348659932,0.71388985105646,0.0035132861596318473,14394,38,5744,33,completed,logistic_l2__linear_common_plus_log1p,logistic_l2,linear_common_plus_log1p,,207,2,142292,20209,0.22654822477721867,0.28586273442525606,67.75170439999783,0.012011499988147989,1
0.45877031643991817,0.6786746745242326,0.5882441464232452,0.2017140762598078,0.5,0.5292620865139949,0.03247970018738289,0.06120347212005296,0.03998615863739475,0.06405457921798331,0.5095115987116723,0.6833564906709012,0.019501786423183804,13563,185,6196,208,completed,logistic_l2__linear_common_plus_log1p,logistic_l2,linear_common_plus_log1p,,207,3,162557,20152,0.23318589786967034,0.3177848352520842,95.4056464000023,0.02385979998507537,1
0.47527059221240897,0.6776413800765044,0.5837274495241455,0.19922037585465918,0.5,0.6094069529652352,0.04743712193568927,0.08802244867818639,0.05816450013662802,0.10094887668849992,0.5167847048725858,0.6920967339815507,0.0243829468960359,13582,191,5984,298,completed,logistic_l2__linear_common_plus_log1p,logistic_l2,linear_common_plus_log1p,,207,4,182766,20055,0.2390105380650668,0.31323859386686614,107.13576720000128,0.013128099992172793,1
0.39288850724306756,0.6491380198939866,0.5736761517826267,0.19422470761314428,0.5,0.36363636363636365,0.0014109347442680777,0.0028109627547434997,0.001761959298740199,0.0061573939405262425,0.5002258510651796,0.7199111769059956,0.001085615593387614,14581,14,5662,8,completed,logistic_l1__linear_common_plus_log1p,logistic_l1,linear_common_plus_log1p,,207,1,122011,20265,0.2187671603380023,0.27979274611398963,200.07890100000077,0.004620199993951246,0
0.4014747217955951,0.6547395769964002,0.5771168220064142,0.19603381934209466,0.5,0.375,0.0020772027003635105,0.004131520055086934,0.0025929127052722557,0.007856631420257465,0.5003456966938625,0.7137414023454897,0.0015834529170171705,14412,20,5765,12,completed,logistic_l1__linear_common_plus_log1p,logistic_l1,linear_common_plus_log1p,,207,2,142292,20209,0.22654822477721867,0.28586273442525606,233.2688427999965,0.014173800009302795,0
0.45288603984020226,0.6738548660851152,0.5944730271657678,0.2043992545478009,0.5,0.5428571428571428,0.011867582760774516,0.023227383863080684,0.014753843764559715,0.04043091457930946,0.5036061800914725,0.6828106391425168,0.0069472012703453755,13684,64,6328,76,completed,logistic_l1__linear_common_plus_log1p,logistic_l1,linear_common_plus_log1p,,207,3,162557,20152,0.23318589786967034,0.3177848352520842,246.7887359999877,0.0064239999919664115,0
0.4664820999098583,0.6691994159727217,0.5905771246342055,0.20218396514486867,0.5,0.6746987951807228,0.017828716969118114,0.034739454094292806,0.022139637858780738,0.07119794895538445,0.50695400126391,0.6896534530042383,0.008277237596609324,13719,54,6170,112,completed,logistic_l1__linear_common_plus_log1p,logistic_l1,linear_common_plus_log1p,,207,4,182766,20055,0.2390105380650668,0.31323859386686614,255.69321389999823,0.012580999988131225,0
0.3928869502547088,0.6491377177925083,0.5736758259554743,0.19422456509594974,0.5,0.36363636363636365,0.0014109347442680777,0.0028109627547434997,0.001761959298740199,0.0061573939405262425,0.5002258510651796,0.7199111769059956,0.001085615593387614,14581,14,5662,8,completed,logistic_elasticnet__linear_common_plus_log1p,logistic_elasticnet,linear_common_plus_log1p,,207,1,122011,20265,0.2187671603380023,0.27979274611398963,208.40927000000374,0.006614199985051528,0
0.4014716918972374,0.6547387733853223,0.5771167165985073,0.1960337498351845,0.5,0.375,0.0020772027003635105,0.004131520055086934,0.0025929127052722557,0.007856631420257465,0.5003456966938625,0.7137414023454897,0.0015834529170171705,14412,20,5765,12,completed,logistic_elasticnet__linear_common_plus_log1p,logistic_elasticnet,linear_common_plus_log1p,,207,2,142292,20209,0.22654822477721867,0.28586273442525606,209.5557387000008,0.007051799999317154,0
0.4528837556884,0.6738541959518682,0.5944733803710465,0.20439944689604725,0.5,0.5428571428571428,0.011867582760774516,0.023227383863080684,0.014753843764559715,0.04043091457930946,0.5036061800914725,0.6828106391425168,0.0069472012703453755,13684,64,6328,76,completed,logistic_elasticnet__linear_common_plus_log1p,logistic_elasticnet,linear_common_plus_log1p,,207,3,162557,20152,0.23318589786967034,0.3177848352520842,247.02387619999354,0.007314900023629889,0
0.4664801826815774,0.6691983122070267,0.5905772129291577,0.20218400330344202,0.5,0.6746987951807228,0.017828716969118114,0.034739454094292806,0.022139637858780738,0.07119794895538445,0.50695400126391,0.6896534530042383,0.008277237596609324,13719,54,6170,112,completed,logistic_elasticnet__linear_common_plus_log1p,logistic_elasticnet,linear_common_plus_log1p,,207,4,182766,20055,0.2390105380650668,0.31323859386686614,298.45857960000285,0.015563599998131394,0
0.5546411163165603,0.7730344220466409,0.5154358759201101,0.17237074249696008,0.5,0.7657657657657657,0.014991181657848324,0.029406677045493858,0.018647711816067745,0.08034263106576066,0.5066048748302945,0.7231186775228226,0.005477424130273871,14569,26,5585,85,completed,random_forest__common_baseline,random_forest,common_baseline,,197,1,122011,20265,0.2187671603380023,0.27979274611398963,56.92036260000896,0.20127969997702166,0
0.5707418107297657,0.7793968128832625,0.5151621840234359,0.1723547146721469,0.5,0.7777777777777778,0.029080837805089146,0.05606540964458535,0.03601440576230492,0.11316402256079455,0.5128774477273783,0.7200752140135583,0.010688307189865902,14384,48,5609,168,completed,random_forest__common_baseline,random_forest,common_baseline,,197,2,142292,20209,0.22654822477721867,0.28586273442525606,70.00053739998839,0.16996970001491718,0
0.6134988956766734,0.7775751880416608,0.5399074753055805,0.18246623736338113,0.5,0.8455114822546973,0.06324172392254841,0.11768124364376,0.0776010730024909,0.17685372671814237,0.5289295614084665,0.698640333465661,0.023769352917824532,13674,74,5999,405,completed,random_forest__common_baseline,random_forest,common_baseline,,197,3,162557,20152,0.23318589786967034,0.3177848352520842,93.76812470000004,0.21370790002401918,0
0.6229315948172428,0.7886327066047698,0.5318705706807971,0.17939023955888284,0.5,0.8133086876155268,0.07004138809296402,0.1289755239630661,0.08570649421481163,0.17952122020972225,0.5313540999856383,0.7036649214659686,0.026975816504612317,13672,101,5842,440,completed,random_forest__common_baseline,random_forest,common_baseline,,197,4,182766,20055,0.2390105380650668,0.31323859386686614,112.06883869998273,0.20575799999642186,0
0.4175894075392153,0.6694586039407325,0.5770781331854719,0.19583763730114184,0.5,0.0,0.0,0.0,0.0,0.0,0.5,0.7202072538860104,0.0,14595,0,5670,0,completed,extra_trees__common_baseline,extra_trees,common_baseline,,197,1,122011,20265,0.2187671603380023,0.27979274611398963,17.143747299996903,0.15776699999696575,0
0.42981082035117346,0.6715479362883705,0.5797349469279315,0.19716023674564156,0.5,0.0,0.0,0.0,0.0,0.0,0.5,0.7141372655747439,0.0,14432,0,5777,0,completed,extra_trees__common_baseline,extra_trees,common_baseline,,197,2,142292,20209,0.22654822477721867,0.28586273442525606,20.46441520002554,0.15649260001373477,0
0.4951413304785757,0.6890425217945504,0.6088179141202543,0.21046693656157506,0.5,0.0,0.0,0.0,0.0,0.0,0.5,0.6822151647479159,0.0,13748,0,6404,0,completed,extra_trees__common_baseline,extra_trees,common_baseline,,197,3,162557,20152,0.23318589786967034,0.3177848352520842,26.898292099998798,0.17119779999484308,0
0.49803838283130863,0.6834699217375801,0.6043496522782573,0.2083578298394879,0.5,0.0,0.0,0.0,0.0,0.0,0.5,0.6867614061331339,0.0,13773,0,6282,0,completed,extra_trees__common_baseline,extra_trees,common_baseline,,197,4,182766,20055,0.2390105380650668,0.31323859386686614,31.719226999994135,0.1842348000209313,0
0.602131113762477,0.8008204471947763,0.472792803585636,0.15520632045183083,0.5,0.6510238907849829,0.40370370370370373,0.4983670803396473,0.43689876316994963,0.37890246039826847,0.6598169083780595,0.7726128793486307,0.17350111028867504,13368,1227,3381,2289,completed,lightgbm__common_baseline,lightgbm,common_baseline,,197,1,122011,20265,0.2187671603380023,0.27979274611398963,9.562254399992526,0.10471189999952912,0
0.6198270296679143,0.8087281374607693,0.46873033101356215,0.1541554412594052,0.5,0.6579439252336449,0.42651895447464083,0.5175383322831338,0.458794175697315,0.39275916563503266,0.6688789340000698,0.7726755406007224,0.18531347419466573,13151,1281,3313,2464,completed,lightgbm__common_baseline,lightgbm,common_baseline,,197,2,142292,20209,0.22654822477721867,0.28586273442525606,8.98119009999209,0.06818949998705648,0
0.6536583552718183,0.8022804793410869,0.4938475297561261,0.1637875114191603,0.5,0.6686100746268657,0.4476889444097439,0.5362888140665918,0.4793673087212413,0.39172798543805104,0.6721642278056866,0.7539698292973402,0.2127828503374355,12327,1421,3537,2867,completed,lightgbm__common_baseline,lightgbm,common_baseline,,197,3,162557,20152,0.23318589786967034,0.3177848352520842,10.664722799992887,0.06727140001021326,0
0.6620998997552534,0.8118671709639212,0.48142559959878334,0.158819566017392,0.5,0.6817462112644198,0.47978350843680356,0.5632065775950668,0.510000338420928,0.4225042673566718,0.6888135577470448,0.7668910496135627,0.22044377960608327,12366,1407,3268,3014,completed,lightgbm__common_baseline,lightgbm,common_baseline,,197,4,182766,20055,0.2390105380650668,0.31323859386686614,14.093550799996592,0.11055990000022575,0
0.6003783701368135,0.8015400589581245,0.47156262537675564,0.1549464686253744,0.5,0.6458333333333334,0.40458553791887125,0.4975059639991325,0.4372522110399512,0.3759166348804981,0.6591958179488155,0.7713298791018999,0.17527757216876388,13337,1258,3376,2294,completed,xgboost__common_baseline,xgboost,common_baseline,,197,1,122011,20265,0.2187671603380023,0.27979274611398963,10.78525320001063,0.044044499984011054,0
0.6182819092884397,0.8086000034735189,0.4685270165626118,0.15427890845722256,0.5,0.6563349646547036,0.4178639432231262,0.5106292966684294,0.45060852684238034,0.38676070154326303,0.665140397332184,0.7710426047800485,0.18199811964966103,13168,1264,3363,2414,completed,xgboost__common_baseline,xgboost,common_baseline,,197,2,142292,20209,0.22654822477721867,0.28586273442525606,12.01018589999876,0.044571799982804805,0
0.6498823308126382,0.8027322570523913,0.49392716819595134,0.16375338791401411,0.5,0.6648520710059171,0.438632104934416,0.5285539561576819,0.4706611708722898,0.3839129082436694,0.6678176526999692,0.7513398173878523,0.20965660976578007,12332,1416,3595,2809,completed,xgboost__common_baseline,xgboost,common_baseline,,197,3,162557,20152,0.23318589786967034,0.3177848352520842,13.92919759999495,0.04752999998163432,0
0.6618592306063481,0.8114499244157434,0.4818154342818862,0.15888480626522475,0.5,0.6850828729281768,0.47373447946513847,0.5601355166572558,0.504885993485342,0.42156400775767844,0.6872048568094589,0.7669409124906507,0.21660433807030666,12405,1368,3306,2976,completed,xgboost__common_baseline,xgboost,common_baseline,,197,4,182766,20055,0.2390105380650668,0.31323859386686614,15.159607700014021,0.043834099982632324,0
0.5634277567348204,0.7826157516919193,0.4889720103566252,0.16130880924892502,0.5,0.6362976406533575,0.3091710758377425,0.41614243323442135,0.344603892274425,0.31501864148568964,0.6202587136639894,0.7572662225511967,0.13594867999013077,13593,1002,3917,1753,completed,catboost__common_baseline,catboost,common_baseline,,197,1,122011,20265,0.2187671603380023,0.27979274611398963,48.79359640000621,0.0,0
0.5826511032166166,0.7879852563514542,0.48896965884964183,0.1617071454733189,0.5,0.6201975850713501,0.3912065085684611,0.4797792166436684,0.4223983253588517,0.3470607439044101,0.6476542520669356,0.757484289178089,0.1803157009253303,13048,1384,3517,2260,completed,catboost__common_baseline,catboost,common_baseline,,197,2,142292,20209,0.22654822477721867,0.28586273442525606,51.11906040000031,0.0,0
0.605194903388278,0.7758054570017975,0.5216709667360332,0.17445871089451975,0.5,0.62436177972283,0.400999375390381,0.48835219168964533,0.4319015103097985,0.3334286650666447,0.6443096964237328,0.7329793568876538,0.20409884874950376,12203,1545,3836,2568,completed,catboost__common_baseline,catboost,common_baseline,,197,3,162557,20152,0.23318589786967034,0.3177848352520842,65.27327459998196,0.0,0
0.6025645335491443,0.780823974613805,0.5148640157729849,0.17208869923488407,0.5,0.6310728744939271,0.3970073225087552,0.48739495798319327,0.42881705639614853,0.3394808141964686,0.645574016296852,0.7384193467963102,0.19705809025180754,12315,1458,3788,2494,completed,catboost__common_baseline,catboost,common_baseline,,197,4,182766,20055,0.2390105380650668,0.31323859386686614,65.40455730000394,0.0,0
0.5555071427063547,0.7720935572026127,0.5143226592232966,0.1719322230383298,0.5,0.8109756097560976,0.02345679012345679,0.04559478916695235,0.02911048853090527,0.10688337950138779,0.5106663875249007,0.725240562546262,0.008092770787071305,14564,31,5537,133,completed,random_forest__tree_plus_sales_amount_raw_components,random_forest,tree_plus_sales_amount_raw_components,sales_amount_raw_components,220,1,122011,20265,0.2187671603380023,0.27979274611398963,68.50212459999602,0.21705239999573678,0
0.575682489996301,0.7765808637125508,0.5163921677182783,0.17267786954386807,0.5,0.8174904942965779,0.03721654838151289,0.07119205298013245,0.04599717598733473,0.13511015656018602,0.5169453030155902,0.7224009104854273,0.013014003661734871,14384,48,5562,215,completed,random_forest__tree_plus_sales_amount_raw_components,random_forest,tree_plus_sales_amount_raw_components,sales_amount_raw_components,220,2,142292,20209,0.22654822477721867,0.28586273442525606,93.09757919999538,0.23344720000750385,0
0.6156820523423494,0.7781574770423707,0.5381732438001223,0.18183330792878868,0.5,0.826955074875208,0.07760774515927546,0.1418986438258387,0.09478582599076935,0.1917293019204799,0.5350215042351513,0.7017169511710997,0.02982334259626836,13644,104,5907,497,completed,random_forest__tree_plus_sales_amount_raw_components,random_forest,tree_plus_sales_amount_raw_components,sales_amount_raw_components,220,3,162557,20152,0.23318589786967034,0.3177848352520842,111.08488999999827,0.21042680001119152,0
0.6250141135777009,0.7881831445709071,0.5307424766552159,0.1787829714358088,0.5,0.811965811965812,0.09073543457497613,0.16323024054982818,0.11033681765389082,0.20479384730799155,0.5405757329703458,0.7086013462976813,0.0350037397157816,13641,132,5712,570,completed,random_forest__tree_plus_sales_amount_raw_components,random_forest,tree_plus_sales_amount_raw_components,sales_amount_raw_components,220,4,182766,20055,0.2390105380650668,0.31323859386686614,126.9905772000202,0.23151969999889843,0
0.43046244485067736,0.6814614219433222,0.5725237683438228,0.19409237199320328,0.5,0.0,0.0,0.0,0.0,0.0,0.5,0.7202072538860104,0.0,14595,0,5670,0,completed,extra_trees__tree_plus_sales_amount_raw_components,extra_trees,tree_plus_sales_amount_raw_components,sales_amount_raw_components,220,1,122011,20265,0.2187671603380023,0.27979274611398963,19.885327999974834,0.19403080001939088,0
0.4321739522786483,0.6737703647041349,0.5801948826625621,0.19739353281072963,0.5,0.0,0.0,0.0,0.0,0.0,0.5,0.7141372655747439,0.0,14432,0,5777,0,completed,extra_trees__tree_plus_sales_amount_raw_components,extra_trees,tree_plus_sales_amount_raw_components,sales_amount_raw_components,220,2,142292,20209,0.22654822477721867,0.28586273442525606,25.237393599993084,0.1819472999777645,0
0.5017640737317803,0.6939194562534291,0.6049646605208553,0.20896829367400135,0.5,0.0,0.0,0.0,0.0,0.0,0.5,0.6822151647479159,0.0,13748,0,6404,0,completed,extra_trees__tree_plus_sales_amount_raw_components,extra_trees,tree_plus_sales_amount_raw_components,sales_amount_raw_components,220,3,162557,20152,0.23318589786967034,0.3177848352520842,31.47247020000941,0.18273739999858662,0
0.5024467133607491,0.6874066436708931,0.6022616514548794,0.2075512961176495,0.5,0.0,0.0,0.0,0.0,0.0,0.5,0.6867614061331339,0.0,13773,0,6282,0,completed,extra_trees__tree_plus_sales_amount_raw_components,extra_trees,tree_plus_sales_amount_raw_components,sales_amount_raw_components,220,4,182766,20055,0.2390105380650668,0.31323859386686614,36.16645369998878,0.17037899998831563,0
0.5989113971157926,0.800121178944977,0.4738536016322008,0.15564684958949365,0.5,0.6432232346241458,0.3984126984126984,0.49204966238292314,0.43123854612095297,0.37068528491476055,0.6562806897339272,0.7698494942018258,0.17330372563533186,13342,1253,3411,2259,completed,lightgbm__tree_plus_sales_amount_raw_components,lightgbm,tree_plus_sales_amount_raw_components,sales_amount_raw_components,220,1,122011,20265,0.2187671603380023,0.27979274611398963,9.908869300008519,0.0624404999834951,0
0.6185923806316554,0.8083849955304832,0.468802702583686,0.15421825574494294,0.5,0.6546570589805177,0.4246148519993076,0.5151196976060479,0.45671197169986966,0.3894172243150905,0.6674764947357956,0.7714879509129595,0.18541244000197932,13138,1294,3324,2453,completed,lightgbm__tree_plus_sales_amount_raw_components,lightgbm,tree_plus_sales_amount_raw_components,sales_amount_raw_components,220,2,142292,20209,0.22654822477721867,0.28586273442525606,10.807657400000608,0.06010090000927448,0
0.6507293745558471,0.8024612790194956,0.4943806388172004,0.16390056072847214,0.5,0.6741258741258741,0.45159275452841974,0.5408640359079858,0.48351501370962346,0.3980047417987537,0.6749526181719783,0.7563517268757444,0.212882096069869,12350,1398,3512,2892,completed,lightgbm__tree_plus_sales_amount_raw_components,lightgbm,tree_plus_sales_amount_raw_components,sales_amount_raw_components,220,3,162557,20152,0.23318589786967034,0.3177848352520842,12.682549499993911,0.06740820000413805,0
0.661076871878499,0.8120960838786108,0.4813667739688983,0.15885436601570674,0.5,0.6857798165137615,0.4759630690862783,0.5619244502912987,0.5069858925664678,0.4233468636917305,0.6882465457970417,0.7675392670157068,0.21740214410371478,12403,1370,3292,2990,completed,lightgbm__tree_plus_sales_amount_raw_components,lightgbm,tree_plus_sales_amount_raw_components,sales_amount_raw_components,220,4,182766,20055,0.2390105380650668,0.31323859386686614,14.04009359999327,0.0646161999902688,0
0.6008743914647342,0.8016013976422792,0.4717151270266354,0.15497749062486046,0.5,0.6508474576271186,0.40634920634920635,0.5003257328990228,0.43935926773455375,0.3802853080814233,0.6608313349320544,0.7729089563286454,0.17468541820873426,13359,1236,3366,2304,completed,xgboost__tree_plus_sales_amount_raw_components,xgboost,tree_plus_sales_amount_raw_components,sales_amount_raw_components,220,1,122011,20265,0.2187671603380023,0.27979274611398963,13.159965500002727,0.045093499997165054,0
0.6184474206395731,0.8086738817188123,0.4681692518995348,0.15428183077280264,0.5,0.6530992285182229,0.42496105244936816,0.5148909395973155,0.4568801875907247,0.3885343535228171,0.6673031426326663,0.7710920876837053,0.18600623484586076,13128,1304,3322,2455,completed,xgboost__tree_plus_sales_amount_raw_components,xgboost,tree_plus_sales_amount_raw_components,sales_amount_raw_components,220,2,142292,20209,0.22654822477721867,0.28586273442525606,14.46333759999834,0.04606329998932779,0
0.653055554296996,0.8034404799916839,0.49353281046276587,0.1635751016026699,0.5,0.674237047551455,0.44503435352904436,0.5361678111184273,0.47749891096739605,0.39441229890389445,0.6724371651264658,0.7553096466851925,0.20975585549821357,12371,1377,3554,2850,completed,xgboost__tree_plus_sales_amount_raw_components,xgboost,tree_plus_sales_amount_raw_components,sales_amount_raw_components,220,3,162557,20152,0.23318589786967034,0.3177848352520842,16.86187720001908,0.04161800001747906,0
0.66196603127918,0.8107355106250104,0.48238996439596216,0.15916217075527028,0.5,0.6794489092996556,0.4710283349251831,0.5563598759048604,0.5018146050266256,0.4158476517224947,0.684835303017663,0.7646970830216904,0.21715282971827474,12377,1396,3323,2959,completed,xgboost__tree_plus_sales_amount_raw_components,xgboost,tree_plus_sales_amount_raw_components,sales_amount_raw_components,220,4,182766,20055,0.2390105380650668,0.31323859386686614,19.32271629999741,0.046780799981206656,0
0.5633221896342215,0.7810299243598318,0.49103992226828747,0.16202130054018124,0.5,0.632824427480916,0.29241622574955906,0.4,0.3276679841897233,0.30304458236414933,0.6132516209254818,0.7545521835677276,0.12928694793979767,13633,962,4012,1658,completed,catboost__tree_plus_sales_amount_raw_components,catboost,tree_plus_sales_amount_raw_components,sales_amount_raw_components,220,1,122011,20265,0.2187671603380023,0.27979274611398963,54.11968319999869,0.0,0
0.5784297621035042,0.784799921951373,0.49324115512301314,0.16322141473777016,0.5,0.6211652124964818,0.3820321966418556,0.47309753483386924,0.41390045384644236,0.3427515210836892,0.6443836149506396,0.7567420456232372,0.17581275669256272,13086,1346,3570,2207,completed,catboost__tree_plus_sales_amount_raw_components,catboost,tree_plus_sales_amount_raw_components,sales_amount_raw_components,220,2,142292,20209,0.22654822477721867,0.28586273442525606,57.203902399982326,0.0,0
0.5996081023021538,0.7740995476350703,0.5236542617517624,0.17561028191972414,0.5,0.6155735691476296,0.39131792629606493,0.478472553699284,0.4220702664465928,0.3217918344865613,0.638741593348789,0.7289102818578801,0.20201468836840017,12183,1565,3898,2506,completed,catboost__tree_plus_sales_amount_raw_components,catboost,tree_plus_sales_amount_raw_components,sales_amount_raw_components,220,3,162557,20152,0.23318589786967034,0.3177848352520842,66.72583410001243,0.0,0
0.6052204400191863,0.7828991119089662,0.5125580394982577,0.17099183856310454,0.5,0.6349206349206349,0.4075135307226998,0.49641264300950166,0.438957475994513,0.3479161490093794,0.6503188796429153,0.7410122164048866,0.20104712041884817,12301,1472,3722,2560,completed,catboost__tree_plus_sales_amount_raw_components,catboost,tree_plus_sales_amount_raw_components,sales_amount_raw_components,220,4,182766,20055,0.2390105380650668,0.31323859386686614,68.64058550001937,0.0,0
0.5593681149936656,0.7746397530501676,0.513227495130062,0.17146079426275063,0.5,0.7974683544303798,0.022222222222222223,0.043239533287577216,0.027585602942464312,0.10222700471078715,0.5100148452666439,0.7248457932395757,0.007796693807056501,14563,32,5544,126,completed,random_forest__tree_plus_transaction_count_raw_components,random_forest,tree_plus_transaction_count_raw_components,transaction_count_raw_components,220,1,122011,20265,0.2187671603380023,0.27979274611398963,71.85752890000003,0.19412619998911396,0
0.5705497436434281,0.7780776073365325,0.515844022698958,0.1726697914725537,0.5,0.7894736842105263,0.036351047256361436,0.0695019030282972,0.04492170788055104,0.1287274356690658,0.5162353905904867,0.7217576327378891,0.013162452372705231,14376,56,5567,210,completed,random_forest__tree_plus_transaction_count_raw_components,random_forest,tree_plus_transaction_count_raw_components,transaction_count_raw_components,220,2,142292,20209,0.22654822477721867,0.28586273442525606,90.07832309999503,0.23311199998715892,0
0.6167851222689613,0.7790944369036155,0.5376455318404741,0.1816579441853672,0.5,0.8419182948490231,0.07401623985009369,0.1360700444954787,0.09053057794415371,0.19083704383474415,0.5337712854763997,0.7013199682413657,0.02793767368003176,13659,89,5930,474,completed,random_forest__tree_plus_transaction_count_raw_components,random_forest,tree_plus_transaction_count_raw_components,transaction_count_raw_components,220,3,162557,20152,0.23318589786967034,0.3177848352520842,109.30530799998087,0.1874375999905169,0
0.6202200999966891,0.7854065786238426,0.5326332690824047,0.17958674266333516,0.5,0.8088012139605463,0.0848455905762496,0.15358017576718053,0.10334664753557994,0.1969448308765016,0.5378486284399435,0.7070555971079532,0.032859636000997255,13647,126,5749,533,completed,random_forest__tree_plus_transaction_count_raw_components,random_forest,tree_plus_transaction_count_raw_components,transaction_count_raw_components,220,4,182766,20055,0.2390105380650668,0.31323859386686614,141.47132700000657,0.20196229999419302,0
0.4331778760389088,0.6848713742535828,0.5715144307686408,0.1937672106272277,0.5,0.0,0.0,0.0,0.0,0.0,0.5,0.7202072538860104,0.0,14595,0,5670,0,completed,extra_trees__tree_plus_transaction_count_raw_components,extra_trees,tree_plus_transaction_count_raw_components,transaction_count_raw_components,220,1,122011,20265,0.2187671603380023,0.27979274611398963,21.887252000014996,0.22568599999067374,0
0.4382811661353896,0.6781823694350293,0.577633467411258,0.19646586262502733,0.5,0.0,0.0,0.0,0.0,0.0,0.5,0.7141372655747439,0.0,14432,0,5777,0,completed,extra_trees__tree_plus_transaction_count_raw_components,extra_trees,tree_plus_transaction_count_raw_components,transaction_count_raw_components,220,2,142292,20209,0.22654822477721867,0.28586273442525606,25.179785999993328,0.16860000000451691,0
0.499642486854173,0.6949746321627249,0.6022248672790182,0.20792252354438767,0.5,0.0,0.0,0.0,0.0,0.0,0.5,0.6822151647479159,0.0,13748,0,6404,0,completed,extra_trees__tree_plus_transaction_count_raw_components,extra_trees,tree_plus_transaction_count_raw_components,transaction_count_raw_components,220,3,162557,20152,0.23318589786967034,0.3177848352520842,30.213304300006712,0.20025200000964105,0
0.5013915702395866,0.6866105454398608,0.6021567706174026,0.20755060527341546,0.5,0.0,0.0,0.0,0.0,0.0,0.5,0.6867614061331339,0.0,13773,0,6282,0,completed,extra_trees__tree_plus_transaction_count_raw_components,extra_trees,tree_plus_transaction_count_raw_components,transaction_count_raw_components,220,4,182766,20055,0.2390105380650668,0.31323859386686614,40.54243990001851,0.16996410000137985,0
0.6040465015522657,0.801433979045033,0.47258666805906446,0.15506993737130567,0.5,0.6513840830449827,0.3984126984126984,0.4944189100459619,0.4319642037631941,0.37613374043010306,0.6577880552700697,0.772020725388601,0.17113249444855663,13386,1209,3411,2259,completed,lightgbm__tree_plus_transaction_count_raw_components,lightgbm,tree_plus_transaction_count_raw_components,transaction_count_raw_components,220,1,122011,20265,0.2187671603380023,0.27979274611398963,9.971628100000089,0.06360439999843948,0
0.6194186395980699,0.8076723004520947,0.46970118570841307,0.15450212309252456,0.5,0.6623732529460126,0.41838324389821707,0.5128368342881392,0.4516575101842509,0.39116884617121106,0.6665086951198402,0.772774506408036,0.18056311544361422,13200,1232,3360,2417,completed,lightgbm__tree_plus_transaction_count_raw_components,lightgbm,tree_plus_transaction_count_raw_components,transaction_count_raw_components,220,2,142292,20209,0.22654822477721867,0.28586273442525606,10.644067199988058,0.05976830000872724,0
0.6508797277298293,0.8020724654379345,0.49431784737889906,0.1638738188458914,0.5,0.6705991209808003,0.452685821361649,0.5405052670830615,0.4841511072514112,0.39599050362476773,0.6745535595024713,0.755408892417626,0.21451965065502182,12324,1424,3505,2899,completed,lightgbm__tree_plus_transaction_count_raw_components,lightgbm,tree_plus_transaction_count_raw_components,transaction_count_raw_components,220,3,162557,20152,0.23318589786967034,0.3177848352520842,11.438588200020604,0.0710100999858696,0
0.6629839526485286,0.8119172853937956,0.48127814468283103,0.15876374768891996,0.5,0.6800456100342075,0.47468958930276983,0.5591075278897535,0.5052010978212991,0.4183573094450384,0.6864118098260019,0.7654948890550984,0.21864871603091499,12370,1403,3300,2982,completed,lightgbm__tree_plus_transaction_count_raw_components,lightgbm,tree_plus_transaction_count_raw_components,transaction_count_raw_components,220,4,182766,20055,0.2390105380650668,0.31323859386686614,14.703938499995274,0.06513020000420511,0
0.6002005461153115,0.8014620623984562,0.47177015643425885,0.15497176673097887,0.5,0.6477561388653683,0.40476190476190477,0.4982090524259199,0.4375929527514014,0.37731069025521546,0.6596265844467284,0.7718726868985937,0.17483345669874167,13347,1248,3375,2295,completed,xgboost__tree_plus_transaction_count_raw_components,xgboost,tree_plus_transaction_count_raw_components,transaction_count_raw_components,220,1,122011,20265,0.2187671603380023,0.27979274611398963,14.168995199986966,0.04928400000790134,0
0.619137882253024,0.8092083430566276,0.4678190431379456,0.15391755471698262,0.5,0.6565389696169088,0.43015405920027694,0.5197657393850659,0.46201613802848324,0.393838888580386,0.6700382269393845,0.772774506408036,0.1872927903409372,13132,1300,3292,2485,completed,xgboost__tree_plus_transaction_count_raw_components,xgboost,tree_plus_transaction_count_raw_components,transaction_count_raw_components,220,2,142292,20209,0.22654822477721867,0.28586273442525606,14.801121399999829,0.04367039998760447,0
0.6519072174032827,0.8036923081151819,0.4934100695378695,0.163527856918918,0.5,0.6768234165067178,0.44050593379138037,0.5336738554672721,0.47357641686811713,0.393763058743011,0.6712640230493125,0.7553592695514093,0.20682810639142518,12401,1347,3583,2821,completed,xgboost__tree_plus_transaction_count_raw_components,xgboost,tree_plus_transaction_count_raw_components,transaction_count_raw_components,220,3,162557,20152,0.23318589786967034,0.3177848352520842,16.911771999992197,0.04323480001767166,0
0.6620358956256245,0.8113594156287629,0.4817715743025031,0.15900136442122204,0.5,0.6800547695116386,0.4743712193568927,0.5588897224306076,0.5049135886140291,0.41818458991544716,0.6862889277645569,0.7654450261780105,0.21849912739965097,12371,1402,3302,2980,completed,xgboost__tree_plus_transaction_count_raw_components,xgboost,tree_plus_transaction_count_raw_components,transaction_count_raw_components,220,4,182766,20055,0.2390105380650668,0.31323859386686614,20.397697500011418,0.04432389998692088,0
0.550571889113456,0.7769802057069386,0.49498464254757496,0.16374513043752528,0.5,0.6190666134822497,0.27372134038800705,0.37960132077779135,0.3080954460634454,0.2839772697634127,0.604143986398183,0.7496669133974834,0.12371083148285221,13640,955,4118,1552,completed,catboost__tree_plus_transaction_count_raw_components,catboost,tree_plus_transaction_count_raw_components,transaction_count_raw_components,220,1,122011,20265,0.2187671603380023,0.27979274611398963,54.48022460000357,0.0,0
0.5778255781422151,0.7826434975917576,0.49390660014367255,0.16332825836375423,0.5,0.6095008051529791,0.39311061104379436,0.4779543302115122,0.423157188641276,0.34055971959182924,0.6461464917746688,0.7545153149586817,0.1843732990251868,12977,1455,3506,2271,completed,catboost__tree_plus_transaction_count_raw_components,catboost,tree_plus_transaction_count_raw_components,transaction_count_raw_components,220,2,142292,20209,0.22654822477721867,0.28586273442525606,61.52684420000878,0.0,0
0.6002498877780504,0.7735558196915406,0.526793655570824,0.17668460802068622,0.5,0.6178580262181549,0.3900687070580887,0.4782234134201206,0.42112006473583063,0.3228624273896082,0.6388443622575867,0.7295057562524812,0.20062524811433108,12203,1545,3906,2498,completed,catboost__tree_plus_transaction_count_raw_components,catboost,tree_plus_transaction_count_raw_components,transaction_count_raw_components,220,3,162557,20152,0.23318589786967034,0.3177848352520842,62.55044660001295,0.0,0
0.613185716729702,0.7875763623826203,0.5075799603061645,0.16921551589584485,0.5,0.6359659781287971,0.4165870741801974,0.5034144464749447,0.44745751119926136,0.3535379226910852,0.6539117756728331,0.7425579655946148,0.20518573921715283,12275,1498,3665,2617,completed,catboost__tree_plus_transaction_count_raw_components,catboost,tree_plus_transaction_count_raw_components,transaction_count_raw_components,220,4,182766,20055,0.2390105380650668,0.31323859386686614,70.89367109999876,0.0,0
0.5537713233005664,0.7724011690118805,0.5160343380451173,0.17259767808267185,0.5,0.7983193277310925,0.01675485008818342,0.0328208671618587,0.020834247116101583,0.08877754266483885,0.5075552256607412,0.7237108314828522,0.0058721934369602765,14571,24,5575,95,completed,random_forest__tree_plus_floating_population_raw_components,random_forest,tree_plus_floating_population_raw_components,floating_population_raw_components,218,1,122011,20265,0.2187671603380023,0.27979274611398963,74.515080400015,0.1927060000016354,0
0.5713227797661242,0.7804074197818631,0.5141374071664571,0.17186898577995244,0.5,0.7622641509433963,0.034966245456119094,0.06686527639854353,0.04321225345484105,0.12154027883947227,0.5153004730606537,0.7210153891830373,0.013112969469048445,14369,63,5575,202,completed,random_forest__tree_plus_floating_population_raw_components,random_forest,tree_plus_floating_population_raw_components,floating_population_raw_components,218,2,142292,20209,0.22654822477721867,0.28586273442525606,97.25646979999146,0.21738960000220686,0
0.6082878931398531,0.7759874606484127,0.5420550816725789,0.18348805109562058,0.5,0.8372093023255814,0.05059337913803873,0.09542040936533648,0.06230050378802446,0.15609974987407493,0.5230054472064939,0.6951667328304882,0.01920404922588329,13685,63,6080,324,completed,random_forest__tree_plus_floating_population_raw_components,random_forest,tree_plus_floating_population_raw_components,floating_population_raw_components,218,3,162557,20152,0.23318589786967034,0.3177848352520842,103.23322940000799,0.18940279999515042,0
0.6206976749587764,0.7864091330497199,0.5332374366360217,0.17987342706649329,0.5,0.8044280442804428,0.06940464820120981,0.12778429073856976,0.08492403583950137,0.17650055613938603,0.5308542154822937,0.7032161555721765,0.027025679381700324,13667,106,5846,436,completed,random_forest__tree_plus_floating_population_raw_components,random_forest,tree_plus_floating_population_raw_components,floating_population_raw_components,218,4,182766,20055,0.2390105380650668,0.31323859386686614,128.94770330001484,0.16662319999886677,0
0.42683624763890665,0.6788620683196451,0.5743865336878426,0.194803538399573,0.5,0.0,0.0,0.0,0.0,0.0,0.5,0.7202072538860104,0.0,14595,0,5670,0,completed,extra_trees__tree_plus_floating_population_raw_components,extra_trees,tree_plus_floating_population_raw_components,floating_population_raw_components,218,1,122011,20265,0.2187671603380023,0.27979274611398963,23.295439600013196,0.16217719999258406,0
0.4296669694297949,0.6681190357664981,0.5812717142551376,0.19775246732283616,0.5,0.0,0.0,0.0,0.0,0.0,0.5,0.7141372655747439,0.0,14432,0,5777,0,completed,extra_trees__tree_plus_floating_population_raw_components,extra_trees,tree_plus_floating_population_raw_components,floating_population_raw_components,218,2,142292,20209,0.22654822477721867,0.28586273442525606,31.36234510000213,0.16856510000070557,0
0.4987268015068489,0.6907986684384233,0.6060209728728694,0.209330258954393,0.5,0.0,0.0,0.0,0.0,0.0,0.5,0.6822151647479159,0.0,13748,0,6404,0,completed,extra_trees__tree_plus_floating_population_raw_components,extra_trees,tree_plus_floating_population_raw_components,floating_population_raw_components,218,3,162557,20152,0.23318589786967034,0.3177848352520842,30.898939100006828,0.18879569999990053,0
0.5058173209037491,0.6884488643152504,0.6007388789430125,0.20685530652278342,0.5,0.0,0.0,0.0,0.0,0.0,0.5,0.6867614061331339,0.0,13773,0,6282,0,completed,extra_trees__tree_plus_floating_population_raw_components,extra_trees,tree_plus_floating_population_raw_components,floating_population_raw_components,218,4,182766,20055,0.2390105380650668,0.31323859386686614,33.970517400011886,0.1590524000057485,0
0.6001978892173454,0.8010908763540944,0.47242319257936805,0.15509438003267645,0.5,0.6484574016416643,0.4040564373897707,0.497881125719874,0.4369969099301873,0.37738307842446717,0.6594794006064989,0.7719713792252653,0.17433999506538367,13353,1242,3379,2291,completed,lightgbm__tree_plus_floating_population_raw_components,lightgbm,tree_plus_floating_population_raw_components,floating_population_raw_components,218,1,122011,20265,0.2187671603380023,0.27979274611398963,10.244893099996261,0.06706820000545122,0
0.6205981272217038,0.8090389070582289,0.4684005575681895,0.1540828451561716,0.5,0.6577896138482024,0.4275575558248226,0.5182543013008812,0.4597401630495477,0.39323953191645367,0.6692596537438968,0.772774506408036,0.1858083032312336,13147,1285,3307,2470,completed,lightgbm__tree_plus_floating_population_raw_components,lightgbm,tree_plus_floating_population_raw_components,floating_population_raw_components,218,2,142292,20209,0.22654822477721867,0.28586273442525606,11.256800300005125,0.07005650000064634,0
0.6527789895250093,0.8025322449945365,0.4938353677557594,0.16378481108386353,0.5,0.6680691912108462,0.44628357276702063,0.5351057854334395,0.4780223456211949,0.39054463393976946,0.6714979109107143,0.7535728463676062,0.21228662167526796,12328,1420,3546,2858,completed,lightgbm__tree_plus_floating_population_raw_components,lightgbm,tree_plus_floating_population_raw_components,floating_population_raw_components,218,3,162557,20152,0.23318589786967034,0.3177848352520842,11.775506700010737,0.07275019999360666,0
0.6630277817830359,0.8118681649309345,0.4813832596382992,0.15880180178724218,0.5,0.6806187443130118,0.47628143903215536,0.5604045701442217,0.5067064083457526,0.4196835472743591,0.6871714317792013,0.7659436549488905,0.21919720767888307,12369,1404,3290,2992,completed,lightgbm__tree_plus_floating_population_raw_components,lightgbm,tree_plus_floating_population_raw_components,floating_population_raw_components,218,4,182766,20055,0.2390105380650668,0.31323859386686614,13.281159499980276,0.07190690000425093,0
0.6008055679108216,0.8012482591402313,0.47204172248923776,0.1551505285222049,0.5,0.6443313542550184,0.40194003527336863,0.49505810796133376,0.4346416447343327,0.3734152756074578,0.6578730666260643,0.7705896866518628,0.17453737971872688,13337,1258,3391,2279,completed,xgboost__tree_plus_floating_population_raw_components,xgboost,tree_plus_floating_population_raw_components,floating_population_raw_components,218,1,122011,20265,0.2187671603380023,0.27979274611398963,13.490769199997885,0.04840879997937009,0
0.6185416691805181,0.8083801318843322,0.4687145943139172,0.15436906641588552,0.5,0.65368081676518,0.42115284749870174,0.5122644488893567,0.4534103615355945,0.3867949731381251,0.6659187186495725,0.7707457073581078,0.18417536741055965,13143,1289,3344,2433,completed,xgboost__tree_plus_floating_population_raw_components,xgboost,tree_plus_floating_population_raw_components,floating_population_raw_components,218,2,142292,20209,0.22654822477721867,0.28586273442525606,15.899528599984478,0.04520120000233874,0
0.650361889288867,0.8030429262824351,0.49423569748991647,0.1639780887795661,0.5,0.67043813192104,0.4348844472204872,0.5275620382648228,0.46775277124622106,0.38594114331790536,0.6676531633833015,0.7524811433108376,0.20613338626439062,12379,1369,3619,2785,completed,xgboost__tree_plus_floating_population_raw_components,xgboost,tree_plus_floating_population_raw_components,floating_population_raw_components,218,3,162557,20152,0.23318589786967034,0.3177848352520842,16.131220799987204,0.04224360000807792,0
0.6611392428617915,0.8117017332450044,0.4816820378072637,0.15893319182832255,0.5,0.6815462494247584,0.4715058898439987,0.5573955589010162,0.5024767591775803,0.41767719515801655,0.685509715414993,0.7654450261780105,0.21670406382448268,12389,1384,3320,2962,completed,xgboost__tree_plus_floating_population_raw_components,xgboost,tree_plus_floating_population_raw_components,floating_population_raw_components,218,4,182766,20055,0.2390105380650668,0.31323859386686614,16.533379599975888,0.04283809999469668,0
0.5600495425929237,0.7812851155205843,0.4900057680064179,0.1618385164218699,0.5,0.6275412351361719,0.2885361552028219,0.3953123112238734,0.3234863763989402,0.29765832939829434,0.6110032608833568,0.7530224525043178,0.12864544781643228,13624,971,4034,1636,completed,catboost__tree_plus_floating_population_raw_components,catboost,tree_plus_floating_population_raw_components,floating_population_raw_components,218,1,122011,20265,0.2187671603380023,0.27979274611398963,54.29100160000962,0.0,0
0.5913385725325553,0.7925997111030169,0.4837471713774248,0.15963250623016478,0.5,0.6300305301137941,0.39293751081876405,0.4840085287846482,0.4249185728725993,0.35481357271376845,0.6502866600657013,0.760502746301153,0.17828690187540205,13099,1333,3507,2270,completed,catboost__tree_plus_floating_population_raw_components,catboost,tree_plus_floating_population_raw_components,floating_population_raw_components,218,2,142292,20209,0.22654822477721867,0.28586273442525606,60.3969285999774,0.0,0
0.6095682073068179,0.7787321560553603,0.5191577528826802,0.17359336417225854,0.5,0.6356150283067421,0.38569643972517176,0.4800777453838678,0.4186156870720629,0.33364060264655054,0.641349820095347,0.7345176657403731,0.1928344581183009,12332,1416,3934,2470,completed,catboost__tree_plus_floating_population_raw_components,catboost,tree_plus_floating_population_raw_components,floating_population_raw_components,218,3,162557,20152,0.23318589786967034,0.3177848352520842,60.93471130001126,0.0,0
0.6043460658817554,0.7819948793131032,0.514182651833963,0.17175385385016534,0.5,0.6283009466865969,0.4014645017510347,0.4898989898989899,0.4327088051609361,0.3398043256898783,0.6465683069272127,0.7381201695337821,0.20014958863126403,12281,1492,3760,2522,completed,catboost__tree_plus_floating_population_raw_components,catboost,tree_plus_floating_population_raw_components,floating_population_raw_components,218,4,182766,20055,0.2390105380650668,0.31323859386686614,67.18917969998438,0.0,0
0.554124477715112,0.7733881949617931,0.5153456942013531,0.17227184931250164,0.5,0.7631578947368421,0.015343915343915344,0.03008298755186722,0.019083969465648856,0.08099020290801276,0.5067469833656885,0.7231680236861584,0.005625462620281273,14568,27,5583,87,completed,random_forest__tree_plus_resident_population_raw_components,random_forest,tree_plus_resident_population_raw_components,resident_population_raw_components,217,1,122011,20265,0.2187671603380023,0.27979274611398963,71.84883820000687,0.18776489997981116,0
0.5727501938809814,0.7790144259463037,0.5163271739444192,0.17278649054133077,0.5,0.8114285714285714,0.02458023195430154,0.04771505376344086,0.030494352102392302,0.1087158077480714,0.5111468232942239,0.7195309020733337,0.008659508139937652,14399,33,5635,142,completed,random_forest__tree_plus_resident_population_raw_components,random_forest,tree_plus_resident_population_raw_components,resident_population_raw_components,217,2,142292,20209,0.22654822477721867,0.28586273442525606,91.66504910000367,0.18720429998938926,0
0.6099532707546153,0.7754655177145067,0.5420746791729516,0.18342852366913243,0.5,0.8534704370179949,0.051842598376014994,0.09774768143677315,0.06383387810036531,0.1614102350613031,0.5238482703838178,0.6958614529575228,0.019303294958316793,13691,57,6072,332,completed,random_forest__tree_plus_resident_population_raw_components,random_forest,tree_plus_resident_population_raw_components,resident_population_raw_components,217,3,162557,20152,0.23318589786967034,0.3177848352520842,107.48125250000157,0.1923073999932967,0
0.6225308976163013,0.7878651329154651,0.5327620768684554,0.1796771155213646,0.5,0.8063872255489022,0.06431072906717605,0.11912133274362377,0.07881696515665847,0.17019167654088843,0.5286339821187184,0.7020693093991524,0.024981301421091996,13676,97,5878,404,completed,random_forest__tree_plus_resident_population_raw_components,random_forest,tree_plus_resident_population_raw_components,resident_population_raw_components,217,4,182766,20055,0.2390105380650668,0.31323859386686614,127.15841950001777,0.20081179999397136,0
0.4172212559471244,0.6739251501293296,0.5756818886891527,0.19529640784623045,0.5,0.0,0.0,0.0,0.0,0.0,0.5,0.7202072538860104,0.0,14595,0,5670,0,completed,extra_trees__tree_plus_resident_population_raw_components,extra_trees,tree_plus_resident_population_raw_components,resident_population_raw_components,217,1,122011,20265,0.2187671603380023,0.27979274611398963,22.420224100002088,0.1765214999904856,0
0.4269945320866531,0.6703710658559998,0.580833688766131,0.19763951419639855,0.5,0.0,0.0,0.0,0.0,0.0,0.5,0.7141372655747439,0.0,14432,0,5777,0,completed,extra_trees__tree_plus_resident_population_raw_components,extra_trees,tree_plus_resident_population_raw_components,resident_population_raw_components,217,2,142292,20209,0.22654822477721867,0.28586273442525606,28.134020599973155,0.15926060001947917,0
0.49626796830087344,0.6884328254798564,0.605153332064913,0.20896116188509928,0.5,0.0,0.0,0.0,0.0,0.0,0.5,0.6822151647479159,0.0,13748,0,6404,0,completed,extra_trees__tree_plus_resident_population_raw_components,extra_trees,tree_plus_resident_population_raw_components,resident_population_raw_components,217,3,162557,20152,0.23318589786967034,0.3177848352520842,31.856339499994647,0.16622119999374263,0
0.500884505941869,0.6846032984032521,0.603368976277199,0.20791856615950724,0.5,0.0,0.0,0.0,0.0,0.0,0.5,0.6867614061331339,0.0,13773,0,6282,0,completed,extra_trees__tree_plus_resident_population_raw_components,extra_trees,tree_plus_resident_population_raw_components,resident_population_raw_components,217,4,182766,20055,0.2390105380650668,0.31323859386686614,36.498729100014316,0.20930270000826567,0
0.5976554808497389,0.8010588656814533,0.4728717095995081,0.15534606645379478,0.5,0.6461103253182461,0.40282186948853616,0.4962520369364476,0.43562845699027275,0.37510903778827026,0.6585537918871252,0.7711818406118924,0.17443868739205526,13344,1251,3386,2284,completed,lightgbm__tree_plus_resident_population_raw_components,lightgbm,tree_plus_resident_population_raw_components,resident_population_raw_components,217,1,122011,20265,0.2187671603380023,0.27979274611398963,9.673643999994965,0.0705170999863185,0
0.6207460041792647,0.809407596624277,0.46803915905362986,0.15401378697052348,0.5,0.6565495207667732,0.4268651549247014,0.5173607468792615,0.45897855866587256,0.39199247336821125,0.6687402271297564,0.772329160275125,0.1858577861348904,13142,1290,3311,2466,completed,lightgbm__tree_plus_resident_population_raw_components,lightgbm,tree_plus_resident_population_raw_components,resident_population_raw_components,217,2,142292,20209,0.22654822477721867,0.28586273442525606,11.538738300005207,0.08961759999510832,0
0.6537094506229056,0.8025937609549748,0.4938449161787816,0.1637219474998616,0.5,0.6725352112676056,0.44737663960024987,0.5373218304576144,0.47948185834783774,0.39446739941440395,0.6729536674870612,0.7551607780865423,0.21139341008336643,12353,1395,3539,2865,completed,lightgbm__tree_plus_resident_population_raw_components,lightgbm,tree_plus_resident_population_raw_components,resident_population_raw_components,217,3,162557,20152,0.23318589786967034,0.3177848352520842,15.40594019999844,0.06429260000004433,0
0.6633119293304914,0.8119981665700555,0.481137658429558,0.158707240036251,0.5,0.6803445930627976,0.47771410378860235,0.561301786215281,0.5079725109177697,0.4202865902478654,0.6876699466884637,0.7660932435801546,0.2199451508352032,12363,1410,3281,3001,completed,lightgbm__tree_plus_resident_population_raw_components,lightgbm,tree_plus_resident_population_raw_components,resident_population_raw_components,217,4,182766,20055,0.2390105380650668,0.31323859386686614,13.875721200020052,0.07261909998487681,0
0.6003044650279011,0.8011348683713649,0.4721079642916608,0.1551545857943415,0.5,0.646975692481628,0.40370370370370373,0.4971763683753258,0.43653215348234037,0.3761884151777257,0.6590632256099882,0.771527263755243,0.17458672588206267,13346,1249,3381,2289,completed,xgboost__tree_plus_resident_population_raw_components,xgboost,tree_plus_resident_population_raw_components,resident_population_raw_components,217,1,122011,20265,0.2187671603380023,0.27979274611398963,12.95478460000595,0.06081689998973161,0
0.6196058286375473,0.8087786929935094,0.4680639658792044,0.15407832730673945,0.5,0.6508231545406267,0.42426865154924703,0.5136749449858535,0.4560169680732306,0.3865678904597656,0.6665758446216302,0.7703498441288534,0.18635261517145826,13117,1315,3326,2451,completed,xgboost__tree_plus_resident_population_raw_components,xgboost,tree_plus_resident_population_raw_components,resident_population_raw_components,217,2,142292,20209,0.22654822477721867,0.28586273442525606,16.16149269999005,0.07171370001742616,0
0.6515832700933526,0.8035758071539155,0.4931877252384127,0.1635290984341611,0.5,0.6684036001894836,0.4406620861961274,0.531150009410879,0.47288692271599975,0.3876672498340428,0.6694145461530535,0.7527788805081381,0.2095077411671298,12348,1400,3582,2822,completed,xgboost__tree_plus_resident_population_raw_components,xgboost,tree_plus_resident_population_raw_components,resident_population_raw_components,217,3,162557,20152,0.23318589786967034,0.3177848352520842,16.431061900017085,0.04151950002415106,0
0.6623084946008769,0.810961204704663,0.4823762135599893,0.1591186376747887,0.5,0.6813872832369943,0.4691181152499204,0.5556707834448948,0.5002885953892643,0.4162089164141852,0.6845336455869148,0.7649962602842184,0.21565694340563452,12395,1378,3335,2947,completed,xgboost__tree_plus_resident_population_raw_components,xgboost,tree_plus_resident_population_raw_components,resident_population_raw_components,217,4,182766,20055,0.2390105380650668,0.31323859386686614,19.066710599989165,0.04359779998776503,0
0.5683285229362285,0.7833771320056576,0.4888923147989746,0.16116434958491452,0.5,0.6477099236641222,0.299294532627866,0.4094089264173703,0.33537549407114625,0.31582238450546574,0.6180268483625797,0.75840118430792,0.12928694793979767,13672,923,3973,1697,completed,catboost__tree_plus_resident_population_raw_components,catboost,tree_plus_resident_population_raw_components,resident_population_raw_components,217,1,122011,20265,0.2187671603380023,0.27979274611398963,58.13139070000034,0.0,0
0.58216929574468,0.7857797517451074,0.4926677896722475,0.16296565392688786,0.5,0.6135693215339233,0.39605331486930934,0.4813801809383547,0.42627715467451655,0.3450111566313243,0.6481028769468498,0.7560492849720422,0.18452174773615715,12991,1441,3489,2288,completed,catboost__tree_plus_resident_population_raw_components,catboost,tree_plus_resident_population_raw_components,resident_population_raw_components,217,2,142292,20209,0.22654822477721867,0.28586273442525606,65.04206259999773,0.0,0
0.5876151228374876,0.7680347736003665,0.5342943713406753,0.17988170663047098,0.5,0.6028001037075448,0.36305434103685197,0.45317220543806647,0.39442879923998236,0.29780946351047893,0.6258099752900291,0.7215660976578007,0.19139539499801508,12216,1532,4079,2325,completed,catboost__tree_plus_resident_population_raw_components,catboost,tree_plus_resident_population_raw_components,resident_population_raw_components,217,3,162557,20152,0.23318589786967034,0.3177848352520842,60.37064849998569,0.0,0
0.6088293962335363,0.7846123411915209,0.510877935329853,0.1704227143415677,0.5,0.6315145583557622,0.4108564151544094,0.49783007040216026,0.44172514119459183,0.3471685106390722,0.650756022867991,0.7403639990027424,0.2037895786586886,12267,1506,3701,2581,completed,catboost__tree_plus_resident_population_raw_components,catboost,tree_plus_resident_population_raw_components,resident_population_raw_components,217,4,182766,20055,0.2390105380650668,0.31323859386686614,71.74106999998912,0.0,0
0.5521544958098156,0.7723322173704724,0.5154526250515623,0.17229221298326564,0.5,0.7833333333333333,0.016578483245149912,0.03246977547495682,0.0206140350877193,0.08657539828266919,0.5073985256239453,0.7235627929928448,0.005921539600296077,14569,26,5576,94,completed,random_forest__tree_plus_worker_population_raw_components,random_forest,tree_plus_worker_population_raw_components,worker_population_raw_components,217,1,122011,20265,0.2187671603380023,0.27979274611398963,69.29382330001681,0.20126020000316203,0
0.5716845947759672,0.7791214981267947,0.5158895981586504,0.17262073908000664,0.5,0.7549019607843137,0.026657434654665052,0.051496405283397426,0.03303019903912148,0.10482994325861822,0.5115964556865343,0.7192834875550498,0.010094512345984463,14382,50,5623,154,completed,random_forest__tree_plus_worker_population_raw_components,random_forest,tree_plus_worker_population_raw_components,worker_population_raw_components,217,2,142292,20209,0.22654822477721867,0.28586273442525606,95.99584190000314,0.18910419999156147,0
0.6084158726706483,0.7745675618798769,0.5424570757774905,0.18357232089407294,0.5,0.8424821002386634,0.055121798875702684,0.10347354536127804,0.06779335509890531,0.16420712035872115,0.525160550296158,0.6964569273521238,0.020791980944819374,13682,66,6051,353,completed,random_forest__tree_plus_worker_population_raw_components,random_forest,tree_plus_worker_population_raw_components,worker_population_raw_components,217,3,162557,20152,0.23318589786967034,0.3177848352520842,98.46582849998958,0.21092109999153763,0
0.6255838445424413,0.7878093783006783,0.5319520721657903,0.17932769969126267,0.5,0.8277153558052435,0.07035975803884113,0.12969483568075119,0.08611955420466058,0.1834614355740219,0.5318400111620184,0.7042134131139367,0.02662677636499626,13681,92,5840,442,completed,random_forest__tree_plus_worker_population_raw_components,random_forest,tree_plus_worker_population_raw_components,worker_population_raw_components,217,4,182766,20055,0.2390105380650668,0.31323859386686614,129.87969370000064,0.20346320001408458,0
0.4287663663770661,0.6807786121820609,0.5722688502136449,0.19394331105062965,0.5,0.0,0.0,0.0,0.0,0.0,0.5,0.7202072538860104,0.0,14595,0,5670,0,completed,extra_trees__tree_plus_worker_population_raw_components,extra_trees,tree_plus_worker_population_raw_components,worker_population_raw_components,217,1,122011,20265,0.2187671603380023,0.27979274611398963,21.914536700001918,0.18534850000287406,0
0.4242325905232688,0.6675870092503071,0.5831676848518508,0.19858399204706567,0.5,0.0,0.0,0.0,0.0,0.0,0.5,0.7141372655747439,0.0,14432,0,5777,0,completed,extra_trees__tree_plus_worker_population_raw_components,extra_trees,tree_plus_worker_population_raw_components,worker_population_raw_components,217,2,142292,20209,0.22654822477721867,0.28586273442525606,26.980271199980052,0.17886549999821,0
0.498648641546396,0.6908948609548476,0.6062041216071911,0.2093911730334649,0.5,0.0,0.0,0.0,0.0,0.0,0.5,0.6822151647479159,0.0,13748,0,6404,0,completed,extra_trees__tree_plus_worker_population_raw_components,extra_trees,tree_plus_worker_population_raw_components,worker_population_raw_components,217,3,162557,20152,0.23318589786967034,0.3177848352520842,32.40467580000404,0.16956509998999536,0
0.5002080298444056,0.6842930188865523,0.6043273878690124,0.20835928969093265,0.5,0.0,0.0,0.0,0.0,0.0,0.5,0.6867614061331339,0.0,13773,0,6282,0,completed,extra_trees__tree_plus_worker_population_raw_components,extra_trees,tree_plus_worker_population_raw_components,worker_population_raw_components,217,4,182766,20055,0.2390105380650668,0.31323859386686614,36.87928130000364,0.19047140001202933,0
0.6002816899077238,0.8011197935075974,0.4730105261838997,0.15530464569521207,0.5,0.6548135299219427,0.3994708994708995,0.49622083470259615,0.43326064501319866,0.3790106970931725,0.6588310304137642,0.7730569948186529,0.17068837897853442,13401,1194,3405,2265,completed,lightgbm__tree_plus_worker_population_raw_components,lightgbm,tree_plus_worker_population_raw_components,worker_population_raw_components,217,1,122011,20265,0.2187671603380023,0.27979274611398963,8.98471829999471,0.07156040001427755,0
0.6209357282284743,0.8092485056192324,0.46811947860528685,0.15393349469329068,0.5,0.6612689142553756,0.43119266055045874,0.5220033528918693,0.46344186046511626,0.3976969732986431,0.6713890132020587,0.7742589935177396,0.18640209807511504,13156,1276,3286,2491,completed,lightgbm__tree_plus_worker_population_raw_components,lightgbm,tree_plus_worker_population_raw_components,worker_population_raw_components,217,2,142292,20209,0.22654822477721867,0.28586273442525606,11.21509579999838,0.06601849998696707,0
0.6521024940000568,0.8018194390253255,0.49450110241761663,0.164021092291397,0.5,0.6689443920829407,0.443316677076827,0.5332456799398948,0.47538513060951104,0.38954453853088383,0.6705599969614569,0.7533743549027392,0.21059944422389837,12343,1405,3565,2839,completed,lightgbm__tree_plus_worker_population_raw_components,lightgbm,tree_plus_worker_population_raw_components,worker_population_raw_components,217,3,162557,20152,0.23318589786967034,0.3177848352520842,13.398562699992908,0.07974629997625016,0
0.6618103396229893,0.8112451903265373,0.48216448483618324,0.1590264933855825,0.5,0.6800910125142207,0.4758038841133397,0.5598951016203053,0.5062154930054533,0.41901963488972027,0.6868600484968064,0.7656943405634505,0.21914734480179507,12367,1406,3293,2989,completed,lightgbm__tree_plus_worker_population_raw_components,lightgbm,tree_plus_worker_population_raw_components,worker_population_raw_components,217,4,182766,20055,0.2390105380650668,0.31323859386686614,13.293408800003817,0.07032689999323338,0
0.599454241778475,0.8015234735869656,0.4716823707944716,0.1550849133431345,0.5,0.6463899943149517,0.40105820105820106,0.49499346974314323,0.4340025956179861,0.3743015599114964,0.6579117658254349,0.771033802121885,0.17359980261534666,13351,1244,3396,2274,completed,xgboost__tree_plus_worker_population_raw_components,xgboost,tree_plus_worker_population_raw_components,worker_population_raw_components,217,1,122011,20265,0.2187671603380023,0.27979274611398963,12.01074910000898,0.04557739998563193,0
0.6181053294420779,0.8092326253047966,0.4676146551061097,0.15396640186653543,0.5,0.6520136878125823,0.42876925740003463,0.5173350041771094,0.4602891440888988,0.3899158644022129,0.6685836309173122,0.7712900192983324,0.1879855509921322,13110,1322,3300,2477,completed,xgboost__tree_plus_worker_population_raw_components,xgboost,tree_plus_worker_population_raw_components,worker_population_raw_components,217,2,142292,20209,0.22654822477721867,0.28586273442525606,16.18987420000485,0.055761099996743724,0
0.6519940497678549,0.8028158476563146,0.49409692745783934,0.16373665329487896,0.5,0.6732508329366969,0.44175515302935664,0.5334716198378276,0.4743778925481253,0.39184875912997447,0.670943040582179,0.7544660579595077,0.20851528384279475,12375,1373,3575,2829,completed,xgboost__tree_plus_worker_population_raw_components,xgboost,tree_plus_worker_population_raw_components,worker_population_raw_components,217,3,162557,20152,0.23318589786967034,0.3177848352520842,16.651206999988062,0.04678639999474399,0
0.6619898654443075,0.8116840498783744,0.48157465010164596,0.1588335546092695,0.5,0.6847926267281106,0.47309773957338425,0.5595932969308981,0.5042758246233202,0.42098738098552224,0.6868864868635817,0.7667414609822987,0.2164048865619546,12405,1368,3310,2972,completed,xgboost__tree_plus_worker_population_raw_components,xgboost,tree_plus_worker_population_raw_components,worker_population_raw_components,217,4,182766,20055,0.2390105380650668,0.31323859386686614,17.571518900018418,0.04366480000317097,0
0.5674161183663993,0.7824823315950414,0.490150309388402,0.16164628997136132,0.5,0.6442379182156134,0.3056437389770723,0.4145933014354067,0.3415451320457233,0.3176242872616928,0.6200366690774365,0.7584998766345916,0.13274117937330374,13638,957,3937,1733,completed,catboost__tree_plus_worker_population_raw_components,catboost,tree_plus_worker_population_raw_components,worker_population_raw_components,217,1,122011,20265,0.2187671603380023,0.27979274611398963,53.63296089999494,0.0,0
0.5862421864278411,0.790208332453759,0.48752630965523197,0.16119314371266769,0.5,0.6265714285714286,0.37960879349143156,0.47278214940174623,0.41209410703547805,0.34512179666443077,0.6445230774552502,0.7579791182146568,0.17319016279875304,13125,1307,3584,2193,completed,catboost__tree_plus_worker_population_raw_components,catboost,tree_plus_worker_population_raw_components,worker_population_raw_components,217,2,142292,20209,0.22654822477721867,0.28586273442525606,62.49299769999925,0.0,0
0.5995726082303108,0.7725569349749947,0.5273130607162855,0.176870814490594,0.5,0.6237467018469657,0.36914428482198625,0.46380223660977044,0.40195878392164863,0.3162579443518935,0.6327100533798613,0.7287614132592298,0.18807066296149266,12322,1426,4040,2364,completed,catboost__tree_plus_worker_population_raw_components,catboost,tree_plus_worker_population_raw_components,worker_population_raw_components,217,3,162557,20152,0.23318589786967034,0.3177848352520842,69.54555830001482,0.0,0
0.6120452019262349,0.7872842978893251,0.5080060235513744,0.16930633868866296,0.5,0.6468305304010349,0.3979624323463865,0.4927564797477087,0.431138550684648,0.35141985545156146,0.6494277419845633,0.7433557716280229,0.19272001994515084,12408,1365,3782,2500,completed,catboost__tree_plus_worker_population_raw_components,catboost,tree_plus_worker_population_raw_components,worker_population_raw_components,217,4,182766,20055,0.2390105380650668,0.31323859386686614,67.08518009999534,0.0,0
