study_name,model,feature_set,trial_number,state,mean_average_precision,mean_roc_auc,std_average_precision,worst_fold_average_precision,std_roc_auc,worst_fold_roc_auc,mean_brier_score,mean_log_loss,total_fit_seconds,params_json,fold_metrics_json,param_colsample_bytree,param_learning_rate,param_max_bin,param_max_depth,param_min_child_samples,param_n_estimators,param_num_leaves,param_reg_alpha,param_reg_lambda,param_subsample,param_gamma,param_min_child_weight,param_bagging_temperature,param_border_count,param_depth,param_iterations,param_l2_leaf_reg,param_leaf_estimation_iterations,param_random_strength,is_pareto
stage5__lightgbm__common_baseline__v1,lightgbm,common_baseline,0,COMPLETE,0.6379284087764849,0.8079278409920971,0.022801531371253788,0.606275815010297,0.003908281775821601,0.8032959512964081,0.15732035969375446,0.4772792617236401,37.09273049997864,"{""colsample_bytree"": 0.61707333873716, ""learning_rate"": 0.04368603396346, ""max_bin"": 127, ""max_depth"": 6, ""min_child_samples"": 10, ""n_estimators"": 300, ""num_leaves"": 64, ""reg_alpha"": 0.0791642415963725, ""reg_lambda"": 1.8785247962501367e-06, ""subsample"": 0.6133349078437057}","[{""average_precision"": 0.606275815010297, ""roc_auc"": 0.8032959512964081, ""brier_score"": 0.1543594206428307, ""log_loss"": 0.47035930554388033, ""fold"": 1, ""fit_seconds"": 8.19152860000031}, {""average_precision"": 0.6266568610247114, ""roc_auc"": 0.8107777055354074, ""brier_score"": 0.15348557816315214, ""log_loss"": 0.46662266837432437, ""fold"": 2, ""fit_seconds"": 7.316248099989025}, {""average_precision"": 0.6555522580643758, ""roc_auc"": 0.804950085749796, ""brier_score"": 0.16311172924585585, ""log_loss"": 0.4920200482427088, ""fold"": 3, ""fit_seconds"": 11.157842599990545}, {""average_precision"": 0.6632287010065554, ""roc_auc"": 0.8126876213867769, ""brier_score"": 0.1583247107231792, ""log_loss"": 0.48011502473364703, ""fold"": 4, ""fit_seconds"": 10.427111199998762}]",0.61707333873716,0.04368603396346,127.0,6.0,10.0,300.0,64.0,0.0791642415963725,1.8785247962501367e-06,0.6133349078437057,,,,,,,,,,False
stage5__lightgbm__common_baseline__v1,lightgbm,common_baseline,1,COMPLETE,0.629771697844312,0.8043823783879266,0.02618679098692403,0.5946386245834814,0.004290782918498185,0.7994979556792964,0.15846506457205076,0.4804334556775879,42.32712640002137,"{""colsample_bytree"": 0.8342646884018552, ""learning_rate"": 0.11129307428188409, ""max_bin"": 127, ""max_depth"": 4, ""min_child_samples"": 20, ""n_estimators"": 700, ""num_leaves"": 71, ""reg_alpha"": 0.026261226317146478, ""reg_lambda"": 0.027561461894243276, ""subsample"": 0.6085806466990736}","[{""average_precision"": 0.5946386245834814, ""roc_auc"": 0.7994979556792964, ""brier_score"": 0.15577655441050414, ""log_loss"": 0.4741257153068778, ""fold"": 1, ""fit_seconds"": 8.719354400003795}, {""average_precision"": 0.6150691845822365, ""roc_auc"": 0.8068621045609798, ""brier_score"": 0.15456637164401324, ""log_loss"": 0.46934427851690746, ""fold"": 2, ""fit_seconds"": 9.585769500001334}, {""average_precision"": 0.649654487940029, ""roc_auc"": 0.8010711159940225, ""brier_score"": 0.16433776281223397, ""log_loss"": 0.4955751437284496, ""fold"": 3, ""fit_seconds"": 11.601447300025029}, {""average_precision"": 0.6597244942715013, ""roc_auc"": 0.8100983373174074, ""brier_score"": 0.15917956942145162, ""log_loss"": 0.4826886851581167, ""fold"": 4, ""fit_seconds"": 12.420555199991213}]",0.8342646884018552,0.11129307428188409,127.0,4.0,20.0,700.0,71.0,0.026261226317146478,0.027561461894243276,0.6085806466990736,,,,,,,,,,False
stage5__lightgbm__common_baseline__v1,lightgbm,common_baseline,2,COMPLETE,0.6368465862811687,0.8059994902424551,0.022304977606196905,0.6087086296604713,0.003924956398987708,0.8014371934047622,0.15836201232717176,0.4803103552387592,35.56740510003874,"{""colsample_bytree"": 0.9803819977237177, ""learning_rate"": 0.030714604638515372, ""max_bin"": 127, ""max_depth"": 10, ""min_child_samples"": 40, ""n_estimators"": 150, ""num_leaves"": 52, ""reg_alpha"": 0.014338015654728526, ""reg_lambda"": 0.0004090104219814641, ""subsample"": 0.7092349263464902}","[{""average_precision"": 0.6087086296604713, ""roc_auc"": 0.8014371934047622, ""brier_score"": 0.15546910564654606, ""log_loss"": 0.4734652527763758, ""fold"": 1, ""fit_seconds"": 6.808621000003768}, {""average_precision"": 0.6214742826825148, ""roc_auc"": 0.8088926618362365, ""brier_score"": 0.15454813594729233, ""log_loss"": 0.4697317248199483, ""fold"": 2, ""fit_seconds"": 7.7918237000121735}, {""average_precision"": 0.6558246305840574, ""roc_auc"": 0.8028943100371694, ""brier_score"": 0.16386046675468963, ""log_loss"": 0.49431714584918746, ""fold"": 3, ""fit_seconds"": 9.762438100005966}, {""average_precision"": 0.6613788021976313, ""roc_auc"": 0.8107737956916522, ""brier_score"": 0.15957034096015904, ""log_loss"": 0.48372729750952526, ""fold"": 4, ""fit_seconds"": 11.204522300016833}]",0.9803819977237177,0.030714604638515372,127.0,10.0,40.0,150.0,52.0,0.014338015654728526,0.0004090104219814641,0.7092349263464902,,,,,,,,,,False
stage5__lightgbm__common_baseline__v1,lightgbm,common_baseline,3,COMPLETE,0.6306592550477841,0.8022386636083,0.022389674480108757,0.6002953157097622,0.004488994860883057,0.7972114583465502,0.15949545453996472,0.48355862610929834,29.253667199984193,"{""colsample_bytree"": 0.6434048974514708, ""learning_rate"": 0.031005395001453, ""max_bin"": 255, ""max_depth"": 4, ""min_child_samples"": 10, ""n_estimators"": 300, ""num_leaves"": 82, ""reg_alpha"": 2.8463055677008128e-06, ""reg_lambda"": 0.16115110751651748, ""subsample"": 0.9056287351484167}","[{""average_precision"": 0.6002953157097622, ""roc_auc"": 0.7972114583465502, ""brier_score"": 0.15629350692194474, ""log_loss"": 0.47629266863487274, ""fold"": 1, ""fit_seconds"": 6.029903899994679}, {""average_precision"": 0.6186691124311627, ""roc_auc"": 0.8055509351250294, ""brier_score"": 0.15543748634385976, ""log_loss"": 0.4723452417733079, ""fold"": 2, ""fit_seconds"": 6.507477800012566}, {""average_precision"": 0.6472252423439704, ""roc_auc"": 0.7984652631093054, ""brier_score"": 0.16564751082816978, ""log_loss"": 0.49899090772795196, ""fold"": 3, ""fit_seconds"": 7.986375999986194}, {""average_precision"": 0.6564473497062411, ""roc_auc"": 0.8077269978523146, ""brier_score"": 0.16060331406588457, ""log_loss"": 0.4866056863010609, ""fold"": 4, ""fit_seconds"": 8.729909499990754}]",0.6434048974514708,0.031005395001453,255.0,4.0,10.0,300.0,82.0,2.8463055677008128e-06,0.16115110751651748,0.9056287351484167,,,,,,,,,,False
stage5__lightgbm__common_baseline__v1,lightgbm,common_baseline,4,COMPLETE,0.6406364553214035,0.8093430493062431,0.023303306109859385,0.6103506954609375,0.003803133537163206,0.8048697791577772,0.15680146710202117,0.47598788430607963,120.24186169996392,"{""colsample_bytree"": 0.8330710098059156, ""learning_rate"": 0.01547953885936384, ""max_bin"": 127, ""max_depth"": -1, ""min_child_samples"": 20, ""n_estimators"": 700, ""num_leaves"": 79, ""reg_alpha"": 0.00013822600436602883, ""reg_lambda"": 0.08888811526196737, ""subsample"": 0.8734859791116134}","[{""average_precision"": 0.6103506954609375, ""roc_auc"": 0.8048697791577772, ""brier_score"": 0.15401949278635618, ""log_loss"": 0.4695727978050541, ""fold"": 1, ""fit_seconds"": 24.419848299992736}, {""average_precision"": 0.6259756442509431, ""roc_auc"": 0.8120976427280442, ""brier_score"": 0.1528988787573141, ""log_loss"": 0.4650666457792222, ""fold"": 2, ""fit_seconds"": 25.96217919999617}, {""average_precision"": 0.6592424063168925, ""roc_auc"": 0.8064089431121841, ""brier_score"": 0.16251629286973712, ""log_loss"": 0.4904667045955368, ""fold"": 3, ""fit_seconds"": 30.9298817999952}, {""average_precision"": 0.6669770752568407, ""roc_auc"": 0.8139958322269671, ""brier_score"": 0.15777120399467726, ""log_loss"": 0.4788453890445054, ""fold"": 4, ""fit_seconds"": 38.92995239997981}]",0.8330710098059156,0.01547953885936384,127.0,-1.0,20.0,700.0,79.0,0.00013822600436602883,0.08888811526196737,0.8734859791116134,,,,,,,,,,False
stage5__lightgbm__common_baseline__v1,lightgbm,common_baseline,5,COMPLETE,0.6258717872113811,0.8037805659193603,0.027163044639379155,0.589963404451587,0.004527748511824838,0.7995878271635944,0.15905884275935994,0.48230755664310887,60.1519152999972,"{""colsample_bytree"": 0.619328093716305, ""learning_rate"": 0.0981729068834458, ""max_bin"": 255, ""max_depth"": 10, ""min_child_samples"": 20, ""n_estimators"": 550, ""num_leaves"": 25, ""reg_alpha"": 2.4354940782836254e-07, ""reg_lambda"": 0.0022542184174673763, ""subsample"": 0.7664433874697665}","[{""average_precision"": 0.589963404451587, ""roc_auc"": 0.7995939393609828, ""brier_score"": 0.15641318764895018, ""log_loss"": 0.4764138375134172, ""fold"": 1, ""fit_seconds"": 13.110520300018834}, {""average_precision"": 0.610452151910765, ""roc_auc"": 0.8055424672232229, ""brier_score"": 0.1554767828371833, ""log_loss"": 0.47234456029983357, ""fold"": 2, ""fit_seconds"": 10.414881599979708}, {""average_precision"": 0.64422607148306, ""roc_auc"": 0.7995878271635944, ""brier_score"": 0.1650599654721524, ""log_loss"": 0.49743869890308895, ""fold"": 3, ""fit_seconds"": 16.62683319998905}, {""average_precision"": 0.6588455210001126, ""roc_auc"": 0.8103980299296412, ""brier_score"": 0.15928543507915383, ""log_loss"": 0.4830331298560956, ""fold"": 4, ""fit_seconds"": 19.999680200009607}]",0.619328093716305,0.0981729068834458,255.0,10.0,20.0,550.0,25.0,2.4354940782836254e-07,0.0022542184174673763,0.7664433874697665,,,,,,,,,,False
stage5__lightgbm__common_baseline__v1,lightgbm,common_baseline,6,COMPLETE,0.6346004878838658,0.8068670516647933,0.024045948158505578,0.6032072828696391,0.0045275797639394285,0.8021127406464849,0.15796548843343705,0.4791400603652634,111.57024850000744,"{""colsample_bytree"": 0.7363450022716179, ""learning_rate"": 0.02884925547308702, ""max_bin"": 255, ""max_depth"": -1, ""min_child_samples"": 85, ""n_estimators"": 650, ""num_leaves"": 99, ""reg_alpha"": 1.7679614270730655e-08, ""reg_lambda"": 4.2752901900186454e-07, ""subsample"": 0.824785227036021}","[{""average_precision"": 0.6032072828696391, ""roc_auc"": 0.8021127406464849, ""brier_score"": 0.15543742305458835, ""log_loss"": 0.4735927137475206, ""fold"": 1, ""fit_seconds"": 24.39436380000552}, {""average_precision"": 0.6204666114536668, ""roc_auc"": 0.8093550620493302, ""brier_score"": 0.1541801112394177, ""log_loss"": 0.46836872423404996, ""fold"": 2, ""fit_seconds"": 26.780450699996436}, {""average_precision"": 0.6506122460661468, ""roc_auc"": 0.8029685926038733, ""brier_score"": 0.16421243005685673, ""log_loss"": 0.49467834415912076, ""fold"": 3, ""fit_seconds"": 27.231766300013987}, {""average_precision"": 0.6641158111460106, ""roc_auc"": 0.8130318113594849, ""brier_score"": 0.15803198938288543, ""log_loss"": 0.47992045932036226, ""fold"": 4, ""fit_seconds"": 33.16366769999149}]",0.7363450022716179,0.02884925547308702,255.0,-1.0,85.0,650.0,99.0,1.7679614270730655e-08,4.2752901900186454e-07,0.824785227036021,,,,,,,,,,False
stage5__lightgbm__common_baseline__v1,lightgbm,common_baseline,7,COMPLETE,0.6419822404235278,0.8099005133357559,0.024060322209802445,0.6098379013859339,0.003701320135271777,0.8050790267257094,0.1566550722948324,0.4753761157964344,111.4226486000407,"{""colsample_bytree"": 0.6246704442970388, ""learning_rate"": 0.01679103207874984, ""max_bin"": 255, ""max_depth"": 8, ""min_child_samples"": 70, ""n_estimators"": 650, ""num_leaves"": 125, ""reg_alpha"": 1.9924625905590968e-05, ""reg_lambda"": 0.0001246120302717499, ""subsample"": 0.6481747206314162}","[{""average_precision"": 0.6098379013859339, ""roc_auc"": 0.8050790267257094, ""brier_score"": 0.15394048092296428, ""log_loss"": 0.46904194544245853, ""fold"": 1, ""fit_seconds"": 18.758917400002247}, {""average_precision"": 0.6280795963257007, ""roc_auc"": 0.8123107435940442, ""brier_score"": 0.15292442193261638, ""log_loss"": 0.46479442188832776, ""fold"": 2, ""fit_seconds"": 22.718518300011056}, {""average_precision"": 0.6612049395510659, ""roc_auc"": 0.8077270838508883, ""brier_score"": 0.1622914999006529, ""log_loss"": 0.48965056560297254, ""fold"": 3, ""fit_seconds"": 27.79141490001348}, {""average_precision"": 0.6688065244314108, ""roc_auc"": 0.8144851991723815, ""brier_score"": 0.15746388642309594, ""log_loss"": 0.47801753025197874, ""fold"": 4, ""fit_seconds"": 42.15379800001392}]",0.6246704442970388,0.01679103207874984,255.0,8.0,70.0,650.0,125.0,1.9924625905590968e-05,0.0001246120302717499,0.6481747206314162,,,,,,,,,,False
stage5__lightgbm__common_baseline__v1,lightgbm,common_baseline,8,COMPLETE,0.6376524799204232,0.8069341521353708,0.02333538102345951,0.6061544980991815,0.004324537054350685,0.8018371636779767,0.15764819825735368,0.4783762115961343,40.03718500002287,"{""colsample_bytree"": 0.6316450253153781, ""learning_rate"": 0.03465663368311734, ""max_bin"": 255, ""max_depth"": 7, ""min_child_samples"": 20, ""n_estimators"": 300, ""num_leaves"": 23, ""reg_alpha"": 1.6076869509498093e-07, ""reg_lambda"": 0.020698740657239353, ""subsample"": 0.7880300238933737}","[{""average_precision"": 0.6061544980991815, ""roc_auc"": 0.8018371636779767, ""brier_score"": 0.15471768208288492, ""log_loss"": 0.47192368316233363, ""fold"": 1, ""fit_seconds"": 7.548037799977465}, {""average_precision"": 0.6249031958351496, ""roc_auc"": 0.810037027999633, ""brier_score"": 0.15365831652887002, ""log_loss"": 0.4671953632574624, ""fold"": 2, ""fit_seconds"": 8.971447300020372}, {""average_precision"": 0.6550547435574268, ""roc_auc"": 0.8036177927055701, ""brier_score"": 0.16362905503634073, ""log_loss"": 0.49342373862234407, ""fold"": 3, ""fit_seconds"": 10.944687000010163}, {""average_precision"": 0.6644974821899348, ""roc_auc"": 0.8122446241583036, ""brier_score"": 0.15858773938131912, ""log_loss"": 0.48096206134239705, ""fold"": 4, ""fit_seconds"": 12.573012900014874}]",0.6316450253153781,0.03465663368311734,255.0,7.0,20.0,300.0,23.0,1.6076869509498093e-07,0.020698740657239353,0.7880300238933737,,,,,,,,,,False
stage5__lightgbm__common_baseline__v1,lightgbm,common_baseline,9,COMPLETE,0.6225542806603768,0.8014651027202185,0.025522443114826723,0.5911893390474506,0.004489461270223393,0.7963951647182977,0.1610346488442419,0.48954163960763936,119.88956720000715,"{""colsample_bytree"": 0.7450664691261113, ""learning_rate"": 0.06460988070244295, ""max_bin"": 255, ""max_depth"": -1, ""min_child_samples"": 15, ""n_estimators"": 650, ""num_leaves"": 92, ""reg_alpha"": 4.876205244696963e-07, ""reg_lambda"": 3.2078019690285254e-06, ""subsample"": 0.7380932381825939}","[{""average_precision"": 0.5911893390474506, ""roc_auc"": 0.7988234476666588, ""brier_score"": 0.15818006314272348, ""log_loss"": 0.4848094014872377, ""fold"": 1, ""fit_seconds"": 25.530793500016443}, {""average_precision"": 0.6050312209292444, ""roc_auc"": 0.8023039385674595, ""brier_score"": 0.1578756569480738, ""log_loss"": 0.48012251151048674, ""fold"": 2, ""fit_seconds"": 26.762226199993165}, {""average_precision"": 0.6392605527326544, ""roc_auc"": 0.7963951647182977, ""brier_score"": 0.16743641241524995, ""log_loss"": 0.5056803602950083, ""fold"": 3, ""fit_seconds"": 30.614290299999993}, {""average_precision"": 0.6547360099321577, ""roc_auc"": 0.8083378599284581, ""brier_score"": 0.16064646287092027, ""log_loss"": 0.48755428513782445, ""fold"": 4, ""fit_seconds"": 36.98225719999755}]",0.7450664691261113,0.06460988070244295,255.0,-1.0,15.0,650.0,92.0,4.876205244696963e-07,3.2078019690285254e-06,0.7380932381825939,,,,,,,,,,False
stage5__lightgbm__common_baseline__v1,lightgbm,common_baseline,10,COMPLETE,0.6436115593784975,0.8104337796541697,0.023700150521057815,0.6120334438348354,0.004035921067356348,0.8050797759373756,0.15646320922550208,0.4749287977019653,99.61752870000782,"{""colsample_bytree"": 0.6026482713142864, ""learning_rate"": 0.016068088781281856, ""max_bin"": 255, ""max_depth"": 8, ""min_child_samples"": 85, ""n_estimators"": 550, ""num_leaves"": 111, ""reg_alpha"": 6.954308878755984e-08, ""reg_lambda"": 0.05902360548322474, ""subsample"": 0.6934225025508511}","[{""average_precision"": 0.6120334438348354, ""roc_auc"": 0.8050797759373756, ""brier_score"": 0.1538777229279624, ""log_loss"": 0.4689971098357918, ""fold"": 1, ""fit_seconds"": 17.757414100022288}, {""average_precision"": 0.6298212138530581, ""roc_auc"": 0.8132793588152729, ""brier_score"": 0.15269704696821204, ""log_loss"": 0.4641997356085389, ""fold"": 2, ""fit_seconds"": 21.779919799999334}, {""average_precision"": 0.662404202962071, ""roc_auc"": 0.8081351154909908, ""brier_score"": 0.16201916495138463, ""log_loss"": 0.4891288421776405, ""fold"": 3, ""fit_seconds"": 34.24524119999842}, {""average_precision"": 0.6701873768640252, ""roc_auc"": 0.81524086837304, ""brier_score"": 0.15725890205444928, ""log_loss"": 0.47738950318588985, ""fold"": 4, ""fit_seconds"": 25.834953599987784}]",0.6026482713142864,0.016068088781281856,255.0,8.0,85.0,550.0,111.0,6.954308878755984e-08,0.05902360548322474,0.6934225025508511,,,,,,,,,,True
stage5__lightgbm__common_baseline__v1,lightgbm,common_baseline,11,COMPLETE,0.6403707970036662,0.8092571218505487,0.022467160529289695,0.6108058249063896,0.004177309501586941,0.8041106343949784,0.15684054951009233,0.47579894369010567,71.4541211000178,"{""colsample_bytree"": 0.6575117223466638, ""learning_rate"": 0.019230801500140098, ""max_bin"": 63, ""max_depth"": 8, ""min_child_samples"": 90, ""n_estimators"": 550, ""num_leaves"": 100, ""reg_alpha"": 3.5424134633922487e-06, ""reg_lambda"": 0.00012564297137597017, ""subsample"": 0.6687158302177724}","[{""average_precision"": 0.6108058249063896, ""roc_auc"": 0.8041106343949784, ""brier_score"": 0.15403970787134091, ""log_loss"": 0.4693824534544864, ""fold"": 1, ""fit_seconds"": 13.65596450000885}, {""average_precision"": 0.6270037066614895, ""roc_auc"": 0.8125079761398035, ""brier_score"": 0.15286911661418398, ""log_loss"": 0.4646314681524891, ""fold"": 2, ""fit_seconds"": 16.016637000022456}, {""average_precision"": 0.6571068421232931, ""roc_auc"": 0.8062712023344445, ""brier_score"": 0.16266558590382385, ""log_loss"": 0.49067934585484885, ""fold"": 3, ""fit_seconds"": 17.91703869999037}, {""average_precision"": 0.6665668143234926, ""roc_auc"": 0.8141386745329678, ""brier_score"": 0.1577877876510205, ""log_loss"": 0.4785025072985981, ""fold"": 4, ""fit_seconds"": 23.864480899996124}]",0.6575117223466638,0.019230801500140098,63.0,8.0,90.0,550.0,100.0,3.5424134633922487e-06,0.00012564297137597017,0.6687158302177724,,,,,,,,,,False
stage5__lightgbm__common_baseline__v1,lightgbm,common_baseline,12,COMPLETE,0.635722160476682,0.8057425491129074,0.023312439379477305,0.6037943795769442,0.004599493941110848,0.8000112623431112,0.15821380520836148,0.47979019394021394,60.221078400005354,"{""colsample_bytree"": 0.6657425376551179, ""learning_rate"": 0.015790218691904962, ""max_bin"": 255, ""max_depth"": 5, ""min_child_samples"": 70, ""n_estimators"": 600, ""num_leaves"": 108, ""reg_alpha"": 3.4325378198936685e-08, ""reg_lambda"": 3.9511331140543775, ""subsample"": 0.6742160132534254}","[{""average_precision"": 0.6037943795769442, ""roc_auc"": 0.8000112623431112, ""brier_score"": 0.1554472114367014, ""log_loss"": 0.4735543836155094, ""fold"": 1, ""fit_seconds"": 11.986800400016364}, {""average_precision"": 0.6239705530928545, ""roc_auc"": 0.8090377676096855, ""brier_score"": 0.15415505655443718, ""log_loss"": 0.4686648117212668, ""fold"": 2, ""fit_seconds"": 14.607107200019527}, {""average_precision"": 0.6519738599160372, ""roc_auc"": 0.8026046648179772, ""brier_score"": 0.16411958320027467, ""log_loss"": 0.4944858942028806, ""fold"": 3, ""fit_seconds"": 16.08064979998744}, {""average_precision"": 0.6631498493208917, ""roc_auc"": 0.8113165016808561, ""brier_score"": 0.15913336964203273, ""log_loss"": 0.4824556862211988, ""fold"": 4, ""fit_seconds"": 17.54652099998202}]",0.6657425376551179,0.015790218691904962,255.0,5.0,70.0,600.0,108.0,3.4325378198936685e-08,3.9511331140543775,0.6742160132534254,,,,,,,,,,False
stage5__lightgbm__common_baseline__v1,lightgbm,common_baseline,13,COMPLETE,0.6409841752469976,0.8083150555843942,0.022766197037030596,0.6115356640120921,0.004474849878656823,0.802490524587133,0.157636799626392,0.4780840407090106,62.723531199997524,"{""colsample_bytree"": 0.709066806858046, ""learning_rate"": 0.0171693992418881, ""max_bin"": 255, ""max_depth"": 8, ""min_child_samples"": 65, ""n_estimators"": 250, ""num_leaves"": 116, ""reg_alpha"": 3.5338621793813235e-06, ""reg_lambda"": 5.892489654480695e-05, ""subsample"": 0.7429524497914287}","[{""average_precision"": 0.6115356640120921, ""roc_auc"": 0.802490524587133, ""brier_score"": 0.15514677904832178, ""log_loss"": 0.472371808947771, ""fold"": 1, ""fit_seconds"": 12.277255199995125}, {""average_precision"": 0.6265391125564805, ""roc_auc"": 0.8119055197094374, ""brier_score"": 0.1535884168939113, ""log_loss"": 0.46679922316254907, ""fold"": 2, ""fit_seconds"": 14.913888999988558}, {""average_precision"": 0.6588077750894685, ""roc_auc"": 0.8055087610721915, ""brier_score"": 0.16325316931309033, ""log_loss"": 0.4924044131879805, ""fold"": 3, ""fit_seconds"": 17.574866000009933}, {""average_precision"": 0.6670541493299489, ""roc_auc"": 0.8133554169688152, ""brier_score"": 0.15855883325024456, ""log_loss"": 0.48076071753774197, ""fold"": 4, ""fit_seconds"": 17.957521000003908}]",0.709066806858046,0.0171693992418881,255.0,8.0,65.0,250.0,116.0,3.5338621793813235e-06,5.892489654480695e-05,0.7429524497914287,,,,,,,,,,False
stage5__lightgbm__common_baseline__v1,lightgbm,common_baseline,14,COMPLETE,0.6381240281039509,0.8082181057016028,0.024032646282100355,0.6044495827112562,0.004891862326886032,0.802078337330136,0.15711835361921803,0.47660912004655986,69.03037409999524,"{""colsample_bytree"": 0.6293934927006443, ""learning_rate"": 0.0324460786647608, ""max_bin"": 63, ""max_depth"": 8, ""min_child_samples"": 65, ""n_estimators"": 700, ""num_leaves"": 39, ""reg_alpha"": 4.695517349798408e-07, ""reg_lambda"": 8.113574014655825, ""subsample"": 0.7618349502043043}","[{""average_precision"": 0.6044495827112562, ""roc_auc"": 0.802078337330136, ""brier_score"": 0.15464588798006143, ""log_loss"": 0.4711571452430753, ""fold"": 1, ""fit_seconds"": 13.171238000009907}, {""average_precision"": 0.6275180396063673, ""roc_auc"": 0.8124753879114633, ""brier_score"": 0.15276469255434663, ""log_loss"": 0.464278105901739, ""fold"": 2, ""fit_seconds"": 18.68698769999901}, {""average_precision"": 0.6538051943444545, ""roc_auc"": 0.804793104197133, ""brier_score"": 0.16327859882926485, ""log_loss"": 0.4921448745641973, ""fold"": 3, ""fit_seconds"": 17.695511500001885}, {""average_precision"": 0.6667232957537255, ""roc_auc"": 0.8135255933676787, ""brier_score"": 0.15778423511319917, ""log_loss"": 0.478856354477228, ""fold"": 4, ""fit_seconds"": 19.47663689998444}]",0.6293934927006443,0.0324460786647608,63.0,8.0,65.0,700.0,39.0,4.695517349798408e-07,8.113574014655825,0.7618349502043043,,,,,,,,,,False
stage5__lightgbm__common_baseline__v1,lightgbm,common_baseline,15,COMPLETE,0.6328212518132669,0.8037444095988597,0.02411995728037901,0.6003576863208441,0.004434532038634722,0.7988209825185959,0.15884698356127466,0.48188722678398577,30.586719100014307,"{""colsample_bytree"": 0.6191286287257917, ""learning_rate"": 0.035986101876182036, ""max_bin"": 255, ""max_depth"": 4, ""min_child_samples"": 95, ""n_estimators"": 350, ""num_leaves"": 120, ""reg_alpha"": 8.109654025741489e-05, ""reg_lambda"": 0.1658343197583995, ""subsample"": 0.7435814723270755}","[{""average_precision"": 0.6003576863208441, ""roc_auc"": 0.7988209825185959, ""brier_score"": 0.15590089415123023, ""log_loss"": 0.4750735692012072, ""fold"": 1, ""fit_seconds"": 6.202200300002005}, {""average_precision"": 0.6194813148172154, ""roc_auc"": 0.8063892813922631, ""brier_score"": 0.15484884401974788, ""log_loss"": 0.4708855790570067, ""fold"": 2, ""fit_seconds"": 7.025381499988725}, {""average_precision"": 0.6509130169253028, ""roc_auc"": 0.8001492966008843, ""brier_score"": 0.164855607027947, ""log_loss"": 0.4971003600347019, ""fold"": 3, ""fit_seconds"": 8.104008200025419}, {""average_precision"": 0.6605329891897055, ""roc_auc"": 0.8096180778836953, ""brier_score"": 0.1597825890461735, ""log_loss"": 0.48448939884302733, ""fold"": 4, ""fit_seconds"": 9.255129099998157}]",0.6191286287257917,0.035986101876182036,255.0,4.0,95.0,350.0,120.0,8.109654025741489e-05,0.1658343197583995,0.7435814723270755,,,,,,,,,,False
stage5__lightgbm__common_baseline__v1,lightgbm,common_baseline,16,COMPLETE,0.6421646328165473,0.8103838857023563,0.023376335406484,0.6116543044630962,0.0038940925936802235,0.8055999705148957,0.15648610167780136,0.4750457838317735,133.28309489999083,"{""colsample_bytree"": 0.6321519089046806, ""learning_rate"": 0.016675486653585554, ""max_bin"": 255, ""max_depth"": -1, ""min_child_samples"": 70, ""n_estimators"": 650, ""num_leaves"": 107, ""reg_alpha"": 0.0015765518061693217, ""reg_lambda"": 0.0055004218986983615, ""subsample"": 0.6305186907312897}","[{""average_precision"": 0.6116543044630962, ""roc_auc"": 0.8055999705148957, ""brier_score"": 0.15370458946293863, ""log_loss"": 0.4688111735525613, ""fold"": 1, ""fit_seconds"": 27.09757979999995}, {""average_precision"": 0.6276908385852564, ""roc_auc"": 0.8127414311550467, ""brier_score"": 0.15284582948946684, ""log_loss"": 0.46456821988735153, ""fold"": 2, ""fit_seconds"": 32.4164005999919}, {""average_precision"": 0.6605545160227632, ""roc_auc"": 0.8077716079581481, ""brier_score"": 0.16228391969697498, ""log_loss"": 0.4896381679687426, ""fold"": 3, ""fit_seconds"": 35.20682540000416}, {""average_precision"": 0.6687588721950732, ""roc_auc"": 0.815422533181335, ""brier_score"": 0.15711006806182498, ""log_loss"": 0.47716557391843856, ""fold"": 4, ""fit_seconds"": 38.562289099994814}]",0.6321519089046806,0.016675486653585554,255.0,-1.0,70.0,650.0,107.0,0.0015765518061693217,0.0055004218986983615,0.6305186907312897,,,,,,,,,,False
stage5__lightgbm__common_baseline__v1,lightgbm,common_baseline,17,COMPLETE,0.640073446170446,0.8086839303117972,0.02376592404924101,0.6076901232750047,0.004321924764091818,0.8031558124626527,0.15693721320887036,0.47622796280326707,76.05330440000398,"{""colsample_bytree"": 0.7403820051071275, ""learning_rate"": 0.02277009945310293, ""max_bin"": 255, ""max_depth"": 7, ""min_child_samples"": 100, ""n_estimators"": 650, ""num_leaves"": 64, ""reg_alpha"": 6.419666342180476e-05, ""reg_lambda"": 0.2272649919507615, ""subsample"": 0.6655117230633654}","[{""average_precision"": 0.6076901232750047, ""roc_auc"": 0.8031558124626527, ""brier_score"": 0.15433516725781077, ""log_loss"": 0.47032915564776945, ""fold"": 1, ""fit_seconds"": 15.46156019999762}, {""average_precision"": 0.6274154039022151, ""roc_auc"": 0.8120523166644086, ""brier_score"": 0.1528355281566812, ""log_loss"": 0.4649044632837665, ""fold"": 2, ""fit_seconds"": 18.138325300009456}, {""average_precision"": 0.6583509778040597, ""roc_auc"": 0.8058600926246815, ""brier_score"": 0.16276171786269703, ""log_loss"": 0.4909128507459484, ""fold"": 3, ""fit_seconds"": 19.840834799979348}, {""average_precision"": 0.6668372797005045, ""roc_auc"": 0.8136674994954463, ""brier_score"": 0.1578164395582925, ""log_loss"": 0.47876538153558384, ""fold"": 4, ""fit_seconds"": 22.612584100017557}]",0.7403820051071275,0.02277009945310293,255.0,7.0,100.0,650.0,64.0,6.419666342180476e-05,0.2272649919507615,0.6655117230633654,,,,,,,,,,False
stage5__lightgbm__common_baseline__v1,lightgbm,common_baseline,18,COMPLETE,0.6372049674969091,0.8062934388180254,0.023366425461656928,0.6058795490560978,0.004539110490882035,0.8005048840745997,0.1576197204708229,0.47841875331744466,49.18443989998195,"{""colsample_bytree"": 0.6234731755997286, ""learning_rate"": 0.045756844222588355, ""max_bin"": 127, ""max_depth"": 4, ""min_child_samples"": 90, ""n_estimators"": 650, ""num_leaves"": 94, ""reg_alpha"": 3.0091113914744345e-08, ""reg_lambda"": 9.90555819754272, ""subsample"": 0.6183522938840293}","[{""average_precision"": 0.6058795490560978, ""roc_auc"": 0.8005048840745997, ""brier_score"": 0.15483581540439198, ""log_loss"": 0.47209888815807677, ""fold"": 1, ""fit_seconds"": 9.6260970000003}, {""average_precision"": 0.6239718247271354, ""roc_auc"": 0.8092424845332453, ""brier_score"": 0.1535620698423059, ""log_loss"": 0.46710427454799397, ""fold"": 2, ""fit_seconds"": 11.672475200000918}, {""average_precision"": 0.6553111941374881, ""roc_auc"": 0.8034600501541351, ""brier_score"": 0.16343092311986315, ""log_loss"": 0.49322286296862694, ""fold"": 3, ""fit_seconds"": 12.994780699984403}, {""average_precision"": 0.663657302066915, ""roc_auc"": 0.8119663365101213, ""brier_score"": 0.15865007351673055, ""log_loss"": 0.48124898759508106, ""fold"": 4, ""fit_seconds"": 14.891086999996332}]",0.6234731755997286,0.045756844222588355,127.0,4.0,90.0,650.0,94.0,3.0091113914744345e-08,9.90555819754272,0.6183522938840293,,,,,,,,,,False
stage5__lightgbm__common_baseline__v1,lightgbm,common_baseline,19,COMPLETE,0.6314333118810056,0.8063852643427019,0.025008272467293258,0.5997263859842199,0.0045197724349973515,0.8006708223746022,0.15838505772727068,0.4801150509342025,65.66427089995705,"{""colsample_bytree"": 0.6333730655174936, ""learning_rate"": 0.04880679114436622, ""max_bin"": 63, ""max_depth"": 12, ""min_child_samples"": 45, ""n_estimators"": 450, ""num_leaves"": 118, ""reg_alpha"": 2.277341089693559e-07, ""reg_lambda"": 5.197849373796731, ""subsample"": 0.7360024732122386}","[{""average_precision"": 0.5997263859842199, ""roc_auc"": 0.8006708223746022, ""brier_score"": 0.15619646469345796, ""log_loss"": 0.4753107486464375, ""fold"": 1, ""fit_seconds"": 13.471575399977155}, {""average_precision"": 0.6152813289390442, ""roc_auc"": 0.8087170548244107, ""brier_score"": 0.15471593385309623, ""log_loss"": 0.4693781377020108, ""fold"": 2, ""fit_seconds"": 15.694762700004503}, {""average_precision"": 0.6486470575963748, ""roc_auc"": 0.8037234238784059, ""brier_score"": 0.16420899884552798, ""log_loss"": 0.4947760359408054, ""fold"": 3, ""fit_seconds"": 17.747951399971498}, {""average_precision"": 0.6620784750043837, ""roc_auc"": 0.8124297562933886, ""brier_score"": 0.1584188335170006, ""log_loss"": 0.4809952814475562, ""fold"": 4, ""fit_seconds"": 18.74998140000389}]",0.6333730655174936,0.04880679114436622,63.0,12.0,45.0,450.0,118.0,2.277341089693559e-07,5.197849373796731,0.7360024732122386,,,,,,,,,,False
stage5__xgboost__tree_plus_transaction_count_raw_components__v1,xgboost,tree_plus_transaction_count_raw_components,0,COMPLETE,0.6331149019378234,0.806223444031684,0.025700859767248414,0.5992945954340275,0.005005890409243861,0.7999344137690603,0.15797758129112202,0.47927661937846555,41.03256719998899,"{""colsample_bytree"": 0.8846384109350275, ""gamma"": 0.881236135295399, ""learning_rate"": 0.07966344702011499, ""max_bin"": 256, ""max_depth"": 6, ""min_child_weight"": 7.20140936475215, ""n_estimators"": 200, ""reg_alpha"": 0.2277770213374704, ""reg_lambda"": 0.050203116119169215, ""subsample"": 0.7608897831331005}","[{""average_precision"": 0.5992945954340275, ""roc_auc"": 0.7999344137690603, ""brier_score"": 0.15538948045033787, ""log_loss"": 0.4734656563141024, ""fold"": 1, ""fit_seconds"": 8.437720799993258}, {""average_precision"": 0.6177981540561337, ""roc_auc"": 0.8102718803386162, ""brier_score"": 0.15375691535476876, ""log_loss"": 0.4671652766781976, ""fold"": 2, ""fit_seconds"": 10.082377600017935}, {""average_precision"": 0.6523685529993641, ""roc_auc"": 0.8027729704866958, ""brier_score"": 0.16404635616607616, ""log_loss"": 0.49493550312784407, ""fold"": 3, ""fit_seconds"": 10.747651399986353}, {""average_precision"": 0.6629983052617683, ""roc_auc"": 0.8119145115323636, ""brier_score"": 0.15871757319330534, ""log_loss"": 0.481540041393718, ""fold"": 4, ""fit_seconds"": 11.764817399991443}]",0.8846384109350275,0.07966344702011499,256.0,6.0,,200.0,,0.2277770213374704,0.050203116119169215,0.7608897831331005,0.881236135295399,7.20140936475215,,,,,,,,False
stage5__xgboost__tree_plus_transaction_count_raw_components__v1,xgboost,tree_plus_transaction_count_raw_components,1,COMPLETE,0.6349442279835926,0.8061826631503042,0.024853828526522646,0.600524668536031,0.004591368166334039,0.8001609838357583,0.15794325593249434,0.47901612532909277,115.90472590000718,"{""colsample_bytree"": 0.7648633111821508, ""gamma"": 1.0038881285438865, ""learning_rate"": 0.02489733499685811, ""max_bin"": 512, ""max_depth"": 5, ""min_child_weight"": 2.3935454429917917, ""n_estimators"": 550, ""reg_alpha"": 0.06572066236546029, ""reg_lambda"": 0.00620031419653184, ""subsample"": 0.9864438670032483}","[{""average_precision"": 0.600524668536031, ""roc_auc"": 0.8001609838357583, ""brier_score"": 0.15526858317680392, ""log_loss"": 0.4727409134879576, ""fold"": 1, ""fit_seconds"": 24.525245199998608}, {""average_precision"": 0.6225912153837205, ""roc_auc"": 0.8095914136627126, ""brier_score"": 0.15392742473275492, ""log_loss"": 0.46759152104040735, ""fold"": 2, ""fit_seconds"": 28.212186999997357}, {""average_precision"": 0.6538745388682328, ""roc_auc"": 0.8034253395235774, ""brier_score"": 0.16357649650868297, ""log_loss"": 0.4936243811433959, ""fold"": 3, ""fit_seconds"": 30.52325280001969}, {""average_precision"": 0.6627864891463864, ""roc_auc"": 0.8115529155791684, ""brier_score"": 0.1590005193117355, ""log_loss"": 0.48210768564461015, ""fold"": 4, ""fit_seconds"": 32.64404089999152}]",0.7648633111821508,0.02489733499685811,512.0,5.0,,550.0,,0.06572066236546029,0.00620031419653184,0.9864438670032483,1.0038881285438865,2.3935454429917917,,,,,,,,False
stage5__xgboost__tree_plus_transaction_count_raw_components__v1,xgboost,tree_plus_transaction_count_raw_components,2,COMPLETE,0.6288057081290342,0.8018499896515678,0.023543224202764248,0.596903006743555,0.005355106306006807,0.7943213260079768,0.16194721641879958,0.4893165188003542,60.694469900015974,"{""colsample_bytree"": 0.9242681793029826, ""gamma"": 1.5005593489024494, ""learning_rate"": 0.016257388669867673, ""max_bin"": 512, ""max_depth"": 6, ""min_child_weight"": 17.89351672749082, ""n_estimators"": 150, ""reg_alpha"": 0.25702336860654146, ""reg_lambda"": 0.16609064437738008, ""subsample"": 0.8632544034132439}","[{""average_precision"": 0.596903006743555, ""roc_auc"": 0.7943213260079768, ""brier_score"": 0.15941640480124009, ""log_loss"": 0.4833665629429958, ""fold"": 1, ""fit_seconds"": 12.934724100021413}, {""average_precision"": 0.615904020477227, ""roc_auc"": 0.8061716107378943, ""brier_score"": 0.15765591480088328, ""log_loss"": 0.47753148447566623, ""fold"": 2, ""fit_seconds"": 14.452082600007998}, {""average_precision"": 0.647388145784447, ""roc_auc"": 0.7993177577859487, ""brier_score"": 0.16762463070888875, ""log_loss"": 0.5037001719600289, ""fold"": 3, ""fit_seconds"": 15.820302699983586}, {""average_precision"": 0.6550276595109078, ""roc_auc"": 0.8075892640744515, ""brier_score"": 0.1630919153641862, ""log_loss"": 0.49266785582272593, ""fold"": 4, ""fit_seconds"": 17.48736050000298}]",0.9242681793029826,0.016257388669867673,512.0,6.0,,150.0,,0.25702336860654146,0.16609064437738008,0.8632544034132439,1.5005593489024494,17.89351672749082,,,,,,,,False
stage5__xgboost__tree_plus_transaction_count_raw_components__v1,xgboost,tree_plus_transaction_count_raw_components,3,COMPLETE,0.6325540908261313,0.8048920800079067,0.02445816274303914,0.5988842996983377,0.004134003796493123,0.7997537570850349,0.15835956158699258,0.4803426022915701,108.92815409996547,"{""colsample_bytree"": 0.6831624811339446, ""gamma"": 4.095896438692192, ""learning_rate"": 0.02756615061821052, ""max_bin"": 512, ""max_depth"": 4, ""min_child_weight"": 5.393344461256355, ""n_estimators"": 700, ""reg_alpha"": 0.07441234933436049, ""reg_lambda"": 0.041942724935852, ""subsample"": 0.9488367022631827}","[{""average_precision"": 0.5988842996983377, ""roc_auc"": 0.7997537570850349, ""brier_score"": 0.1552092898409257, ""log_loss"": 0.4730219805108913, ""fold"": 1, ""fit_seconds"": 23.246160399983637}, {""average_precision"": 0.6198188398392651, ""roc_auc"": 0.8079409164505472, ""brier_score"": 0.15432413391622674, ""log_loss"": 0.4689122936889779, ""fold"": 2, ""fit_seconds"": 25.49122629998601}, {""average_precision"": 0.6525745150951369, ""roc_auc"": 0.8020330298000758, ""brier_score"": 0.164229840503542, ""log_loss"": 0.4955058748161605, ""fold"": 3, ""fit_seconds"": 28.809062699991046}, {""average_precision"": 0.6589387086717859, ""roc_auc"": 0.809840616695969, ""brier_score"": 0.15967498208727585, ""log_loss"": 0.48393026015025076, ""fold"": 4, ""fit_seconds"": 31.381704700004775}]",0.6831624811339446,0.02756615061821052,512.0,4.0,,700.0,,0.07441234933436049,0.041942724935852,0.9488367022631827,4.095896438692192,5.393344461256355,,,,,,,,False
stage5__xgboost__tree_plus_transaction_count_raw_components__v1,xgboost,tree_plus_transaction_count_raw_components,4,COMPLETE,0.6228586698187633,0.8013834841618711,0.028419614605923554,0.5855393554723196,0.005854149867593388,0.7960619803476945,0.1601971142240302,0.4858582693664874,42.946796999982325,"{""colsample_bytree"": 0.8662140068683415, ""gamma"": 1.3665526222391207, ""learning_rate"": 0.10271578928743211, ""max_bin"": 128, ""max_depth"": 8, ""min_child_weight"": 1.2217984388639547, ""n_estimators"": 200, ""reg_alpha"": 0.00011884645801533916, ""reg_lambda"": 0.058502858618680285, ""subsample"": 0.9940849539357981}","[{""average_precision"": 0.5855393554723196, ""roc_auc"": 0.7960619803476945, ""brier_score"": 0.15788282375761054, ""log_loss"": 0.4810561554237466, ""fold"": 1, ""fit_seconds"": 9.341596299986122}, {""average_precision"": 0.6078344728032391, ""roc_auc"": 0.8031257088569359, ""brier_score"": 0.15670206143948723, ""log_loss"": 0.47585378150219126, ""fold"": 2, ""fit_seconds"": 9.999686800001655}, {""average_precision"": 0.638023185443841, ""roc_auc"": 0.7961259642422351, ""brier_score"": 0.16677292562061546, ""log_loss"": 0.5030087255197109, ""fold"": 3, ""fit_seconds"": 11.201844700000947}, {""average_precision"": 0.6600376655556536, ""roc_auc"": 0.810220283200619, ""brier_score"": 0.15943064607840757, ""log_loss"": 0.48351441502030096, ""fold"": 4, ""fit_seconds"": 12.403669199993601}]",0.8662140068683415,0.10271578928743211,128.0,8.0,,200.0,,0.00011884645801533916,0.058502858618680285,0.9940849539357981,1.3665526222391207,1.2217984388639547,,,,,,,,False
stage5__xgboost__tree_plus_transaction_count_raw_components__v1,xgboost,tree_plus_transaction_count_raw_components,5,COMPLETE,0.6312935131060253,0.8056153289230747,0.02564675969794277,0.5960337052818891,0.004297235205093505,0.7997965829905993,0.15828524047913364,0.4802665615446437,76.97752710001078,"{""colsample_bytree"": 0.853558075846343, ""gamma"": 0.6163597638349416, ""learning_rate"": 0.08530455601145875, ""max_bin"": 512, ""max_depth"": 7, ""min_child_weight"": 1.1667726232171949, ""n_estimators"": 200, ""reg_alpha"": 5.315797741654099e-06, ""reg_lambda"": 3.4409893037422026, ""subsample"": 0.7130613382332853}","[{""average_precision"": 0.5960337052818891, ""roc_auc"": 0.7997965829905993, ""brier_score"": 0.1555169133787927, ""log_loss"": 0.4738548231174846, ""fold"": 1, ""fit_seconds"": 17.8231722000055}, {""average_precision"": 0.6177120241030296, ""roc_auc"": 0.8083196151724843, ""brier_score"": 0.15470359861494437, ""log_loss"": 0.4697618988107987, ""fold"": 2, ""fit_seconds"": 18.53035970000201}, {""average_precision"": 0.65341436774573, ""roc_auc"": 0.8034413375350764, ""brier_score"": 0.16381348634198264, ""log_loss"": 0.49461903872300544, ""fold"": 3, ""fit_seconds"": 19.874061899987282}, {""average_precision"": 0.6580139552934524, ""roc_auc"": 0.8109037799941393, ""brier_score"": 0.15910696358081486, ""log_loss"": 0.4828304855272861, ""fold"": 4, ""fit_seconds"": 20.749933300015982}]",0.853558075846343,0.08530455601145875,512.0,7.0,,200.0,,5.315797741654099e-06,3.4409893037422026,0.7130613382332853,0.6163597638349416,1.1667726232171949,,,,,,,,False
stage5__xgboost__tree_plus_transaction_count_raw_components__v1,xgboost,tree_plus_transaction_count_raw_components,6,COMPLETE,0.6402602970303801,0.8076446044521068,0.023296469928495715,0.609357511456387,0.004852756521582459,0.8012622524807064,0.15821779788452556,0.4796028748163176,86.63877099999809,"{""colsample_bytree"": 0.7020599079956136, ""gamma"": 0.1209895119421528, ""learning_rate"": 0.0195251741116355, ""max_bin"": 512, ""max_depth"": 7, ""min_child_weight"": 13.443862241653257, ""n_estimators"": 200, ""reg_alpha"": 0.014616032437682452, ""reg_lambda"": 0.007260995022309545, ""subsample"": 0.7085776591849288}","[{""average_precision"": 0.609357511456387, ""roc_auc"": 0.8012622524807064, ""brier_score"": 0.15572941171722396, ""log_loss"": 0.4739571355838937, ""fold"": 1, ""fit_seconds"": 18.233070899994345}, {""average_precision"": 0.6265566666374573, ""roc_auc"": 0.8118770095074628, ""brier_score"": 0.15417599854284814, ""log_loss"": 0.4679410188995728, ""fold"": 2, ""fit_seconds"": 20.84795039999881}, {""average_precision"": 0.6584852560248469, ""roc_auc"": 0.8046429262006561, ""brier_score"": 0.1638416158989897, ""log_loss"": 0.4940745641785795, ""fold"": 3, ""fit_seconds"": 22.929484799999045}, {""average_precision"": 0.6666417540028293, ""roc_auc"": 0.8127962296196021, ""brier_score"": 0.15912416537904037, ""log_loss"": 0.4824387806032245, ""fold"": 4, ""fit_seconds"": 24.628264900005888}]",0.7020599079956136,0.0195251741116355,512.0,7.0,,200.0,,0.014616032437682452,0.007260995022309545,0.7085776591849288,0.1209895119421528,13.443862241653257,,,,,,,,False
stage5__xgboost__tree_plus_transaction_count_raw_components__v1,xgboost,tree_plus_transaction_count_raw_components,7,COMPLETE,0.6371895687896847,0.8079340168824575,0.02438252566359363,0.6046964597308456,0.004495664068822247,0.8021032607020959,0.15742940740714428,0.4775718760397426,64.15418100001989,"{""colsample_bytree"": 0.6857221925552167, ""gamma"": 2.683771027932025, ""learning_rate"": 0.04392483014820272, ""max_bin"": 128, ""max_depth"": 7, ""min_child_weight"": 17.49104410083387, ""n_estimators"": 400, ""reg_alpha"": 0.00014722653865543387, ""reg_lambda"": 0.1743077139865438, ""subsample"": 0.7363392240972881}","[{""average_precision"": 0.6046964597308456, ""roc_auc"": 0.8021032607020959, ""brier_score"": 0.15479535029692565, ""log_loss"": 0.4713368070278521, ""fold"": 1, ""fit_seconds"": 13.738987100019585}, {""average_precision"": 0.6233217028799504, ""roc_auc"": 0.8117302845176626, ""brier_score"": 0.15337020212945449, ""log_loss"": 0.46588578889177124, ""fold"": 2, ""fit_seconds"": 15.385715300013544}, {""average_precision"": 0.6551145643976162, ""roc_auc"": 0.8050547855510004, ""brier_score"": 0.16339030071088403, ""log_loss"": 0.492995050153714, ""fold"": 3, ""fit_seconds"": 16.494254999997793}, {""average_precision"": 0.6656255481503268, ""roc_auc"": 0.8128477367590706, ""brier_score"": 0.158161776491313, ""log_loss"": 0.4800698580856331, ""fold"": 4, ""fit_seconds"": 18.535223599988967}]",0.6857221925552167,0.04392483014820272,128.0,7.0,,400.0,,0.00014722653865543387,0.1743077139865438,0.7363392240972881,2.683771027932025,17.49104410083387,,,,,,,,False
stage5__xgboost__tree_plus_transaction_count_raw_components__v1,xgboost,tree_plus_transaction_count_raw_components,8,COMPLETE,0.6155254353451969,0.7980376636851115,0.026401154064025913,0.5794050397792971,0.004852553475230364,0.7927459815971863,0.1624436263257863,0.4932326360398223,81.25340630000574,"{""colsample_bytree"": 0.9194599374091807, ""gamma"": 3.5454811908745443, ""learning_rate"": 0.06976962150831048, ""max_bin"": 128, ""max_depth"": 10, ""min_child_weight"": 3.698335126542504, ""n_estimators"": 250, ""reg_alpha"": 0.003146153769603922, ""reg_lambda"": 0.673095409115668, ""subsample"": 0.6137339028757604}","[{""average_precision"": 0.5794050397792971, ""roc_auc"": 0.7927459815971863, ""brier_score"": 0.16024925046922422, ""log_loss"": 0.48932441159539086, ""fold"": 1, ""fit_seconds"": 17.220820599992294}, {""average_precision"": 0.602182972920484, ""roc_auc"": 0.8009058531960405, ""brier_score"": 0.15866759699396032, ""log_loss"": 0.48144912947865726, ""fold"": 2, ""fit_seconds"": 19.254214200016577}, {""average_precision"": 0.6338501372525894, ""roc_auc"": 0.7940042201584441, ""brier_score"": 0.1683827490054046, ""log_loss"": 0.5087703922875186, ""fold"": 3, ""fit_seconds"": 20.893277299997862}, {""average_precision"": 0.6466635914284171, ""roc_auc"": 0.8044945997887751, ""brier_score"": 0.16247490883455612, ""log_loss"": 0.49338661079772256, ""fold"": 4, ""fit_seconds"": 23.885094199999003}]",0.9194599374091807,0.06976962150831048,128.0,10.0,,250.0,,0.003146153769603922,0.673095409115668,0.6137339028757604,3.5454811908745443,3.698335126542504,,,,,,,,False
stage5__xgboost__tree_plus_transaction_count_raw_components__v1,xgboost,tree_plus_transaction_count_raw_components,9,COMPLETE,0.6251360279767662,0.8026669157843914,0.02789897066862767,0.5883172556940649,0.005003146534716647,0.7964883845002606,0.15935894238396459,0.48297516131498025,72.710082399979,"{""colsample_bytree"": 0.9608938931623576, ""gamma"": 1.2851772464667448, ""learning_rate"": 0.08752180858225246, ""max_bin"": 128, ""max_depth"": 5, ""min_child_weight"": 4.29366525575821, ""n_estimators"": 700, ""reg_alpha"": 0.0019024233452911651, ""reg_lambda"": 0.006455215731954213, ""subsample"": 0.9029995398806776}","[{""average_precision"": 0.5883172556940649, ""roc_auc"": 0.7964883845002606, ""brier_score"": 0.1572147215746141, ""log_loss"": 0.47838323701194796, ""fold"": 1, ""fit_seconds"": 15.501820099976612}, {""average_precision"": 0.6087131730419185, ""roc_auc"": 0.8053275312453583, ""brier_score"": 0.15567116638540318, ""log_loss"": 0.4720310940503203, ""fold"": 2, ""fit_seconds"": 17.246688699990045}, {""average_precision"": 0.6458094612179714, ""roc_auc"": 0.7994920662584138, ""brier_score"": 0.16492694936953886, ""log_loss"": 0.49735257282769196, ""fold"": 3, ""fit_seconds"": 18.866385100001935}, {""average_precision"": 0.65770422195311, ""roc_auc"": 0.809359681133533, ""brier_score"": 0.15962293220630225, ""log_loss"": 0.48413374136996074, ""fold"": 4, ""fit_seconds"": 21.09518850001041}]",0.9608938931623576,0.08752180858225246,128.0,5.0,,700.0,,0.0019024233452911651,0.006455215731954213,0.9029995398806776,1.2851772464667448,4.29366525575821,,,,,,,,False
stage5__xgboost__tree_plus_transaction_count_raw_components__v1,xgboost,tree_plus_transaction_count_raw_components,10,COMPLETE,0.6371287966121805,0.8077008874765476,0.024946462875320916,0.6034114437485105,0.004650949614870646,0.8017628708824325,0.15744967568636878,0.47764213906870856,84.02186619999702,"{""colsample_bytree"": 0.7142533034505866, ""gamma"": 0.4430235529599414, ""learning_rate"": 0.03533113993330768, ""max_bin"": 512, ""max_depth"": 6, ""min_child_weight"": 5.780272916910911, ""n_estimators"": 300, ""reg_alpha"": 2.7927788234169923e-05, ""reg_lambda"": 0.11995175085531659, ""subsample"": 0.7059639464602906}","[{""average_precision"": 0.6034114437485105, ""roc_auc"": 0.8017628708824325, ""brier_score"": 0.15480065838024729, ""log_loss"": 0.4713812170155738, ""fold"": 1, ""fit_seconds"": 17.717162199987797}, {""average_precision"": 0.6233599515591461, ""roc_auc"": 0.8110899264304853, ""brier_score"": 0.15358693146014027, ""log_loss"": 0.46656254105590056, ""fold"": 2, ""fit_seconds"": 20.199577099992894}, {""average_precision"": 0.6566651411541707, ""roc_auc"": 0.8047015571806754, ""brier_score"": 0.1631646494656094, ""log_loss"": 0.4924721983472084, ""fold"": 3, ""fit_seconds"": 22.605088000011165}, {""average_precision"": 0.6650786499868944, ""roc_auc"": 0.8132491954125972, ""brier_score"": 0.15824646343947812, ""log_loss"": 0.4801525998561516, ""fold"": 4, ""fit_seconds"": 23.500038900005165}]",0.7142533034505866,0.03533113993330768,512.0,6.0,,300.0,,2.7927788234169923e-05,0.11995175085531659,0.7059639464602906,0.4430235529599414,5.780272916910911,,,,,,,,False
stage5__xgboost__tree_plus_transaction_count_raw_components__v1,xgboost,tree_plus_transaction_count_raw_components,11,COMPLETE,0.6400682966728037,0.8084424796797682,0.023036308730454966,0.6091341343283891,0.004391032144501884,0.8026342040502141,0.15732031475203964,0.4772658552210093,140.9240195999446,"{""colsample_bytree"": 0.7322215289206012, ""gamma"": 1.7575303819007577, ""learning_rate"": 0.01694356833795661, ""max_bin"": 512, ""max_depth"": 6, ""min_child_weight"": 14.047281617916306, ""n_estimators"": 500, ""reg_alpha"": 0.9381810225893001, ""reg_lambda"": 0.008632177438222607, ""subsample"": 0.7311055877981582}","[{""average_precision"": 0.6091341343283891, ""roc_auc"": 0.8026342040502141, ""brier_score"": 0.15454602558062738, ""log_loss"": 0.47092493779046746, ""fold"": 1, ""fit_seconds"": 29.334665899979882}, {""average_precision"": 0.6270701831347268, ""roc_auc"": 0.8123142399019431, ""brier_score"": 0.15327011352908568, ""log_loss"": 0.46575508328575066, ""fold"": 2, ""fit_seconds"": 33.389945799979614}, {""average_precision"": 0.6580475629022728, ""roc_auc"": 0.8057691021595645, ""brier_score"": 0.16305320763795814, ""log_loss"": 0.49195622180743676, ""fold"": 3, ""fit_seconds"": 36.394165300007444}, {""average_precision"": 0.6660213063258262, ""roc_auc"": 0.813052372607351, ""brier_score"": 0.15841191226048731, ""log_loss"": 0.4804271780003825, ""fold"": 4, ""fit_seconds"": 41.805242599977646}]",0.7322215289206012,0.01694356833795661,512.0,6.0,,500.0,,0.9381810225893001,0.008632177438222607,0.7311055877981582,1.7575303819007577,14.047281617916306,,,,,,,,False
stage5__xgboost__tree_plus_transaction_count_raw_components__v1,xgboost,tree_plus_transaction_count_raw_components,12,COMPLETE,0.6395822466502783,0.8080836084617623,0.02364904636290753,0.6071129481925225,0.004451209899042258,0.8020875635092835,0.1574967958874195,0.4777455246053385,134.9559062999906,"{""colsample_bytree"": 0.687281870282719, ""gamma"": 2.693925542403397, ""learning_rate"": 0.016861757195868424, ""max_bin"": 512, ""max_depth"": 6, ""min_child_weight"": 8.008377872367607, ""n_estimators"": 450, ""reg_alpha"": 0.0019374830794334082, ""reg_lambda"": 0.0012992264120302377, ""subsample"": 0.7047141595683345}","[{""average_precision"": 0.6071129481925225, ""roc_auc"": 0.8020875635092835, ""brier_score"": 0.15490099479300903, ""log_loss"": 0.47183108166935794, ""fold"": 1, ""fit_seconds"": 27.95941579999635}, {""average_precision"": 0.6273121753841497, ""roc_auc"": 0.812130254944775, ""brier_score"": 0.1533620399386731, ""log_loss"": 0.4659345385179373, ""fold"": 2, ""fit_seconds"": 30.74390819997643}, {""average_precision"": 0.6579836836217857, ""roc_auc"": 0.8055209995225925, ""brier_score"": 0.16308486666066457, ""log_loss"": 0.4921243122181596, ""fold"": 3, ""fit_seconds"": 35.02811390001443}, {""average_precision"": 0.6659201794026555, ""roc_auc"": 0.8125956158703985, ""brier_score"": 0.1586392821573313, ""log_loss"": 0.481092166015899, ""fold"": 4, ""fit_seconds"": 41.22446840000339}]",0.687281870282719,0.016861757195868424,512.0,6.0,,450.0,,0.0019374830794334082,0.0012992264120302377,0.7047141595683345,2.693925542403397,8.008377872367607,,,,,,,,False
stage5__xgboost__tree_plus_transaction_count_raw_components__v1,xgboost,tree_plus_transaction_count_raw_components,13,COMPLETE,0.6367558651043166,0.8061698135231076,0.02313744058328136,0.6053532248370893,0.004711784685995112,0.8000425600562634,0.15804525938327804,0.47934190361286255,128.0337161999778,"{""colsample_bytree"": 0.8087519314211311, ""gamma"": 1.4462758974019376, ""learning_rate"": 0.01742386360257481, ""max_bin"": 512, ""max_depth"": 5, ""min_child_weight"": 15.799279571684263, ""n_estimators"": 550, ""reg_alpha"": 5.003480689419226, ""reg_lambda"": 0.02404254041662345, ""subsample"": 0.6704742809452973}","[{""average_precision"": 0.6053532248370893, ""roc_auc"": 0.8000425600562634, ""brier_score"": 0.1552851428467633, ""log_loss"": 0.4730251509834492, ""fold"": 1, ""fit_seconds"": 29.05797209998127}, {""average_precision"": 0.6241895774095009, ""roc_auc"": 0.8102188659958618, ""brier_score"": 0.15385597436216883, ""log_loss"": 0.46750638012041207, ""fold"": 2, ""fit_seconds"": 29.59783799998695}, {""average_precision"": 0.654822809989527, ""roc_auc"": 0.8031650211525855, ""brier_score"": 0.1638163482867297, ""log_loss"": 0.49425135686681193, ""fold"": 3, ""fit_seconds"": 33.26463960000547}, {""average_precision"": 0.6626578481811489, ""roc_auc"": 0.81125280688772, ""brier_score"": 0.15922357203745033, ""log_loss"": 0.482584726480777, ""fold"": 4, ""fit_seconds"": 36.1132665000041}]",0.8087519314211311,0.01742386360257481,512.0,5.0,,550.0,,5.003480689419226,0.02404254041662345,0.6704742809452973,1.4462758974019376,15.799279571684263,,,,,,,,False
stage5__xgboost__tree_plus_transaction_count_raw_components__v1,xgboost,tree_plus_transaction_count_raw_components,14,COMPLETE,0.640734663905625,0.809696878677408,0.024536355286894126,0.6089596427643652,0.004380454758459615,0.8035745492796994,0.15706173565116638,0.4763929333097887,253.67871270002797,"{""colsample_bytree"": 0.6189093531444662, ""gamma"": 0.9278640307056174, ""learning_rate"": 0.01843222612174041, ""max_bin"": 512, ""max_depth"": 10, ""min_child_weight"": 10.886870216658032, ""n_estimators"": 350, ""reg_alpha"": 0.025713215748401356, ""reg_lambda"": 0.10257231780493156, ""subsample"": 0.7029267703960853}","[{""average_precision"": 0.6089596427643652, ""roc_auc"": 0.8035745492796994, ""brier_score"": 0.15457875620357225, ""log_loss"": 0.4706588027849929, ""fold"": 1, ""fit_seconds"": 52.65335380000761}, {""average_precision"": 0.6251124655031537, ""roc_auc"": 0.8130975747929227, ""brier_score"": 0.15339588380264468, ""log_loss"": 0.46541432808741573, ""fold"": 2, ""fit_seconds"": 61.285464800021145}, {""average_precision"": 0.6604850043498744, ""roc_auc"": 0.8075934320217744, ""brier_score"": 0.16251505066198985, ""log_loss"": 0.49052517416174196, ""fold"": 3, ""fit_seconds"": 66.55141179999919}, {""average_precision"": 0.6683815430051065, ""roc_auc"": 0.8145219586152356, ""brier_score"": 0.15775725193645868, ""log_loss"": 0.4789734282050043, ""fold"": 4, ""fit_seconds"": 73.18848230000003}]",0.6189093531444662,0.01843222612174041,512.0,10.0,,350.0,,0.025713215748401356,0.10257231780493156,0.7029267703960853,0.9278640307056174,10.886870216658032,,,,,,,,False
stage5__xgboost__tree_plus_transaction_count_raw_components__v1,xgboost,tree_plus_transaction_count_raw_components,15,COMPLETE,0.6365811167972415,0.8077739266067494,0.024871215679046425,0.6033403515625577,0.004729308910683205,0.8015078368144486,0.15774859301895638,0.47848627014655837,377.77524980003363,"{""colsample_bytree"": 0.674783322999926, ""gamma"": 2.855713342113275, ""learning_rate"": 0.02483514329259383, ""max_bin"": 512, ""max_depth"": 10, ""min_child_weight"": 17.53603960201737, ""n_estimators"": 600, ""reg_alpha"": 5.604320426364965, ""reg_lambda"": 0.012790293244542195, ""subsample"": 0.7163341249619075}","[{""average_precision"": 0.6033403515625577, ""roc_auc"": 0.8015078368144486, ""brier_score"": 0.15536134759692063, ""log_loss"": 0.4730621230797505, ""fold"": 1, ""fit_seconds"": 80.41706259999773}, {""average_precision"": 0.6222011708170945, ""roc_auc"": 0.8116413955370848, ""brier_score"": 0.15388595025020615, ""log_loss"": 0.4667148669848854, ""fold"": 2, ""fit_seconds"": 89.11406690001604}, {""average_precision"": 0.6566025352626521, ""roc_auc"": 0.8049503299508944, ""brier_score"": 0.163493785210949, ""log_loss"": 0.4934874581892381, ""fold"": 3, ""fit_seconds"": 98.71389710000949}, {""average_precision"": 0.6641804095466615, ""roc_auc"": 0.8129961441245697, ""brier_score"": 0.15825328901774965, ""log_loss"": 0.4806806323323595, ""fold"": 4, ""fit_seconds"": 109.53022320001037}]",0.674783322999926,0.02483514329259383,512.0,10.0,,600.0,,5.604320426364965,0.012790293244542195,0.7163341249619075,2.855713342113275,17.53603960201737,,,,,,,,False
stage5__xgboost__tree_plus_transaction_count_raw_components__v1,xgboost,tree_plus_transaction_count_raw_components,16,COMPLETE,0.6420527268342165,0.8099529620324377,0.023207525433217448,0.6116415076880678,0.004315653877542505,0.8045164835629608,0.156773380946591,0.4757789394128563,196.30609800000093,"{""colsample_bytree"": 0.6629368784151985, ""gamma"": 1.4599809831365151, ""learning_rate"": 0.02799934190082143, ""max_bin"": 512, ""max_depth"": 10, ""min_child_weight"": 19.996213837176082, ""n_estimators"": 300, ""reg_alpha"": 1.1301441389351956, ""reg_lambda"": 0.6289765377033686, ""subsample"": 0.8503507014262515}","[{""average_precision"": 0.6116415076880678, ""roc_auc"": 0.8045164835629608, ""brier_score"": 0.15403401969809097, ""log_loss"": 0.469508490280008, ""fold"": 1, ""fit_seconds"": 41.638770899997326}, {""average_precision"": 0.6279204880461584, ""roc_auc"": 0.8138308519102627, ""brier_score"": 0.15288251492226484, ""log_loss"": 0.4641592348068641, ""fold"": 2, ""fit_seconds"": 46.54939420000301}, {""average_precision"": 0.6599807994240423, ""roc_auc"": 0.8069446748895122, ""brier_score"": 0.16260309428383515, ""log_loss"": 0.4908635215439768, ""fold"": 3, ""fit_seconds"": 51.974881000001915}, {""average_precision"": 0.6686681121785977, ""roc_auc"": 0.8145198377670155, ""brier_score"": 0.15757389488217305, ""log_loss"": 0.47858451102057636, ""fold"": 4, ""fit_seconds"": 56.14305189999868}]",0.6629368784151985,0.02799934190082143,512.0,10.0,,300.0,,1.1301441389351956,0.6289765377033686,0.8503507014262515,1.4599809831365151,19.996213837176082,,,,,,,,True
stage5__xgboost__tree_plus_transaction_count_raw_components__v1,xgboost,tree_plus_transaction_count_raw_components,17,COMPLETE,0.6358190745427601,0.8078174113163745,0.02568838079572095,0.6013751170022326,0.004539109733316669,0.8018790893211356,0.15761593429953205,0.47792708159456615,146.51113889997941,"{""colsample_bytree"": 0.6439948453546434, ""gamma"": 1.243751316668443, ""learning_rate"": 0.05239726308246804, ""max_bin"": 512, ""max_depth"": 9, ""min_child_weight"": 12.658125611930418, ""n_estimators"": 250, ""reg_alpha"": 5.6538208047069825, ""reg_lambda"": 12.722522135834975, ""subsample"": 0.8341216977008615}","[{""average_precision"": 0.6013751170022326, ""roc_auc"": 0.8018790893211356, ""brier_score"": 0.15508893732850196, ""log_loss"": 0.4720145513566803, ""fold"": 1, ""fit_seconds"": 31.260510799998883}, {""average_precision"": 0.6214957032615347, ""roc_auc"": 0.810717566640708, ""brier_score"": 0.15400281692993678, ""log_loss"": 0.4670705285635508, ""fold"": 2, ""fit_seconds"": 37.347518700000364}, {""average_precision"": 0.6547759408412197, ""roc_auc"": 0.8052058608445368, ""brier_score"": 0.1633853003144169, ""log_loss"": 0.4930329974333178, ""fold"": 3, ""fit_seconds"": 38.06886219998705}, {""average_precision"": 0.6656295370660537, ""roc_auc"": 0.8134671284591177, ""brier_score"": 0.15798668262527257, ""log_loss"": 0.4795902490247157, ""fold"": 4, ""fit_seconds"": 39.834247199993115}]",0.6439948453546434,0.05239726308246804,512.0,9.0,,250.0,,5.6538208047069825,12.722522135834975,0.8341216977008615,1.243751316668443,12.658125611930418,,,,,,,,False
stage5__xgboost__tree_plus_transaction_count_raw_components__v1,xgboost,tree_plus_transaction_count_raw_components,18,COMPLETE,0.6412659614545586,0.8098597652496081,0.0237403610733823,0.6103405595209933,0.003978155606051592,0.804833623652854,0.15702768298867276,0.4763579067872138,223.573447999981,"{""colsample_bytree"": 0.7227859190037101, ""gamma"": 0.9152966836555109, ""learning_rate"": 0.018691895385720837, ""max_bin"": 256, ""max_depth"": 10, ""min_child_weight"": 6.87880783214003, ""n_estimators"": 400, ""reg_alpha"": 0.537507895311112, ""reg_lambda"": 7.250167892817873, ""subsample"": 0.9473157840672255}","[{""average_precision"": 0.6103405595209933, ""roc_auc"": 0.804833623652854, ""brier_score"": 0.15432342048905445, ""log_loss"": 0.4701524798848201, ""fold"": 1, ""fit_seconds"": 47.39556080001057}, {""average_precision"": 0.626314813695896, ""roc_auc"": 0.8127890001331834, ""brier_score"": 0.15342769122384023, ""log_loss"": 0.4655125672714172, ""fold"": 2, ""fit_seconds"": 54.149773599987384}, {""average_precision"": 0.6608746142731304, ""roc_auc"": 0.8072162094737485, ""brier_score"": 0.1626058687799791, ""log_loss"": 0.49107234441029396, ""fold"": 3, ""fit_seconds"": 60.22019890000229}, {""average_precision"": 0.6675338583282151, ""roc_auc"": 0.8146002277386467, ""brier_score"": 0.15775375146181722, ""log_loss"": 0.4786942355823238, ""fold"": 4, ""fit_seconds"": 61.807914699980756}]",0.7227859190037101,0.018691895385720837,256.0,10.0,,400.0,,0.537507895311112,7.250167892817873,0.9473157840672255,0.9152966836555109,6.87880783214003,,,,,,,,False
stage5__xgboost__tree_plus_transaction_count_raw_components__v1,xgboost,tree_plus_transaction_count_raw_components,19,COMPLETE,0.6327800151792524,0.8061063168658646,0.02687978002623899,0.5977033330933454,0.004418635374727231,0.8003523469961747,0.15876397468124576,0.4814725262968865,218.25049849998322,"{""colsample_bytree"": 0.6412004766983864, ""gamma"": 1.8138720940622421, ""learning_rate"": 0.036317332194178854, ""max_bin"": 256, ""max_depth"": 10, ""min_child_weight"": 18.48658048990615, ""n_estimators"": 600, ""reg_alpha"": 0.349095952673881, ""reg_lambda"": 4.713984379285217, ""subsample"": 0.8780290190578035}","[{""average_precision"": 0.5977033330933454, ""roc_auc"": 0.8003523469961747, ""brier_score"": 0.1565851211653526, ""log_loss"": 0.4764609300010067, ""fold"": 1, ""fit_seconds"": 47.00303829999757}, {""average_precision"": 0.6159896055452829, ""roc_auc"": 0.8085011952935163, ""brier_score"": 0.15535645100211076, ""log_loss"": 0.47086365998747465, ""fold"": 2, ""fit_seconds"": 53.22106720000738}, {""average_precision"": 0.6546699726906638, ""roc_auc"": 0.8036863507441977, ""brier_score"": 0.16430385489068375, ""log_loss"": 0.49602121902919905, ""fold"": 3, ""fit_seconds"": 57.72257099999115}, {""average_precision"": 0.6627571493877171, ""roc_auc"": 0.8118853744295698, ""brier_score"": 0.15881047166683598, ""log_loss"": 0.48254429616986577, ""fold"": 4, ""fit_seconds"": 60.30382199998712}]",0.6412004766983864,0.036317332194178854,256.0,10.0,,600.0,,0.349095952673881,4.713984379285217,0.8780290190578035,1.8138720940622421,18.48658048990615,,,,,,,,False
stage5__catboost__tree_plus_worker_population_raw_components__v1,catboost,tree_plus_worker_population_raw_components,0,COMPLETE,0.5936674533605708,0.7829049605705503,0.02139019677598757,0.5635220274534395,0.008916201917902936,0.7704104300356357,0.1669599355878092,0.5028860262169907,526.2238258000289,"{""bagging_temperature"": 3.7945242258772027, ""border_count"": 254, ""depth"": 9, ""iterations"": 350, ""l2_leaf_reg"": 2.5099902180611435, ""leaf_estimation_iterations"": 5, ""learning_rate"": 0.02007900562342591, ""random_strength"": 0.11130110036874542}","[{""average_precision"": 0.5635220274534395, ""roc_auc"": 0.7786530020126, ""brier_score"": 0.16335328091837578, ""log_loss"": 0.4953087795805428, ""fold"": 1, ""fit_seconds"": 118.97967980001704}, {""average_precision"": 0.5890965689644222, ""roc_auc"": 0.7899403461505543, ""brier_score"": 0.1613384833599441, ""log_loss"": 0.4887462516296895, ""fold"": 2, ""fit_seconds"": 128.24628200000734}, {""average_precision"": 0.598820869993099, ""roc_auc"": 0.7704104300356357, ""brier_score"": 0.1763793730423737, ""log_loss"": 0.525992837501502, ""fold"": 3, ""fit_seconds"": 135.03154100000393}, {""average_precision"": 0.6232303470313223, ""roc_auc"": 0.792616064083411, ""brier_score"": 0.16676860503054314, ""log_loss"": 0.5014962361562286, ""fold"": 4, ""fit_seconds"": 143.96632300000056}]",,0.02007900562342591,,,,,,,,,,,3.7945242258772027,254.0,9.0,350.0,2.5099902180611435,5.0,0.11130110036874542,False
stage5__catboost__tree_plus_worker_population_raw_components__v1,catboost,tree_plus_worker_population_raw_components,1,COMPLETE,0.5912342127404768,0.7822034776707752,0.023884672001727385,0.5588136260141605,0.006739532912582302,0.7756438054393976,0.16694772910174044,0.5032462363820771,312.57112870001583,"{""bagging_temperature"": 0.5124019005666552, ""border_count"": 128, ""depth"": 8, ""iterations"": 300, ""l2_leaf_reg"": 5.293235674355306, ""leaf_estimation_iterations"": 4, ""learning_rate"": 0.01964213581198475, ""random_strength"": 0.45974427740450247}","[{""average_precision"": 0.5588136260141605, ""roc_auc"": 0.7756438054393976, ""brier_score"": 0.1636108920702755, ""log_loss"": 0.495935007256211, ""fold"": 1, ""fit_seconds"": 68.06564680000884}, {""average_precision"": 0.579607393498971, ""roc_auc"": 0.784170310663089, ""brier_score"": 0.16360758974941178, ""log_loss"": 0.49546708116985083, ""fold"": 2, ""fit_seconds"": 73.38168300001416}, {""average_precision"": 0.605334978424369, ""roc_auc"": 0.7766182604812929, ""brier_score"": 0.1739020155394417, ""log_loss"": 0.5196373256709925, ""fold"": 3, ""fit_seconds"": 83.25494959999924}, {""average_precision"": 0.6211808530244072, ""roc_auc"": 0.7923815340993214, ""brier_score"": 0.1666704190478327, ""log_loss"": 0.5019455314312541, ""fold"": 4, ""fit_seconds"": 87.8688492999936}]",,0.01964213581198475,,,,,,,,,,,0.5124019005666552,128.0,8.0,300.0,5.293235674355306,4.0,0.45974427740450247,False
stage5__catboost__tree_plus_worker_population_raw_components__v1,catboost,tree_plus_worker_population_raw_components,2,COMPLETE,0.5838119655309922,0.7798777272544317,0.023335417474610896,0.5486627114828018,0.005899111059511677,0.7718502169959603,0.1685476225147228,0.5066927428269684,132.1383257000125,"{""bagging_temperature"": 2.11311605331652, ""border_count"": 128, ""depth"": 5, ""iterations"": 200, ""l2_leaf_reg"": 1.939921303358823, ""leaf_estimation_iterations"": 9, ""learning_rate"": 0.08387700413751453, ""random_strength"": 0.13576448719096135}","[{""average_precision"": 0.5486627114828018, ""roc_auc"": 0.7765944704553819, ""brier_score"": 0.16449322930868115, ""log_loss"": 0.4967277052010628, ""fold"": 1, ""fit_seconds"": 28.868445500003872}, {""average_precision"": 0.578570756388908, ""roc_auc"": 0.7856059918393414, ""brier_score"": 0.16276109116680468, ""log_loss"": 0.49230267476418704, ""fold"": 2, ""fit_seconds"": 31.705725300009362}, {""average_precision"": 0.5969527041223861, ""roc_auc"": 0.7718502169959603, ""brier_score"": 0.17659824028687615, ""log_loss"": 0.5268645524624211, ""fold"": 3, ""fit_seconds"": 34.10090449999552}, {""average_precision"": 0.6110616901298731, ""roc_auc"": 0.785460229727043, ""brier_score"": 0.17033792929652913, ""log_loss"": 0.5108760388802026, ""fold"": 4, ""fit_seconds"": 37.463250400003744}]",,0.08387700413751453,,,,,,,,,,,2.11311605331652,128.0,5.0,200.0,1.939921303358823,9.0,0.13576448719096135,False
stage5__catboost__tree_plus_worker_population_raw_components__v1,catboost,tree_plus_worker_population_raw_components,3,COMPLETE,0.5977279531134072,0.7863671806721654,0.016137285274067333,0.5757421011285142,0.004844396319399851,0.778205647128822,0.16558623889672128,0.4988753637570601,252.41614349998417,"{""bagging_temperature"": 2.60541634393362, ""border_count"": 64, ""depth"": 6, ""iterations"": 350, ""l2_leaf_reg"": 4.557969986884924, ""leaf_estimation_iterations"": 7, ""learning_rate"": 0.03862133561593854, ""random_strength"": 0.08139704525522765}","[{""average_precision"": 0.5757421011285142, ""roc_auc"": 0.7874736884717471, ""brier_score"": 0.15986859876564086, ""log_loss"": 0.4851424862406729, ""fold"": 1, ""fit_seconds"": 55.656849299994064}, {""average_precision"": 0.5890550629184641, ""roc_auc"": 0.790653317095432, ""brier_score"": 0.160897580821863, ""log_loss"": 0.48686209052860374, ""fold"": 2, ""fit_seconds"": 60.92973929998698}, {""average_precision"": 0.6105007682967862, ""roc_auc"": 0.778205647128822, ""brier_score"": 0.17331951612987176, ""log_loss"": 0.5181919364001669, ""fold"": 3, ""fit_seconds"": 65.88500350000686}, {""average_precision"": 0.6156138801098645, ""roc_auc"": 0.7891360699926606, ""brier_score"": 0.16825925986950951, ""log_loss"": 0.505304941858797, ""fold"": 4, ""fit_seconds"": 69.94455139999627}]",,0.03862133561593854,,,,,,,,,,,2.60541634393362,64.0,6.0,350.0,4.557969986884924,7.0,0.08139704525522765,False
stage5__catboost__tree_plus_worker_population_raw_components__v1,catboost,tree_plus_worker_population_raw_components,4,COMPLETE,0.5764136296409172,0.7766224765268366,0.018865834563071452,0.5491790046936073,0.006661120901657871,0.7663815548799603,0.1688923085157309,0.5084033350366924,165.3292470999877,"{""bagging_temperature"": 2.5841582830073873, ""border_count"": 64, ""depth"": 4, ""iterations"": 350, ""l2_leaf_reg"": 3.58183425335691, ""leaf_estimation_iterations"": 5, ""learning_rate"": 0.01932863297170604, ""random_strength"": 0.2596761824408376}","[{""average_precision"": 0.5491790046936073, ""roc_auc"": 0.7750576802352525, ""brier_score"": 0.1640648688999305, ""log_loss"": 0.4969124091800782, ""fold"": 1, ""fit_seconds"": 36.67056020000018}, {""average_precision"": 0.5706772271890755, ""roc_auc"": 0.7830098842723284, ""brier_score"": 0.16345253911221977, ""log_loss"": 0.49508363488929935, ""fold"": 2, ""fit_seconds"": 39.660595399996964}, {""average_precision"": 0.5856361060262288, ""roc_auc"": 0.7663815548799603, ""brier_score"": 0.17782439460762425, ""log_loss"": 0.5299680247744671, ""fold"": 3, ""fit_seconds"": 42.935158999986015}, {""average_precision"": 0.6001621806547572, ""roc_auc"": 0.7820407867198054, ""brier_score"": 0.17022743144314909, ""log_loss"": 0.5116492713029251, ""fold"": 4, ""fit_seconds"": 46.062932500004536}]",,0.01932863297170604,,,,,,,,,,,2.5841582830073873,64.0,4.0,350.0,3.58183425335691,5.0,0.2596761824408376,False
stage5__catboost__tree_plus_worker_population_raw_components__v1,catboost,tree_plus_worker_population_raw_components,5,COMPLETE,0.5853395284644194,0.7794039006451552,0.012628036323837901,0.5688643605545656,0.006604779854144081,0.7681319883539475,0.16861098439190056,0.5071096081960406,367.59020510001574,"{""bagging_temperature"": 2.7051237060804825, ""border_count"": 128, ""depth"": 7, ""iterations"": 400, ""l2_leaf_reg"": 22.409002059861486, ""leaf_estimation_iterations"": 10, ""learning_rate"": 0.024649967769557874, ""random_strength"": 1.237830923662569}","[{""average_precision"": 0.5688643605545656, ""roc_auc"": 0.7829639780239301, ""brier_score"": 0.16089565637823128, ""log_loss"": 0.48833338251470626, ""fold"": 1, ""fit_seconds"": 79.9626508000074}, {""average_precision"": 0.5789737486604274, ""roc_auc"": 0.7848450800962758, ""brier_score"": 0.1633709598727992, ""log_loss"": 0.4944920485032742, ""fold"": 2, ""fit_seconds"": 88.78098010001122}, {""average_precision"": 0.5910564749399503, ""roc_auc"": 0.7681319883539475, ""brier_score"": 0.17850984620555074, ""log_loss"": 0.5310491120436879, ""fold"": 3, ""fit_seconds"": 97.02587059998768}, {""average_precision"": 0.6024635297027341, ""roc_auc"": 0.7816745561064675, ""brier_score"": 0.17166747511102098, ""log_loss"": 0.5145638897224939, ""fold"": 4, ""fit_seconds"": 101.82070360000944}]",,0.024649967769557874,,,,,,,,,,,2.7051237060804825,128.0,7.0,400.0,22.409002059861486,10.0,1.237830923662569,False
stage5__catboost__tree_plus_worker_population_raw_components__v1,catboost,tree_plus_worker_population_raw_components,6,COMPLETE,0.6160839914590972,0.7925535904502944,0.025432715145069198,0.5808649163480013,0.0054105651112159436,0.7850154524906152,0.16244921814034197,0.4931141659185876,59.15264600003138,"{""bagging_temperature"": 3.4368176424508863, ""border_count"": 254, ""depth"": 4, ""iterations"": 150, ""l2_leaf_reg"": 19.65413780006052, ""leaf_estimation_iterations"": 7, ""learning_rate"": 0.04853702664429418, ""random_strength"": 0.003274256453141557}","[{""average_precision"": 0.5808649163480013, ""roc_auc"": 0.7850154524906152, ""brier_score"": 0.15953815679200248, ""log_loss"": 0.48651989296492365, ""fold"": 1, ""fit_seconds"": 13.250727500009816}, {""average_precision"": 0.6036474390343834, ""roc_auc"": 0.7962536707034971, ""brier_score"": 0.15834560564771707, ""log_loss"": 0.48227139828815085, ""fold"": 2, ""fit_seconds"": 14.364829700003611}, {""average_precision"": 0.6345867938283596, ""roc_auc"": 0.7900444482345466, ""brier_score"": 0.16819485433359366, ""log_loss"": 0.5071017696188581, ""fold"": 3, ""fit_seconds"": 15.557031400006963}, {""average_precision"": 0.6452368166256446, ""roc_auc"": 0.7989007903725187, ""brier_score"": 0.1637182557880546, ""log_loss"": 0.49656360280241796, ""fold"": 4, ""fit_seconds"": 15.980057400010992}]",,0.04853702664429418,,,,,,,,,,,3.4368176424508863,254.0,4.0,150.0,19.65413780006052,7.0,0.003274256453141557,False
stage5__catboost__tree_plus_worker_population_raw_components__v1,catboost,tree_plus_worker_population_raw_components,7,COMPLETE,0.5923651193616424,0.7828211859798206,0.022623237892183092,0.5627769617704098,0.009511648408180456,0.7683051439700639,0.16691447684092736,0.5024804310903228,196.99479369999608,"{""bagging_temperature"": 4.680711872348345, ""border_count"": 128, ""depth"": 6, ""iterations"": 300, ""l2_leaf_reg"": 22.28348761528134, ""leaf_estimation_iterations"": 2, ""learning_rate"": 0.05180255930277638, ""random_strength"": 0.16890484592409377}","[{""average_precision"": 0.5627769617704098, ""roc_auc"": 0.7810266495798069, ""brier_score"": 0.16248339212770174, ""log_loss"": 0.49177484179355935, ""fold"": 1, ""fit_seconds"": 42.69416739998269}, {""average_precision"": 0.5862174077839859, ""roc_auc"": 0.7882440311127505, ""brier_score"": 0.1617073879879995, ""log_loss"": 0.48911480256070816, ""fold"": 2, ""fit_seconds"": 47.901773399993544}, {""average_precision"": 0.5944935499673782, ""roc_auc"": 0.7683051439700639, ""brier_score"": 0.17755672884662413, ""log_loss"": 0.5294900708433041, ""fold"": 3, ""fit_seconds"": 51.125606799992966}, {""average_precision"": 0.6259725579247959, ""roc_auc"": 0.7937089192566615, ""brier_score"": 0.16591039840138416, ""log_loss"": 0.49954200916371944, ""fold"": 4, ""fit_seconds"": 55.27324610002688}]",,0.05180255930277638,,,,,,,,,,,4.680711872348345,128.0,6.0,300.0,22.28348761528134,2.0,0.16890484592409377,False
stage5__catboost__tree_plus_worker_population_raw_components__v1,catboost,tree_plus_worker_population_raw_components,8,COMPLETE,0.5813312045123933,0.7776709049940913,0.014966185661912433,0.5600569300309199,0.006902660964048062,0.7661443958596578,0.16913985269077433,0.5087834958611588,278.32119199997396,"{""bagging_temperature"": 1.0655389982743901, ""border_count"": 128, ""depth"": 5, ""iterations"": 450, ""l2_leaf_reg"": 1.7279898524347306, ""leaf_estimation_iterations"": 8, ""learning_rate"": 0.027438326820492725, ""random_strength"": 1.6482729314709303}","[{""average_precision"": 0.5600569300309199, ""roc_auc"": 0.7800082896645647, ""brier_score"": 0.16227789663206596, ""log_loss"": 0.4921244264454671, ""fold"": 1, ""fit_seconds"": 60.93196089999401}, {""average_precision"": 0.5763185157026679, ""roc_auc"": 0.7845063520298209, ""brier_score"": 0.16295804043737255, ""log_loss"": 0.4931248823956663, ""fold"": 2, ""fit_seconds"": 67.51082349999342}, {""average_precision"": 0.5884446434668207, ""roc_auc"": 0.7661443958596578, ""brier_score"": 0.17948910822782854, ""log_loss"": 0.5343530883474412, ""fold"": 3, ""fit_seconds"": 73.55385239998577}, {""average_precision"": 0.6005047288491644, ""roc_auc"": 0.7800245824223222, ""brier_score"": 0.17183436546583022, ""log_loss"": 0.5155315862560604, ""fold"": 4, ""fit_seconds"": 76.32455520000076}]",,0.027438326820492725,,,,,,,,,,,1.0655389982743901,128.0,5.0,450.0,1.7279898524347306,8.0,1.6482729314709303,False
stage5__catboost__tree_plus_worker_population_raw_components__v1,catboost,tree_plus_worker_population_raw_components,9,COMPLETE,0.5796203376163089,0.777780021683915,0.026039141341858175,0.5396615333365729,0.005093182495348716,0.7723164114211276,0.16807589671329823,0.506680529796663,227.6523171000008,"{""bagging_temperature"": 4.924102248261092, ""border_count"": 64, ""depth"": 8, ""iterations"": 250, ""l2_leaf_reg"": 14.70809716374801, ""leaf_estimation_iterations"": 5, ""learning_rate"": 0.04115997207622577, ""random_strength"": 5.598920738533552}","[{""average_precision"": 0.5396615333365729, ""roc_auc"": 0.7723164114211276, ""brier_score"": 0.16434259071005458, ""log_loss"": 0.49743988048227, ""fold"": 1, ""fit_seconds"": 50.38415460000397}, {""average_precision"": 0.5744579810398334, ""roc_auc"": 0.7829036037087204, ""brier_score"": 0.16346306314297354, ""log_loss"": 0.4952137215739691, ""fold"": 2, ""fit_seconds"": 56.33498390001478}, {""average_precision"": 0.5962297843755209, ""roc_auc"": 0.7730714042194677, ""brier_score"": 0.17457333421560986, ""log_loss"": 0.5223816745745006, ""fold"": 3, ""fit_seconds"": 59.63860159998876}, {""average_precision"": 0.6081320517133084, ""roc_auc"": 0.7828286673863449, ""brier_score"": 0.16992459878455488, ""log_loss"": 0.5116868425559125, ""fold"": 4, ""fit_seconds"": 61.294576999993296}]",,0.04115997207622577,,,,,,,,,,,4.924102248261092,64.0,8.0,250.0,14.70809716374801,5.0,5.598920738533552,False
stage5__catboost__tree_plus_worker_population_raw_components__v1,catboost,tree_plus_worker_population_raw_components,10,COMPLETE,0.575516096846501,0.7761099199809511,0.017289464258117605,0.5537322238250865,0.008143575192299721,0.7625779807935722,0.16936519093641847,0.509623333320833,102.4417077000544,"{""bagging_temperature"": 2.820346113260067, ""border_count"": 254, ""depth"": 4, ""iterations"": 200, ""l2_leaf_reg"": 12.28332088357939, ""leaf_estimation_iterations"": 7, ""learning_rate"": 0.03255810828661001, ""random_strength"": 0.002562159737641741}","[{""average_precision"": 0.5537322238250865, ""roc_auc"": 0.7768763553027571, ""brier_score"": 0.16325958575893926, ""log_loss"": 0.49508322034596225, ""fold"": 1, ""fit_seconds"": 22.349559000023874}, {""average_precision"": 0.5689459784299098, ""roc_auc"": 0.7827064731136202, ""brier_score"": 0.16391904154800757, ""log_loss"": 0.49613674847183387, ""fold"": 2, ""fit_seconds"": 24.75057950001792}, {""average_precision"": 0.5779452352656276, ""roc_auc"": 0.7625779807935722, ""brier_score"": 0.18018164406735074, ""log_loss"": 0.5357286697628817, ""fold"": 3, ""fit_seconds"": 27.29748410001048}, {""average_precision"": 0.6014409498653801, ""roc_auc"": 0.7822788707138553, ""brier_score"": 0.17010049237137634, ""log_loss"": 0.5115446947026544, ""fold"": 4, ""fit_seconds"": 28.04408510000212}]",,0.03255810828661001,,,,,,,,,,,2.820346113260067,254.0,4.0,200.0,12.28332088357939,7.0,0.002562159737641741,False
stage5__catboost__tree_plus_worker_population_raw_components__v1,catboost,tree_plus_worker_population_raw_components,11,COMPLETE,0.5821950740131109,0.7780641797898512,0.022403744923706996,0.547236592308611,0.007983360562536837,0.7656647281112673,0.16894706281430544,0.5074665270498102,161.2860526999866,"{""bagging_temperature"": 4.656119549500401, ""border_count"": 254, ""depth"": 5, ""iterations"": 250, ""l2_leaf_reg"": 13.010999551334644, ""leaf_estimation_iterations"": 9, ""learning_rate"": 0.11124904818686093, ""random_strength"": 0.0023010019221597535}","[{""average_precision"": 0.547236592308611, ""roc_auc"": 0.7767906672394511, ""brier_score"": 0.1646429911855046, ""log_loss"": 0.497262167167353, ""fold"": 1, ""fit_seconds"": 35.68756170000415}, {""average_precision"": 0.5797294214960231, ""roc_auc"": 0.7866460804697272, ""brier_score"": 0.16242204223766968, ""log_loss"": 0.490554769400756, ""fold"": 2, ""fit_seconds"": 39.552092099998845}, {""average_precision"": 0.594612168928194, ""roc_auc"": 0.7656647281112673, ""brier_score"": 0.17829828167055786, ""log_loss"": 0.5319532573324691, ""fold"": 3, ""fit_seconds"": 42.330939199979184}, {""average_precision"": 0.6072021133196152, ""roc_auc"": 0.783155243338959, ""brier_score"": 0.17042493616348958, ""log_loss"": 0.5100959142986625, ""fold"": 4, ""fit_seconds"": 43.71545970000443}]",,0.11124904818686093,,,,,,,,,,,4.656119549500401,254.0,5.0,250.0,13.010999551334644,9.0,0.0023010019221597535,False
stage5__catboost__tree_plus_worker_population_raw_components__v1,catboost,tree_plus_worker_population_raw_components,12,COMPLETE,0.5924026324565606,0.7837572253994186,0.019662209961974094,0.5679910566715638,0.003105302779508618,0.7789425551785445,0.16639495604270177,0.501086062427975,146.40884700001334,"{""bagging_temperature"": 4.406721556047234, ""border_count"": 64, ""depth"": 5, ""iterations"": 250, ""l2_leaf_reg"": 22.7324088053839, ""leaf_estimation_iterations"": 5, ""learning_rate"": 0.05902345369688926, ""random_strength"": 0.0025991785412534394}","[{""average_precision"": 0.5679910566715638, ""roc_auc"": 0.7836389814829919, ""brier_score"": 0.16123748533030519, ""log_loss"": 0.4890903842936601, ""fold"": 1, ""fit_seconds"": 31.400436299998546}, {""average_precision"": 0.5781645089294978, ""roc_auc"": 0.7849568420070876, ""brier_score"": 0.16289951868650773, ""log_loss"": 0.49218435642741953, ""fold"": 2, ""fit_seconds"": 34.812975300010294}, {""average_precision"": 0.6110712885359062, ""roc_auc"": 0.7789425551785445, ""brier_score"": 0.1726893640173381, ""log_loss"": 0.5167858643705773, ""fold"": 3, ""fit_seconds"": 38.17176140000811}, {""average_precision"": 0.6123836756892745, ""roc_auc"": 0.7874905229290506, ""brier_score"": 0.1687534561366561, ""log_loss"": 0.5062836446202433, ""fold"": 4, ""fit_seconds"": 42.02367399999639}]",,0.05902345369688926,,,,,,,,,,,4.406721556047234,64.0,5.0,250.0,22.7324088053839,5.0,0.0025991785412534394,False
stage5__catboost__tree_plus_worker_population_raw_components__v1,catboost,tree_plus_worker_population_raw_components,13,COMPLETE,0.632934567069334,0.8015069807352055,0.022565670774547342,0.6022566697279457,0.005095831955428219,0.7957767059217327,0.15917638093950073,0.4836321834549642,68.4723744999792,"{""bagging_temperature"": 1.0882068990669054, ""border_count"": 254, ""depth"": 5, ""iterations"": 150, ""l2_leaf_reg"": 20.464077012742006, ""leaf_estimation_iterations"": 6, ""learning_rate"": 0.08603858071125163, ""random_strength"": 0.0016701637701670112}","[{""average_precision"": 0.6022566697279457, ""roc_auc"": 0.7957767059217327, ""brier_score"": 0.15625621032334744, ""log_loss"": 0.47707110481800336, ""fold"": 1, ""fit_seconds"": 16.29831290000584}, {""average_precision"": 0.6213373372653631, ""roc_auc"": 0.8059802793361702, ""brier_score"": 0.15488711985983597, ""log_loss"": 0.47195543007787755, ""fold"": 2, ""fit_seconds"": 16.984129899996333}, {""average_precision"": 0.6482576797638993, ""roc_auc"": 0.7971238040052433, ""brier_score"": 0.16538121397883532, ""log_loss"": 0.498984369852952, ""fold"": 3, ""fit_seconds"": 17.340311799984192}, {""average_precision"": 0.6598865815201282, ""roc_auc"": 0.8071471336776759, ""brier_score"": 0.16018097959598424, ""log_loss"": 0.4865178290710241, ""fold"": 4, ""fit_seconds"": 17.84961989999283}]",,0.08603858071125163,,,,,,,,,,,1.0882068990669054,254.0,5.0,150.0,20.464077012742006,6.0,0.0016701637701670112,False
stage5__catboost__tree_plus_worker_population_raw_components__v1,catboost,tree_plus_worker_population_raw_components,14,COMPLETE,0.5909444783642784,0.783400860768191,0.021690328330116325,0.5678789504224162,0.0039323346709651714,0.7790218807818869,0.16676269070705374,0.5018360426098443,115.27979450000566,"{""bagging_temperature"": 0.5715554550958607, ""border_count"": 254, ""depth"": 5, ""iterations"": 200, ""l2_leaf_reg"": 23.32731012403811, ""leaf_estimation_iterations"": 5, ""learning_rate"": 0.10259913889815055, ""random_strength"": 0.0020904040090214855}","[{""average_precision"": 0.5678789504224162, ""roc_auc"": 0.7838595034780943, ""brier_score"": 0.16143658519770818, ""log_loss"": 0.4893518665731484, ""fold"": 1, ""fit_seconds"": 25.584280400013085}, {""average_precision"": 0.5708820730780482, ""roc_auc"": 0.7811907366815497, ""brier_score"": 0.16453980857769201, ""log_loss"": 0.49566343964957493, ""fold"": 2, ""fit_seconds"": 29.02229819999775}, {""average_precision"": 0.6095628232354835, ""roc_auc"": 0.7790218807818869, ""brier_score"": 0.17287455028889218, ""log_loss"": 0.5173951364611157, ""fold"": 3, ""fit_seconds"": 29.89922559997649}, {""average_precision"": 0.6154540667211659, ""roc_auc"": 0.7895313221312328, ""brier_score"": 0.1681998187639225, ""log_loss"": 0.504933727755538, ""fold"": 4, ""fit_seconds"": 30.77399030001834}]",,0.10259913889815055,,,,,,,,,,,0.5715554550958607,254.0,5.0,200.0,23.32731012403811,5.0,0.0020904040090214855,False
stage5__catboost__tree_plus_worker_population_raw_components__v1,catboost,tree_plus_worker_population_raw_components,15,COMPLETE,0.6336023107508175,0.802372624358442,0.023723124423628197,0.600917940244217,0.005467323152306503,0.7954668464774666,0.15885717442505312,0.4825868273759884,75.89784729998792,"{""bagging_temperature"": 2.3270959723838436, ""border_count"": 254, ""depth"": 6, ""iterations"": 150, ""l2_leaf_reg"": 14.847782358614047, ""leaf_estimation_iterations"": 4, ""learning_rate"": 0.07556591454316423, ""random_strength"": 0.12580908077993802}","[{""average_precision"": 0.600917940244217, ""roc_auc"": 0.7954668464774666, ""brier_score"": 0.1562698423920575, ""log_loss"": 0.47703121086571115, ""fold"": 1, ""fit_seconds"": 18.153861300001154}, {""average_precision"": 0.622197441825322, ""roc_auc"": 0.8072324133433789, ""brier_score"": 0.1543855638636915, ""log_loss"": 0.47026781243647187, ""fold"": 2, ""fit_seconds"": 18.68935080000665}, {""average_precision"": 0.6492878070129235, ""roc_auc"": 0.7985911345778397, ""brier_score"": 0.16486468996644213, ""log_loss"": 0.49761437154823157, ""fold"": 3, ""fit_seconds"": 19.388964999991003}, {""average_precision"": 0.6620060539208077, ""roc_auc"": 0.8082001030350828, ""brier_score"": 0.15990860147802133, ""log_loss"": 0.4854339146535391, ""fold"": 4, ""fit_seconds"": 19.66567019998911}]",,0.07556591454316423,,,,,,,,,,,2.3270959723838436,254.0,6.0,150.0,14.847782358614047,4.0,0.12580908077993802,False
stage5__catboost__tree_plus_worker_population_raw_components__v1,catboost,tree_plus_worker_population_raw_components,16,COMPLETE,0.6349645045589472,0.8040754620229638,0.024108315631867307,0.6025518371611871,0.005069124829795431,0.7979996652715621,0.15833186700715485,0.48076445702855913,90.79559920000611,"{""bagging_temperature"": 2.1084207755076347, ""border_count"": 254, ""depth"": 7, ""iterations"": 150, ""l2_leaf_reg"": 7.673523989938577, ""leaf_estimation_iterations"": 5, ""learning_rate"": 0.08710767710371427, ""random_strength"": 0.09402871578487315}","[{""average_precision"": 0.6025518371611871, ""roc_auc"": 0.7979996652715621, ""brier_score"": 0.1556887915039217, ""log_loss"": 0.47444888932079915, ""fold"": 1, ""fit_seconds"": 21.650159899989376}, {""average_precision"": 0.6219397116669567, ""roc_auc"": 0.8086044773083261, ""brier_score"": 0.153968485493633, ""log_loss"": 0.46887183629100904, ""fold"": 2, ""fit_seconds"": 22.038899200008018}, {""average_precision"": 0.6516692554091057, ""roc_auc"": 0.8001498872267969, ""brier_score"": 0.16440407741846153, ""log_loss"": 0.4960633978529518, ""fold"": 3, ""fit_seconds"": 23.22402900000452}, {""average_precision"": 0.6636972139985391, ""roc_auc"": 0.8095478182851698, ""brier_score"": 0.15926611361260315, ""log_loss"": 0.4836737046494766, ""fold"": 4, ""fit_seconds"": 23.882511100004194}]",,0.08710767710371427,,,,,,,,,,,2.1084207755076347,254.0,7.0,150.0,7.673523989938577,5.0,0.09402871578487315,False
stage5__catboost__tree_plus_worker_population_raw_components__v1,catboost,tree_plus_worker_population_raw_components,17,COMPLETE,0.587669306214482,0.7810787637948642,0.02495322833941219,0.5481578859598615,0.008267600462042087,0.7729973239851052,0.16810467348823943,0.5050548046576095,145.34033720000298,"{""bagging_temperature"": 3.819274699892498, ""border_count"": 254, ""depth"": 6, ""iterations"": 200, ""l2_leaf_reg"": 5.252851422578534, ""leaf_estimation_iterations"": 6, ""learning_rate"": 0.10648017947194399, ""random_strength"": 0.22916095218357344}","[{""average_precision"": 0.5481578859598615, ""roc_auc"": 0.7729973239851052, ""brier_score"": 0.16547416331551426, ""log_loss"": 0.4996055057842833, ""fold"": 1, ""fit_seconds"": 31.509631799999624}, {""average_precision"": 0.5868020275307247, ""roc_auc"": 0.7919351487299395, ""brier_score"": 0.16085669698028943, ""log_loss"": 0.4854203727077132, ""fold"": 2, ""fit_seconds"": 34.11850689997664}, {""average_precision"": 0.6003243922357697, ""roc_auc"": 0.7731189268890534, ""brier_score"": 0.17629622103212464, ""log_loss"": 0.5260094269659278, ""fold"": 3, ""fit_seconds"": 38.79598020002595}, {""average_precision"": 0.6153929191315721, ""roc_auc"": 0.7862636555753586, ""brier_score"": 0.16979161262502943, ""log_loss"": 0.5091839131725138, ""fold"": 4, ""fit_seconds"": 40.916218300000764}]",,0.10648017947194399,,,,,,,,,,,3.819274699892498,254.0,6.0,200.0,5.252851422578534,6.0,0.22916095218357344,False
stage5__catboost__tree_plus_worker_population_raw_components__v1,catboost,tree_plus_worker_population_raw_components,18,COMPLETE,0.6364026201346976,0.8057031692246812,0.02449486409826386,0.6012407316208979,0.0057403496062007585,0.7985020479459214,0.15771126798873347,0.47893626118987276,108.84708069998305,"{""bagging_temperature"": 2.2422850259484557, ""border_count"": 128, ""depth"": 8, ""iterations"": 150, ""l2_leaf_reg"": 5.823286168464434, ""leaf_estimation_iterations"": 7, ""learning_rate"": 0.11613566508903311, ""random_strength"": 0.005384141732144123}","[{""average_precision"": 0.6012407316208979, ""roc_auc"": 0.7985020479459214, ""brier_score"": 0.15574133683308164, ""log_loss"": 0.47486826774957114, ""fold"": 1, ""fit_seconds"": 25.006878799991682}, {""average_precision"": 0.6275888941551878, ""roc_auc"": 0.8111991695603062, ""brier_score"": 0.15283953864609004, ""log_loss"": 0.46558548305975794, ""fold"": 2, ""fit_seconds"": 26.726620500005083}, {""average_precision"": 0.6506759616111644, ""roc_auc"": 0.8016419445803894, ""brier_score"": 0.16390988306837295, ""log_loss"": 0.4942650176992413, ""fold"": 3, ""fit_seconds"": 28.22095069999341}, {""average_precision"": 0.6661048931515404, ""roc_auc"": 0.8114695148121079, ""brier_score"": 0.15835431340738926, ""log_loss"": 0.4810262762509204, ""fold"": 4, ""fit_seconds"": 28.89263069999288}]",,0.11613566508903311,,,,,,,,,,,2.2422850259484557,128.0,8.0,150.0,5.823286168464434,7.0,0.005384141732144123,True
stage5__catboost__tree_plus_worker_population_raw_components__v1,catboost,tree_plus_worker_population_raw_components,19,COMPLETE,0.6336337667551621,0.8048664857829579,0.02593523306977682,0.5960733066041177,0.005786381381320008,0.7968681864787837,0.1582608472467404,0.48017994350974713,148.74553429996013,"{""bagging_temperature"": 3.7137692016412287, ""border_count"": 128, ""depth"": 9, ""iterations"": 150, ""l2_leaf_reg"": 20.28865764763911, ""leaf_estimation_iterations"": 8, ""learning_rate"": 0.14303501422644746, ""random_strength"": 0.0055301007317274265}","[{""average_precision"": 0.5960733066041177, ""roc_auc"": 0.7968681864787837, ""brier_score"": 0.15653078941716714, ""log_loss"": 0.4763310089302183, ""fold"": 1, ""fit_seconds"": 33.73681370000122}, {""average_precision"": 0.6240799566770014, ""roc_auc"": 0.8101873032712104, ""brier_score"": 0.15363041867953287, ""log_loss"": 0.4673137408884935, ""fold"": 2, ""fit_seconds"": 36.502699299977394}, {""average_precision"": 0.6509217482525878, ""roc_auc"": 0.8018428596143994, ""brier_score"": 0.16396599525146105, ""log_loss"": 0.49476302960408797, ""fold"": 3, ""fit_seconds"": 38.54240189999109}, {""average_precision"": 0.6634600554869419, ""roc_auc"": 0.8105675937674385, ""brier_score"": 0.15891618563880056, ""log_loss"": 0.4823119946161889, ""fold"": 4, ""fit_seconds"": 39.96361939999042}]",,0.14303501422644746,,,,,,,,,,,3.7137692016412287,128.0,9.0,150.0,20.28865764763911,8.0,0.0055301007317274265,False
