run_id,model,feature_set_id,서비스_업종_코드,rows,positive_rate,average_precision,roc_auc,precision_at_0_5,recall_at_0_5,f1_at_0_5,predicted_positive_rate_at_0_5
lightgbm__trial10,lightgbm,common_baseline,CS100001,5554,0.1852718761253151,0.5579539238081664,0.8523773013546381,0.6531007751937985,0.3275024295432459,0.4362459546925566,0.09290601368383147
lightgbm__trial10,lightgbm,common_baseline,CS100002,1698,0.33510011778563015,0.7022447561171614,0.8299302149280589,0.7082294264339152,0.4991212653778559,0.5855670103092784,0.23616018845700826
lightgbm__trial10,lightgbm,common_baseline,CS100003,1282,0.45553822152886114,0.7953083798773253,0.8286101189308004,0.7403846153846154,0.6592465753424658,0.697463768115942,0.40561622464898595
lightgbm__trial10,lightgbm,common_baseline,CS100004,1283,0.39438815276695244,0.7269635884620923,0.8158240114761856,0.7125890736342043,0.5928853754940712,0.6472491909385113,0.32813717848791896
lightgbm__trial10,lightgbm,common_baseline,CS100005,1564,0.3177749360613811,0.6528752395547958,0.7935051734964613,0.6690909090909091,0.3702213279678068,0.47668393782383417,0.1758312020460358
lightgbm__trial10,lightgbm,common_baseline,CS100006,1526,0.41874180865006555,0.7705314127625108,0.838854749441154,0.7621832358674464,0.6118935837245696,0.6788194444444444,0.336173001310616
lightgbm__trial10,lightgbm,common_baseline,CS100007,2078,0.48267564966313764,0.7857640737460385,0.8090723179299312,0.7521685254027262,0.6051844466600199,0.6707182320441989,0.3883541867179981
lightgbm__trial10,lightgbm,common_baseline,CS100008,3033,0.3537751401252885,0.7143236919454732,0.8305556612206858,0.7649063032367973,0.418452935694315,0.5409638554216868,0.19353775140125287
lightgbm__trial10,lightgbm,common_baseline,CS100009,3508,0.3187001140250855,0.6923927546700555,0.8296674426089625,0.6700924974306269,0.5831842576028623,0.6236250597800096,0.27736602052451537
lightgbm__trial10,lightgbm,common_baseline,CS100010,4154,0.291044776119403,0.6548860656852659,0.8260999493049441,0.6881720430107527,0.42349048800661704,0.5243215565796211,0.1791044776119403
lightgbm__trial10,lightgbm,common_baseline,CS200006,1998,0.14614614614614616,0.4145108006898381,0.7775578538277474,0.6818181818181818,0.10273972602739725,0.17857142857142858,0.022022022022022022
lightgbm__trial10,lightgbm,common_baseline,CS200007,1506,0.20053120849933598,0.4672357666743679,0.7834151063782976,0.5714285714285714,0.2251655629139073,0.32304038004750596,0.07901726427622842
lightgbm__trial10,lightgbm,common_baseline,CS200016,1297,0.27602158828064766,0.6248405353603632,0.8144793284190361,0.6902173913043478,0.3547486033519553,0.46863468634686345,0.14186584425597532
lightgbm__trial10,lightgbm,common_baseline,CS200024,839,0.4123957091775924,0.7303450759402881,0.7925582431497614,0.7175572519083969,0.5433526011560693,0.618421052631579,0.31227651966626935
lightgbm__trial10,lightgbm,common_baseline,CS200028,4384,0.2664233576642336,0.6082289848056099,0.8071617511756287,0.6736672051696284,0.3570205479452055,0.4667039731393397,0.14119525547445255
lightgbm__trial10,lightgbm,common_baseline,CS200029,1017,0.400196656833825,0.6429674040233636,0.7201353365287791,0.6981132075471698,0.36363636363636365,0.4781906300484653,0.20845624385447395
lightgbm__trial10,lightgbm,common_baseline,CS200030,1156,0.2378892733564014,0.5272151483961509,0.7832875864203901,0.6241610738255033,0.3381818181818182,0.4386792452830189,0.12889273356401384
lightgbm__trial10,lightgbm,common_baseline,CS200031,1546,0.2238033635187581,0.42846809490983595,0.6907442196531792,0.5093167701863354,0.23699421965317918,0.3234714003944773,0.10413971539456662
lightgbm__trial10,lightgbm,common_baseline,CS200037,2043,0.29515418502202645,0.5399542980469145,0.7696563478901787,0.5674418604651162,0.4046434494195688,0.4724104549854792,0.21047479197258934
lightgbm__trial10,lightgbm,common_baseline,CS300001,3323,0.33012338248570566,0.7409673127379948,0.8583935113406571,0.7605820105820106,0.5241567912488605,0.62061521856449,0.22750526632560938
lightgbm__trial10,lightgbm,common_baseline,CS300002,2751,0.2813522355507088,0.6869472493617753,0.8316263646926737,0.7278350515463917,0.4560723514211886,0.5607625099285147,0.17629952744456562
lightgbm__trial10,lightgbm,common_baseline,CS300010,1240,0.24435483870967742,0.6072898857359811,0.8158155196522854,0.6526315789473685,0.40924092409240925,0.5030425963488844,0.1532258064516129
lightgbm__trial10,lightgbm,common_baseline,CS300011,3264,0.35324754901960786,0.5822797779761217,0.7276332661320971,0.6209439528023599,0.36513443191673894,0.4598580010922993,0.20772058823529413
lightgbm__trial10,lightgbm,common_baseline,CS300014,494,0.4109311740890688,0.5893720818802197,0.6988641172786213,0.6290322580645161,0.3842364532019704,0.47706422018348627,0.25101214574898784
lightgbm__trial10,lightgbm,common_baseline,CS300015,215,0.3953488372093023,0.656383059595475,0.754841628959276,0.6829268292682927,0.32941176470588235,0.4444444444444444,0.19069767441860466
lightgbm__trial10,lightgbm,common_baseline,CS300016,805,0.2248447204968944,0.48105657529722207,0.7349925626859328,0.5636363636363636,0.1712707182320442,0.2627118644067797,0.06832298136645963
lightgbm__trial10,lightgbm,common_baseline,CS300017,644,0.36490683229813664,0.6146026421428232,0.7625032513135307,0.631578947368421,0.4595744680851064,0.5320197044334976,0.265527950310559
lightgbm__trial10,lightgbm,common_baseline,CS300018,2260,0.12212389380530973,0.5657555959087607,0.8819048766947172,0.7459016393442623,0.32971014492753625,0.457286432160804,0.05398230088495575
lightgbm__trial10,lightgbm,common_baseline,CS300020,514,0.39883268482490275,0.620620940671166,0.7191254242639513,0.6491228070175439,0.36097560975609755,0.46394984326018807,0.22178988326848248
lightgbm__trial10,lightgbm,common_baseline,CS300022,1851,0.35386277687736356,0.6665968139933306,0.7845911307411473,0.6896551724137931,0.4580152671755725,0.5504587155963303,0.23500810372771475
lightgbm__trial10,lightgbm,common_baseline,CS300024,463,0.3174946004319654,0.5738154428519074,0.732907086885387,0.5619834710743802,0.46258503401360546,0.5074626865671642,0.2613390928725702
lightgbm__trial10,lightgbm,common_baseline,CS300027,337,0.36795252225519287,0.5714329429718759,0.6847645009844009,0.5866666666666667,0.3548387096774194,0.44221105527638194,0.22255192878338279
lightgbm__trial10,lightgbm,common_baseline,CS300028,1083,0.31117266851338876,0.4819029655049203,0.6910247332956778,0.5158730158730159,0.3857566765578635,0.44142614601018676,0.23268698060941828
lightgbm__trial10,lightgbm,common_baseline,CS300036,596,0.2902684563758389,0.4921169078533267,0.7348146326131815,0.5384615384615384,0.3236994219653179,0.4043321299638989,0.174496644295302
lightgbm__trial10,lightgbm,common_baseline,CS200002,250,0.24,0.6890223426187717,0.8635087719298246,0.7073170731707317,0.48333333333333334,0.5742574257425742,0.164
lightgbm__trial10,lightgbm,common_baseline,CS200003,1882,0.28746014877789583,0.6325231555837219,0.8137525310793803,0.6747720364741642,0.41035120147874304,0.5103448275862069,0.17481402763018067
lightgbm__trial10,lightgbm,common_baseline,CS200005,1755,0.29971509971509974,0.6198186772204493,0.7932923301580623,0.6567164179104478,0.41825095057034223,0.5110336817653891,0.1908831908831909
lightgbm__trial10,lightgbm,common_baseline,CS200008,1235,0.22753036437246962,0.5146270377740851,0.7894200854987803,0.5903614457831325,0.3487544483985765,0.43847874720357943,0.13441295546558704
lightgbm__trial10,lightgbm,common_baseline,CS200017,528,0.4412878787878788,0.7746358178848042,0.8247035716883685,0.7368421052631579,0.6609442060085837,0.6968325791855203,0.3958333333333333
lightgbm__trial10,lightgbm,common_baseline,CS200033,72,0.2638888888888889,0.5805916196835182,0.7229394240317775,0.5454545454545454,0.3157894736842105,0.4,0.1527777777777778
lightgbm__trial10,lightgbm,common_baseline,CS200034,699,0.45064377682403434,0.6995487725207203,0.7481729497354498,0.673469387755102,0.5238095238095238,0.5892857142857143,0.35050071530758226
lightgbm__trial10,lightgbm,common_baseline,CS300004,656,0.31859756097560976,0.5349257786079846,0.710831379852927,0.5727272727272728,0.3014354066985646,0.3949843260188088,0.1676829268292683
lightgbm__trial10,lightgbm,common_baseline,CS300006,198,0.23737373737373738,0.6058670217694917,0.8079470198675498,0.6666666666666666,0.3404255319148936,0.4507042253521127,0.12121212121212122
lightgbm__trial10,lightgbm,common_baseline,CS300007,1584,0.34785353535353536,0.6288595959676035,0.7787776514758874,0.6334106728538283,0.4954627949183303,0.5560081466395111,0.2720959595959596
lightgbm__trial10,lightgbm,common_baseline,CS300008,566,0.2597173144876325,0.5942552169024089,0.7891968243144512,0.6222222222222222,0.38095238095238093,0.47257383966244726,0.15901060070671377
lightgbm__trial10,lightgbm,common_baseline,CS300009,1042,0.22648752399232247,0.5701246174632001,0.8112619338015731,0.6991150442477876,0.3347457627118644,0.45272206303724927,0.10844529750479846
lightgbm__trial10,lightgbm,common_baseline,CS300019,553,0.2820976491862568,0.5092550848440547,0.7550539301169025,0.5445544554455446,0.3525641025641026,0.4280155642023346,0.18264014466546113
lightgbm__trial10,lightgbm,common_baseline,CS300021,962,0.46153846153846156,0.7701691843043919,0.7868969355455842,0.7766323024054983,0.509009009009009,0.6149659863945578,0.3024948024948025
lightgbm__trial10,lightgbm,common_baseline,CS300029,217,0.42857142857142855,0.7109952683738892,0.7888484217828651,0.686046511627907,0.6344086021505376,0.659217877094972,0.39631336405529954
lightgbm__trial10,lightgbm,common_baseline,CS300031,359,0.25069637883008355,0.503153108782539,0.7250309789343247,0.4626865671641791,0.34444444444444444,0.39490445859872614,0.18662952646239556
lightgbm__trial10,lightgbm,common_baseline,CS300032,172,0.3081395348837209,0.45078499100024877,0.6797209449817663,0.4594594594594595,0.32075471698113206,0.37777777777777777,0.21511627906976744
lightgbm__trial10,lightgbm,common_baseline,CS300033,616,0.288961038961039,0.4032641358253354,0.6637165871427839,0.4594594594594595,0.19101123595505617,0.2698412698412698,0.12012987012987013
lightgbm__trial10,lightgbm,common_baseline,CS300035,596,0.25838926174496646,0.4412372890486478,0.7235558559087972,0.5121951219512195,0.2727272727272727,0.3559322033898305,0.13758389261744966
lightgbm__trial10,lightgbm,common_baseline,CS300043,371,0.23450134770889489,0.3633370246520171,0.659219685931682,0.4634146341463415,0.21839080459770116,0.296875,0.1105121293800539
lightgbm__trial10,lightgbm,common_baseline,CS200001,2410,0.2829875518672199,0.6886165765873141,0.8608573979037689,0.7210401891252955,0.4472140762463343,0.5520361990950227,0.1755186721991701
lightgbm__trial10,lightgbm,common_baseline,CS200019,439,0.5170842824601367,0.8199557883013331,0.8361316598786468,0.8128654970760234,0.6123348017621145,0.6984924623115578,0.3895216400911162
lightgbm__trial10,lightgbm,common_baseline,CS200032,175,0.2571428571428571,0.4502844749487005,0.7085470085470086,0.4583333333333333,0.24444444444444444,0.3188405797101449,0.13714285714285715
lightgbm__trial10,lightgbm,common_baseline,CS300003,278,0.32014388489208634,0.520192336224961,0.6928838951310861,0.5079365079365079,0.3595505617977528,0.42105263157894735,0.22661870503597123
lightgbm__trial10,lightgbm,common_baseline,CS200025,1450,0.2103448275862069,0.4631177477657537,0.7513751879160999,0.59,0.19344262295081968,0.291358024691358,0.06896551724137931
lightgbm__trial10,lightgbm,common_baseline,CS300026,39,0.358974358974359,0.6173134629345809,0.76,0.6363636363636364,0.5,0.56,0.28205128205128205
lightgbm__trial10,lightgbm,common_baseline,CS300025,98,0.2755102040816326,0.4154130845729847,0.6395409494001043,0.3448275862068966,0.37037037037037035,0.35714285714285715,0.29591836734693877
lightgbm__trial10,lightgbm,common_baseline,CS200026,173,0.30057803468208094,0.5110857399649313,0.7143992371265099,0.5161290322580645,0.3076923076923077,0.3855421686746988,0.1791907514450867
xgboost__trial16,xgboost,tree_plus_transaction_count_raw_components,CS100001,5554,0.1852718761253151,0.5564392227670473,0.8520490311357375,0.6449704142011834,0.3177842565597668,0.42578125,0.0912855599567879
xgboost__trial16,xgboost,tree_plus_transaction_count_raw_components,CS100002,1698,0.33510011778563015,0.6968993373413711,0.8313810221341499,0.6992665036674817,0.5026362038664324,0.5848670756646217,0.2408716136631331
xgboost__trial16,xgboost,tree_plus_transaction_count_raw_components,CS100003,1282,0.45553822152886114,0.7941484842404882,0.8276263885072811,0.748062015503876,0.660958904109589,0.7018181818181818,0.40249609984399376
xgboost__trial16,xgboost,tree_plus_transaction_count_raw_components,CS100004,1283,0.39438815276695244,0.7319217774546541,0.8185379054944273,0.7142857142857143,0.5928853754940712,0.6479481641468683,0.3273577552611068
xgboost__trial16,xgboost,tree_plus_transaction_count_raw_components,CS100005,1564,0.3177749360613811,0.6491899874354693,0.792820654008399,0.6945454545454546,0.3843058350100604,0.4948186528497409,0.1758312020460358
xgboost__trial16,xgboost,tree_plus_transaction_count_raw_components,CS100006,1526,0.41874180865006555,0.7662695565317512,0.8370939655218043,0.7514677103718199,0.6009389671361502,0.6678260869565218,0.3348623853211009
xgboost__trial16,xgboost,tree_plus_transaction_count_raw_components,CS100007,2078,0.48267564966313764,0.7853775724834502,0.8109763732059636,0.7673521850899743,0.5952143569292123,0.6704098820887142,0.37439846005774785
xgboost__trial16,xgboost,tree_plus_transaction_count_raw_components,CS100008,3033,0.3537751401252885,0.7130475640011273,0.8294534682465716,0.759075907590759,0.42870456663560114,0.547945205479452,0.19980217606330367
xgboost__trial16,xgboost,tree_plus_transaction_count_raw_components,CS100009,3508,0.3187001140250855,0.6832148641218921,0.8255394794949139,0.6813880126182965,0.5796064400715564,0.626389560173997,0.2710946408209806
xgboost__trial16,xgboost,tree_plus_transaction_count_raw_components,CS100010,4154,0.291044776119403,0.6564448552948676,0.8274817757593377,0.6911764705882353,0.42762613730355664,0.5283597342871742,0.18006740491092924
xgboost__trial16,xgboost,tree_plus_transaction_count_raw_components,CS200006,1998,0.14614614614614616,0.3985999169092896,0.7729688930286338,0.64,0.1095890410958904,0.1871345029239766,0.025025025025025027
xgboost__trial16,xgboost,tree_plus_transaction_count_raw_components,CS200007,1506,0.20053120849933598,0.4627431124731479,0.7834123561637807,0.544,0.2251655629139073,0.3185011709601874,0.08300132802124834
xgboost__trial16,xgboost,tree_plus_transaction_count_raw_components,CS200016,1297,0.27602158828064766,0.6238968003793357,0.8148898447772205,0.6756756756756757,0.34916201117318435,0.4604051565377532,0.14263685427910563
xgboost__trial16,xgboost,tree_plus_transaction_count_raw_components,CS200024,839,0.4123957091775924,0.7116425258334571,0.791590943732486,0.71875,0.5317919075144508,0.6112956810631229,0.30512514898688914
xgboost__trial16,xgboost,tree_plus_transaction_count_raw_components,CS200028,4384,0.2664233576642336,0.6053697699972291,0.806664717934301,0.67779632721202,0.3476027397260274,0.4595359366157329,0.1366332116788321
xgboost__trial16,xgboost,tree_plus_transaction_count_raw_components,CS200029,1017,0.400196656833825,0.6319867915563957,0.7176219438514521,0.6561085972850679,0.35626535626535627,0.46178343949044587,0.21730580137659783
xgboost__trial16,xgboost,tree_plus_transaction_count_raw_components,CS200030,1156,0.2378892733564014,0.5427690233362015,0.7801960581983283,0.6296296296296297,0.3090909090909091,0.4146341463414634,0.11678200692041522
xgboost__trial16,xgboost,tree_plus_transaction_count_raw_components,CS200031,1546,0.2238033635187581,0.4120333295071039,0.6923265895953757,0.4713375796178344,0.2138728323699422,0.294234592445328,0.10155239327296249
xgboost__trial16,xgboost,tree_plus_transaction_count_raw_components,CS200037,2043,0.29515418502202645,0.5366884213971451,0.7695331214298875,0.58679706601467,0.39800995024875624,0.4743083003952569,0.20019579050416056
xgboost__trial16,xgboost,tree_plus_transaction_count_raw_components,CS300001,3323,0.33012338248570566,0.7447422707564665,0.8577767840250425,0.7652519893899205,0.5259799453053783,0.6234467855213398,0.2269034005416792
xgboost__trial16,xgboost,tree_plus_transaction_count_raw_components,CS300002,2751,0.2813522355507088,0.6884972034810549,0.8321393701991509,0.7263779527559056,0.47674418604651164,0.5756630265210608,0.1846601235914213
xgboost__trial16,xgboost,tree_plus_transaction_count_raw_components,CS300010,1240,0.24435483870967742,0.6021769434438563,0.8155936191271209,0.6626506024096386,0.36303630363036304,0.4690831556503198,0.1338709677419355
xgboost__trial16,xgboost,tree_plus_transaction_count_raw_components,CS300011,3264,0.35324754901960786,0.5834311686846902,0.7262367896571176,0.6317365269461078,0.36600173460537727,0.4634816035145524,0.20465686274509803
xgboost__trial16,xgboost,tree_plus_transaction_count_raw_components,CS300014,494,0.4109311740890688,0.5994842663241196,0.7051106258358303,0.635593220338983,0.3694581280788177,0.4672897196261682,0.2388663967611336
xgboost__trial16,xgboost,tree_plus_transaction_count_raw_components,CS300015,215,0.3953488372093023,0.607825178399293,0.7350226244343891,0.6046511627906976,0.3058823529411765,0.40625,0.2
xgboost__trial16,xgboost,tree_plus_transaction_count_raw_components,CS300016,805,0.2248447204968944,0.49267263051251065,0.7331243802238278,0.6065573770491803,0.20441988950276244,0.30578512396694213,0.07577639751552795
xgboost__trial16,xgboost,tree_plus_transaction_count_raw_components,CS300017,644,0.36490683229813664,0.6205391126380965,0.7631691203246111,0.6480446927374302,0.49361702127659574,0.5603864734299517,0.2779503105590062
xgboost__trial16,xgboost,tree_plus_transaction_count_raw_components,CS300018,2260,0.12212389380530973,0.5691629483393765,0.8793646271622253,0.7372881355932204,0.31521739130434784,0.4416243654822335,0.05221238938053097
xgboost__trial16,xgboost,tree_plus_transaction_count_raw_components,CS300020,514,0.39883268482490275,0.616586169870131,0.7163943484095034,0.6696428571428571,0.36585365853658536,0.47318611987381703,0.2178988326848249
xgboost__trial16,xgboost,tree_plus_transaction_count_raw_components,CS300022,1851,0.35386277687736356,0.6662754682077685,0.787081620669407,0.6981132075471698,0.45190839694656487,0.5486561631139945,0.2290653700702323
xgboost__trial16,xgboost,tree_plus_transaction_count_raw_components,CS300024,463,0.3174946004319654,0.565911834108526,0.7320244553517609,0.5641025641025641,0.4489795918367347,0.5,0.2526997840172786
xgboost__trial16,xgboost,tree_plus_transaction_count_raw_components,CS300027,337,0.36795252225519287,0.5555091769506673,0.6760941996062396,0.5584415584415584,0.3467741935483871,0.42786069651741293,0.228486646884273
xgboost__trial16,xgboost,tree_plus_transaction_count_raw_components,CS300028,1083,0.31117266851338876,0.4770212292889633,0.6896007191669118,0.4899598393574297,0.3620178041543027,0.41638225255972694,0.2299168975069252
xgboost__trial16,xgboost,tree_plus_transaction_count_raw_components,CS300036,596,0.2902684563758389,0.49866476735037096,0.7411279192117958,0.5568181818181818,0.2832369942196532,0.37547892720306514,0.1476510067114094
xgboost__trial16,xgboost,tree_plus_transaction_count_raw_components,CS200002,250,0.24,0.683310727195954,0.8614912280701754,0.6744186046511628,0.48333333333333334,0.5631067961165048,0.172
xgboost__trial16,xgboost,tree_plus_transaction_count_raw_components,CS200003,1882,0.28746014877789583,0.628345648166353,0.809496044693107,0.6677524429967426,0.3789279112754159,0.4834905660377358,0.16312433581296493
xgboost__trial16,xgboost,tree_plus_transaction_count_raw_components,CS200005,1755,0.29971509971509974,0.6178449732546699,0.7917268668768389,0.6796116504854369,0.39923954372623577,0.5029940119760479,0.17606837606837608
xgboost__trial16,xgboost,tree_plus_transaction_count_raw_components,CS200008,1235,0.22753036437246962,0.5196236624781047,0.7911211083506793,0.577639751552795,0.3309608540925267,0.42081447963800905,0.13036437246963561
xgboost__trial16,xgboost,tree_plus_transaction_count_raw_components,CS200017,528,0.4412878787878788,0.7688529413321642,0.8204553720811812,0.7342995169082126,0.6523605150214592,0.6909090909090909,0.39204545454545453
xgboost__trial16,xgboost,tree_plus_transaction_count_raw_components,CS200033,72,0.2638888888888889,0.5996768939895865,0.730883813306852,0.8571428571428571,0.3157894736842105,0.46153846153846156,0.09722222222222222
xgboost__trial16,xgboost,tree_plus_transaction_count_raw_components,CS200034,699,0.45064377682403434,0.6964855743840374,0.7470486111111112,0.6680327868852459,0.5174603174603175,0.5831842576028623,0.3490701001430615
xgboost__trial16,xgboost,tree_plus_transaction_count_raw_components,CS300004,656,0.31859756097560976,0.5316954685962665,0.706303586911146,0.5913978494623656,0.2631578947368421,0.36423841059602646,0.14176829268292682
xgboost__trial16,xgboost,tree_plus_transaction_count_raw_components,CS300006,198,0.23737373737373738,0.611060722616722,0.8104833028040017,0.6,0.3191489361702128,0.4166666666666667,0.12626262626262627
xgboost__trial16,xgboost,tree_plus_transaction_count_raw_components,CS300007,1584,0.34785353535353536,0.6242507867841756,0.7711509303686159,0.6354679802955665,0.46823956442831216,0.5391849529780565,0.2563131313131313
xgboost__trial16,xgboost,tree_plus_transaction_count_raw_components,CS300008,566,0.2597173144876325,0.5955178612222725,0.7840176643449741,0.631578947368421,0.32653061224489793,0.4304932735426009,0.13427561837455831
xgboost__trial16,xgboost,tree_plus_transaction_count_raw_components,CS300009,1042,0.22648752399232247,0.5680017992532425,0.8083021407242292,0.6814159292035398,0.326271186440678,0.44126074498567336,0.10844529750479846
xgboost__trial16,xgboost,tree_plus_transaction_count_raw_components,CS300019,553,0.2820976491862568,0.5136264980917843,0.7529548537105212,0.5094339622641509,0.34615384615384615,0.4122137404580153,0.19168173598553345
xgboost__trial16,xgboost,tree_plus_transaction_count_raw_components,CS300021,962,0.46153846153846156,0.7718831852142869,0.7886926501791367,0.7883211678832117,0.4864864864864865,0.6016713091922006,0.28482328482328484
xgboost__trial16,xgboost,tree_plus_transaction_count_raw_components,CS300029,217,0.42857142857142855,0.7068563061705114,0.7876344086021506,0.6896551724137931,0.6451612903225806,0.6666666666666666,0.4009216589861751
xgboost__trial16,xgboost,tree_plus_transaction_count_raw_components,CS300031,359,0.25069637883008355,0.5026628099331603,0.7281701776125568,0.5079365079365079,0.35555555555555557,0.41830065359477125,0.17548746518105848
xgboost__trial16,xgboost,tree_plus_transaction_count_raw_components,CS300032,172,0.3081395348837209,0.4609906204446267,0.692722371967655,0.48717948717948717,0.3584905660377358,0.41304347826086957,0.22674418604651161
xgboost__trial16,xgboost,tree_plus_transaction_count_raw_components,CS300033,616,0.288961038961039,0.40840290723459693,0.6639346364988971,0.4666666666666667,0.19662921348314608,0.2766798418972332,0.12175324675324675
xgboost__trial16,xgboost,tree_plus_transaction_count_raw_components,CS300035,596,0.25838926174496646,0.44896840232325763,0.7189281306928366,0.5333333333333333,0.2597402597402597,0.34934497816593885,0.12583892617449666
xgboost__trial16,xgboost,tree_plus_transaction_count_raw_components,CS300043,371,0.23450134770889489,0.3687320990661867,0.6589363768819816,0.43902439024390244,0.20689655172413793,0.28125,0.1105121293800539
xgboost__trial16,xgboost,tree_plus_transaction_count_raw_components,CS200001,2410,0.2829875518672199,0.6857073427454203,0.860566348973607,0.7211538461538461,0.4398826979472141,0.546448087431694,0.17261410788381742
xgboost__trial16,xgboost,tree_plus_transaction_count_raw_components,CS200019,439,0.5170842824601367,0.8219416122738932,0.8387706757543013,0.8,0.6343612334801763,0.7076167076167076,0.41002277904328016
xgboost__trial16,xgboost,tree_plus_transaction_count_raw_components,CS200032,175,0.2571428571428571,0.4167670173154053,0.6801709401709402,0.43333333333333335,0.28888888888888886,0.3466666666666667,0.17142857142857143
xgboost__trial16,xgboost,tree_plus_transaction_count_raw_components,CS300003,278,0.32014388489208634,0.5320782611686004,0.7036442542060519,0.5357142857142857,0.33707865168539325,0.41379310344827586,0.2014388489208633
xgboost__trial16,xgboost,tree_plus_transaction_count_raw_components,CS200025,1450,0.2103448275862069,0.4565724258891181,0.7530331448206743,0.57,0.18688524590163935,0.2814814814814815,0.06896551724137931
xgboost__trial16,xgboost,tree_plus_transaction_count_raw_components,CS300026,39,0.358974358974359,0.6415160514784575,0.7742857142857142,0.6363636363636364,0.5,0.56,0.28205128205128205
xgboost__trial16,xgboost,tree_plus_transaction_count_raw_components,CS300025,98,0.2755102040816326,0.35948338629623805,0.6280646844027126,0.375,0.3333333333333333,0.35294117647058826,0.24489795918367346
xgboost__trial16,xgboost,tree_plus_transaction_count_raw_components,CS200026,173,0.30057803468208094,0.47291992480072237,0.704227590591227,0.4411764705882353,0.28846153846153844,0.3488372093023256,0.19653179190751446
catboost__trial18,catboost,tree_plus_worker_population_raw_components,CS100001,5554,0.1852718761253151,0.5550402601306902,0.8473997712739397,0.6273062730627307,0.3304178814382896,0.4328453214513049,0.09758732445084624
catboost__trial18,catboost,tree_plus_worker_population_raw_components,CS100002,1698,0.33510011778563015,0.6940478557256469,0.8267546283396197,0.706601466992665,0.507908611599297,0.591002044989775,0.2408716136631331
catboost__trial18,catboost,tree_plus_worker_population_raw_components,CS100003,1282,0.45553822152886114,0.8015990421628374,0.8310363268830708,0.7432950191570882,0.6643835616438356,0.701627486437613,0.40717628705148207
catboost__trial18,catboost,tree_plus_worker_population_raw_components,CS100004,1283,0.39438815276695244,0.7336655275271786,0.8147939017504235,0.7152466367713004,0.6304347826086957,0.6701680672268907,0.34762275915822294
catboost__trial18,catboost,tree_plus_worker_population_raw_components,CS100005,1564,0.3177749360613811,0.6436099760718265,0.7906049228831281,0.678030303030303,0.36016096579476864,0.4704336399474376,0.16879795396419436
catboost__trial18,catboost,tree_plus_worker_population_raw_components,CS100006,1526,0.41874180865006555,0.7697159233555788,0.8320303885192655,0.7462121212121212,0.6165884194053208,0.675235646958012,0.34600262123197906
catboost__trial18,catboost,tree_plus_worker_population_raw_components,CS100007,2078,0.48267564966313764,0.7852042839786052,0.8080818011083031,0.7483069977426636,0.6610169491525424,0.7019587083112758,0.42637151106833493
catboost__trial18,catboost,tree_plus_worker_population_raw_components,CS100008,3033,0.3537751401252885,0.7086359109894698,0.8285923502672271,0.752542372881356,0.41379310344827586,0.533974744437763,0.1945268710847346
catboost__trial18,catboost,tree_plus_worker_population_raw_components,CS100009,3508,0.3187001140250855,0.6874406670260728,0.8304097648969694,0.658102766798419,0.5957066189624329,0.6253521126760564,0.28848346636259975
catboost__trial18,catboost,tree_plus_worker_population_raw_components,CS100010,4154,0.291044776119403,0.6528156071199592,0.8215123978199722,0.7081005586592178,0.41935483870967744,0.5267532467532468,0.17236398651901783
catboost__trial18,catboost,tree_plus_worker_population_raw_components,CS200006,1998,0.14614614614614616,0.4112612599600585,0.775084713099616,0.6031746031746031,0.13013698630136986,0.2140845070422535,0.03153153153153153
catboost__trial18,catboost,tree_plus_worker_population_raw_components,CS200007,1506,0.20053120849933598,0.4467838273486124,0.7730220457195661,0.5163934426229508,0.20860927152317882,0.2971698113207547,0.08100929614873838
catboost__trial18,catboost,tree_plus_worker_population_raw_components,CS200016,1297,0.27602158828064766,0.6231897977146531,0.8082888607278633,0.6683673469387755,0.3659217877094972,0.4729241877256318,0.15111796453353893
catboost__trial18,catboost,tree_plus_worker_population_raw_components,CS200024,839,0.4123957091775924,0.7306206342500813,0.7924527195769678,0.7120622568093385,0.5289017341040463,0.6069651741293532,0.3063170441001192
catboost__trial18,catboost,tree_plus_worker_population_raw_components,CS200028,4384,0.2664233576642336,0.5960331234219618,0.8004458124616642,0.6735042735042736,0.3373287671232877,0.4495151169423845,0.1334397810218978
catboost__trial18,catboost,tree_plus_worker_population_raw_components,CS200029,1017,0.400196656833825,0.6260914075510373,0.7216900954605873,0.6548672566371682,0.36363636363636365,0.4676145339652449,0.2222222222222222
catboost__trial18,catboost,tree_plus_worker_population_raw_components,CS200030,1156,0.2378892733564014,0.5111701681098723,0.7732782994531009,0.5606936416184971,0.3527272727272727,0.4330357142857143,0.14965397923875431
catboost__trial18,catboost,tree_plus_worker_population_raw_components,CS200031,1546,0.2238033635187581,0.3952062164609538,0.6784850674373796,0.47674418604651164,0.23699421965317918,0.3166023166023166,0.111254851228978
catboost__trial18,catboost,tree_plus_worker_population_raw_components,CS200037,2043,0.29515418502202645,0.5551770077191363,0.7701469504330202,0.5781584582441114,0.44776119402985076,0.5046728971962616,0.22858541360744003
catboost__trial18,catboost,tree_plus_worker_population_raw_components,CS300001,3323,0.33012338248570566,0.7379026007527522,0.8555768775579236,0.7532981530343008,0.5205104831358249,0.615633423180593,0.22810713210953956
catboost__trial18,catboost,tree_plus_worker_population_raw_components,CS300002,2751,0.2813522355507088,0.6709904795948182,0.8199951901649329,0.7170212765957447,0.4354005167958656,0.5418006430868167,0.1708469647400945
catboost__trial18,catboost,tree_plus_worker_population_raw_components,CS300010,1240,0.24435483870967742,0.606290152553616,0.8120572996467204,0.6787878787878788,0.3696369636963696,0.47863247863247865,0.13306451612903225
catboost__trial18,catboost,tree_plus_worker_population_raw_components,CS300011,3264,0.35324754901960786,0.5723198078197513,0.7211829334880318,0.6039603960396039,0.42324371205550737,0.49770525242223357,0.24754901960784315
catboost__trial18,catboost,tree_plus_worker_population_raw_components,CS300014,494,0.4109311740890688,0.5877041137067107,0.7004722969884719,0.6106870229007634,0.39408866995073893,0.47904191616766467,0.2651821862348178
catboost__trial18,catboost,tree_plus_worker_population_raw_components,CS300015,215,0.3953488372093023,0.6300628536168972,0.73710407239819,0.5740740740740741,0.36470588235294116,0.4460431654676259,0.25116279069767444
catboost__trial18,catboost,tree_plus_worker_population_raw_components,CS300016,805,0.2248447204968944,0.4938188665645257,0.7312119280351324,0.5888888888888889,0.292817679558011,0.39114391143911437,0.11180124223602485
catboost__trial18,catboost,tree_plus_worker_population_raw_components,CS300017,644,0.36490683229813664,0.6006564709086777,0.7523071320813609,0.6137566137566137,0.49361702127659574,0.5471698113207547,0.29347826086956524
catboost__trial18,catboost,tree_plus_worker_population_raw_components,CS300018,2260,0.12212389380530973,0.5674069382283378,0.87921853085554,0.7115384615384616,0.26811594202898553,0.3894736842105263,0.04601769911504425
catboost__trial18,catboost,tree_plus_worker_population_raw_components,CS300020,514,0.39883268482490275,0.6173260479683318,0.7180835109321967,0.6136363636363636,0.3951219512195122,0.4807121661721068,0.25680933852140075
catboost__trial18,catboost,tree_plus_worker_population_raw_components,CS300022,1851,0.35386277687736356,0.6568897753774535,0.781311751640328,0.6673511293634496,0.4961832061068702,0.5691768826619965,0.2631010264721772
catboost__trial18,catboost,tree_plus_worker_population_raw_components,CS300024,463,0.3174946004319654,0.5697967602189666,0.7281064324463963,0.5511811023622047,0.47619047619047616,0.5109489051094891,0.27429805615550756
catboost__trial18,catboost,tree_plus_worker_population_raw_components,CS300027,337,0.36795252225519287,0.5675606662255274,0.6878312888081175,0.6097560975609756,0.4032258064516129,0.4854368932038835,0.2433234421364985
catboost__trial18,catboost,tree_plus_worker_population_raw_components,CS300028,1083,0.31117266851338876,0.4659263803156632,0.6783876023261549,0.47038327526132406,0.40059347181008903,0.4326923076923077,0.26500461680517085
catboost__trial18,catboost,tree_plus_worker_population_raw_components,CS300036,596,0.2902684563758389,0.47262835434235934,0.7235272414217193,0.5172413793103449,0.3468208092485549,0.41522491349480967,0.19463087248322147
catboost__trial18,catboost,tree_plus_worker_population_raw_components,CS200002,250,0.24,0.6502479954015743,0.8507894736842105,0.6744186046511628,0.48333333333333334,0.5631067961165048,0.172
catboost__trial18,catboost,tree_plus_worker_population_raw_components,CS200003,1882,0.28746014877789583,0.62299997475328,0.8081907038227053,0.6497005988023952,0.4011090573012939,0.496,0.17747077577045697
catboost__trial18,catboost,tree_plus_worker_population_raw_components,CS200005,1755,0.29971509971509974,0.6067594797994725,0.7876910035362144,0.6371681415929203,0.41064638783269963,0.49942196531791905,0.19316239316239317
catboost__trial18,catboost,tree_plus_worker_population_raw_components,CS200008,1235,0.22753036437246962,0.49321997430914555,0.7778150809104949,0.5933333333333334,0.3167259786476868,0.41299303944315546,0.1214574898785425
catboost__trial18,catboost,tree_plus_worker_population_raw_components,CS200017,528,0.4412878787878788,0.7586555402769087,0.8177202298683348,0.7330097087378641,0.648068669527897,0.6879271070615034,0.39015151515151514
catboost__trial18,catboost,tree_plus_worker_population_raw_components,CS200033,72,0.2638888888888889,0.6221552049983005,0.7706057596822244,0.6666666666666666,0.3157894736842105,0.42857142857142855,0.125
catboost__trial18,catboost,tree_plus_worker_population_raw_components,CS200034,699,0.45064377682403434,0.6883293652280407,0.7412202380952381,0.648854961832061,0.5396825396825397,0.5892547660311959,0.3748211731044349
catboost__trial18,catboost,tree_plus_worker_population_raw_components,CS300004,656,0.31859756097560976,0.508278172637682,0.6988857133682284,0.5434782608695652,0.3588516746411483,0.4322766570605187,0.21036585365853658
catboost__trial18,catboost,tree_plus_worker_population_raw_components,CS300006,198,0.23737373737373738,0.5601866148615343,0.7796251937438353,0.5666666666666667,0.3617021276595745,0.44155844155844154,0.15151515151515152
catboost__trial18,catboost,tree_plus_worker_population_raw_components,CS300007,1584,0.34785353535353536,0.6012298620291643,0.7639897888728231,0.6153846153846154,0.4646098003629764,0.5294725956566702,0.26262626262626265
catboost__trial18,catboost,tree_plus_worker_population_raw_components,CS300008,566,0.2597173144876325,0.6100585457226558,0.7844397902359035,0.7101449275362319,0.3333333333333333,0.4537037037037037,0.12190812720848057
catboost__trial18,catboost,tree_plus_worker_population_raw_components,CS300009,1042,0.22648752399232247,0.5605353703625655,0.7974040038692854,0.7075471698113207,0.3177966101694915,0.43859649122807015,0.1017274472168906
catboost__trial18,catboost,tree_plus_worker_population_raw_components,CS300019,553,0.2820976491862568,0.5399954219930121,0.7630950074275012,0.5462962962962963,0.3782051282051282,0.44696969696969696,0.19529837251356238
catboost__trial18,catboost,tree_plus_worker_population_raw_components,CS300021,962,0.46153846153846156,0.7625301567804512,0.7784053358377683,0.765079365079365,0.5427927927927928,0.6350461133069829,0.32744282744282743
catboost__trial18,catboost,tree_plus_worker_population_raw_components,CS300029,217,0.42857142857142855,0.6508888850359442,0.7741068331599028,0.6951219512195121,0.6129032258064516,0.6514285714285715,0.3778801843317972
catboost__trial18,catboost,tree_plus_worker_population_raw_components,CS300031,359,0.25069637883008355,0.5029291940069675,0.7125980999586947,0.4457831325301205,0.4111111111111111,0.4277456647398844,0.23119777158774374
catboost__trial18,catboost,tree_plus_worker_population_raw_components,CS300032,172,0.3081395348837209,0.4342965032361939,0.671000475661963,0.4883720930232558,0.39622641509433965,0.4375,0.25
catboost__trial18,catboost,tree_plus_worker_population_raw_components,CS300033,616,0.288961038961039,0.4144288772215121,0.6655764198861012,0.4673913043478261,0.24157303370786518,0.31851851851851853,0.14935064935064934
catboost__trial18,catboost,tree_plus_worker_population_raw_components,CS300035,596,0.25838926174496646,0.4524191507966367,0.7146236116824352,0.4583333333333333,0.2857142857142857,0.352,0.1610738255033557
catboost__trial18,catboost,tree_plus_worker_population_raw_components,CS300043,371,0.23450134770889489,0.3456542804292181,0.6537153958232151,0.43478260869565216,0.22988505747126436,0.3007518796992481,0.12398921832884097
catboost__trial18,catboost,tree_plus_worker_population_raw_components,CS200001,2410,0.2829875518672199,0.6718655450937565,0.8528149437927663,0.7125603864734299,0.43255131964809385,0.5383211678832117,0.17178423236514523
catboost__trial18,catboost,tree_plus_worker_population_raw_components,CS200019,439,0.5170842824601367,0.8235586362394474,0.84379935167484,0.7956989247311828,0.6519823788546255,0.7167070217917676,0.42369020501138954
catboost__trial18,catboost,tree_plus_worker_population_raw_components,CS200032,175,0.2571428571428571,0.46345915898701895,0.7174358974358974,0.5384615384615384,0.3111111111111111,0.39436619718309857,0.14857142857142858
catboost__trial18,catboost,tree_plus_worker_population_raw_components,CS300003,278,0.32014388489208634,0.4833900139552172,0.6723143689435824,0.4745762711864407,0.3146067415730337,0.3783783783783784,0.21223021582733814
catboost__trial18,catboost,tree_plus_worker_population_raw_components,CS200025,1450,0.2103448275862069,0.44861794908792835,0.7461951463955903,0.5378151260504201,0.2098360655737705,0.3018867924528302,0.08206896551724138
catboost__trial18,catboost,tree_plus_worker_population_raw_components,CS300026,39,0.358974358974359,0.562573961208415,0.7200000000000001,0.6,0.6428571428571429,0.6206896551724138,0.38461538461538464
catboost__trial18,catboost,tree_plus_worker_population_raw_components,CS300025,98,0.2755102040816326,0.3816153218486862,0.6306729264475743,0.40625,0.48148148148148145,0.4406779661016949,0.32653061224489793
catboost__trial18,catboost,tree_plus_worker_population_raw_components,CS200026,173,0.30057803468208094,0.5511315101211456,0.7237762237762237,0.5862068965517241,0.3269230769230769,0.41975308641975306,0.1676300578034682
soft_voting_equal,soft_voting,three_selected_trial_probabilities,CS100001,5554,0.1852718761253151,0.5621799369167021,0.8526645512190669,0.649706457925636,0.3226433430515063,0.43116883116883115,0.0920057616132517
soft_voting_equal,soft_voting,three_selected_trial_probabilities,CS100002,1698,0.33510011778563015,0.7001941019416494,0.8315335748232024,0.7036144578313253,0.5131810193321616,0.5934959349593496,0.24440518256772673
soft_voting_equal,soft_voting,three_selected_trial_probabilities,CS100003,1282,0.45553822152886114,0.8020110435500685,0.8317477528751424,0.746615087040619,0.660958904109589,0.701180744777475,0.4032761310452418
soft_voting_equal,soft_voting,three_selected_trial_probabilities,CS100004,1283,0.39438815276695244,0.7343436543343865,0.8186905143426881,0.7046511627906977,0.5988142292490118,0.6474358974358975,0.33515198752922837
soft_voting_equal,soft_voting,three_selected_trial_probabilities,CS100005,1564,0.3177749360613811,0.6530187283593065,0.7950872998063356,0.6851851851851852,0.3722334004024145,0.48239895697522817,0.17263427109974425
soft_voting_equal,soft_voting,three_selected_trial_probabilities,CS100006,1526,0.41874180865006555,0.7723390953131792,0.8380043507947347,0.7538461538461538,0.6134585289514867,0.6764452113891286,0.34076015727391873
soft_voting_equal,soft_voting,three_selected_trial_probabilities,CS100007,2078,0.48267564966313764,0.7880176612256957,0.81118690440307,0.7563636363636363,0.6221335992023929,0.6827133479212254,0.39701636188642925
soft_voting_equal,soft_voting,three_selected_trial_probabilities,CS100008,3033,0.3537751401252885,0.7144163406565996,0.8312009053388364,0.766497461928934,0.42218080149114634,0.5444711538461539,0.19485657764589515
soft_voting_equal,soft_voting,three_selected_trial_probabilities,CS100009,3508,0.3187001140250855,0.6924444204090666,0.8306008188561462,0.6755102040816326,0.592128801431127,0.6310772163965681,0.27936145952109465
soft_voting_equal,soft_voting,three_selected_trial_probabilities,CS100010,4154,0.291044776119403,0.65877145345413,0.8271981081335373,0.7008196721311475,0.42431761786600497,0.5285935085007728,0.17621569571497353
soft_voting_equal,soft_voting,three_selected_trial_probabilities,CS200006,1998,0.14614614614614616,0.4141902624834004,0.7777445438340105,0.62,0.10616438356164383,0.18128654970760233,0.025025025025025027
soft_voting_equal,soft_voting,three_selected_trial_probabilities,CS200007,1506,0.20053120849933598,0.46195639235586944,0.7818254823876263,0.559322033898305,0.2185430463576159,0.3142857142857143,0.07835325365205843
soft_voting_equal,soft_voting,three_selected_trial_probabilities,CS200016,1297,0.27602158828064766,0.6286563546096803,0.8152170679612806,0.7071823204419889,0.3575418994413408,0.4749536178107607,0.1395528141865844
soft_voting_equal,soft_voting,three_selected_trial_probabilities,CS200024,839,0.4123957091775924,0.7310296457352694,0.7939417744375007,0.7142857142857143,0.5346820809248555,0.6115702479338843,0.30870083432657924
soft_voting_equal,soft_voting,three_selected_trial_probabilities,CS200028,4384,0.2664233576642336,0.6068150597028864,0.8068086099894364,0.6812816188870152,0.3458904109589041,0.45883021010789327,0.135264598540146
soft_voting_equal,soft_voting,three_selected_trial_probabilities,CS200029,1017,0.400196656833825,0.6389396840377627,0.7225681717484996,0.6711711711711712,0.36609336609336607,0.4737678855325914,0.2182890855457227
soft_voting_equal,soft_voting,three_selected_trial_probabilities,CS200030,1156,0.2378892733564014,0.5324627115475978,0.7826024146114952,0.6258503401360545,0.33454545454545453,0.43601895734597157,0.12716262975778547
soft_voting_equal,soft_voting,three_selected_trial_probabilities,CS200031,1546,0.2238033635187581,0.4186800309603302,0.689470134874759,0.50920245398773,0.2398843930635838,0.32612966601178783,0.1054333764553687
soft_voting_equal,soft_voting,three_selected_trial_probabilities,CS200037,2043,0.29515418502202645,0.5493936876547271,0.7729823106688778,0.5870069605568445,0.41956882255389716,0.48936170212765956,0.2109642682329907
soft_voting_equal,soft_voting,three_selected_trial_probabilities,CS300001,3323,0.33012338248570566,0.7451466470780457,0.8592538991826929,0.7671601615074024,0.5195989061075661,0.6195652173913043,0.2235931387300632
soft_voting_equal,soft_voting,three_selected_trial_probabilities,CS300002,2751,0.2813522355507088,0.6855083391610137,0.8297295513391079,0.7283950617283951,0.4573643410852713,0.5619047619047619,0.1766630316248637
soft_voting_equal,soft_voting,three_selected_trial_probabilities,CS300010,1240,0.24435483870967742,0.6143481317185954,0.8171469228032728,0.6740331491712708,0.40264026402640263,0.5041322314049587,0.14596774193548387
soft_voting_equal,soft_voting,three_selected_trial_probabilities,CS300011,3264,0.35324754901960786,0.5842441043790398,0.7281928427602,0.6154910096818811,0.38594969644405897,0.4744136460554371,0.22150735294117646
soft_voting_equal,soft_voting,three_selected_trial_probabilities,CS300014,494,0.4109311740890688,0.5939669043589804,0.7040780051800315,0.6209677419354839,0.3793103448275862,0.4709480122324159,0.25101214574898784
soft_voting_equal,soft_voting,three_selected_trial_probabilities,CS300015,215,0.3953488372093023,0.6330267154560842,0.7443438914027148,0.6046511627906976,0.3058823529411765,0.40625,0.2
soft_voting_equal,soft_voting,three_selected_trial_probabilities,CS300016,805,0.2248447204968944,0.4944211288254723,0.735851395381782,0.5967741935483871,0.20441988950276244,0.3045267489711934,0.07701863354037267
soft_voting_equal,soft_voting,three_selected_trial_probabilities,CS300017,644,0.36490683229813664,0.6183615241486888,0.7635228632367476,0.6534090909090909,0.48936170212765956,0.559610705596107,0.2732919254658385
soft_voting_equal,soft_voting,three_selected_trial_probabilities,CS300018,2260,0.12212389380530973,0.569082987012266,0.882567788686302,0.7321428571428571,0.2971014492753623,0.422680412371134,0.049557522123893805
soft_voting_equal,soft_voting,three_selected_trial_probabilities,CS300020,514,0.39883268482490275,0.6239276507793968,0.7207672270897465,0.6724137931034483,0.3804878048780488,0.48598130841121495,0.22568093385214008
soft_voting_equal,soft_voting,three_selected_trial_probabilities,CS300022,1851,0.35386277687736356,0.6672065767565123,0.7871645944496923,0.6961451247165533,0.4687022900763359,0.5602189781021898,0.23824959481361427
soft_voting_equal,soft_voting,three_selected_trial_probabilities,CS300024,463,0.3174946004319654,0.5836127004437867,0.733251528459485,0.5630252100840336,0.4557823129251701,0.5037593984962406,0.2570194384449244
soft_voting_equal,soft_voting,three_selected_trial_probabilities,CS300027,337,0.36795252225519287,0.5685908772776993,0.686278964107224,0.6266666666666667,0.3790322580645161,0.4723618090452261,0.22255192878338279
soft_voting_equal,soft_voting,three_selected_trial_probabilities,CS300028,1083,0.31117266851338876,0.47576250491407,0.688347745841322,0.5019157088122606,0.3887240356083086,0.43812709030100333,0.2409972299168975
soft_voting_equal,soft_voting,three_selected_trial_probabilities,CS300036,596,0.2902684563758389,0.49041365904865425,0.7367687451318001,0.5154639175257731,0.28901734104046245,0.37037037037037035,0.16275167785234898
soft_voting_equal,soft_voting,three_selected_trial_probabilities,CS200002,250,0.24,0.6875695201300954,0.8600877192982456,0.6904761904761905,0.48333333333333334,0.5686274509803921,0.168
soft_voting_equal,soft_voting,three_selected_trial_probabilities,CS200003,1882,0.28746014877789583,0.6332285843229544,0.8129130880064399,0.6656346749226006,0.3974121996303142,0.4976851851851852,0.1716259298618491
soft_voting_equal,soft_voting,three_selected_trial_probabilities,CS200005,1755,0.29971509971509974,0.6199170942955585,0.7927957751054213,0.6554878048780488,0.40874524714828897,0.5035128805620609,0.1868945868945869
soft_voting_equal,soft_voting,three_selected_trial_probabilities,CS200008,1235,0.22753036437246962,0.5138590818812822,0.788282339950909,0.5987261146496815,0.33451957295373663,0.4292237442922374,0.12712550607287448
soft_voting_equal,soft_voting,three_selected_trial_probabilities,CS200017,528,0.4412878787878788,0.7696669981685397,0.8224776314832328,0.7355769230769231,0.6566523605150214,0.6938775510204082,0.3939393939393939
soft_voting_equal,soft_voting,three_selected_trial_probabilities,CS200033,72,0.2638888888888889,0.603221456878932,0.7418073485600795,0.75,0.3157894736842105,0.4444444444444444,0.1111111111111111
soft_voting_equal,soft_voting,three_selected_trial_probabilities,CS200034,699,0.45064377682403434,0.6992104874961104,0.7483796296296297,0.6706827309236948,0.5301587301587302,0.5921985815602837,0.3562231759656652
soft_voting_equal,soft_voting,three_selected_trial_probabilities,CS300004,656,0.31859756097560976,0.530839162160028,0.7094719715701701,0.5794392523364486,0.2966507177033493,0.3924050632911392,0.16310975609756098
soft_voting_equal,soft_voting,three_selected_trial_probabilities,CS300006,198,0.23737373737373738,0.5911992537504958,0.8013245033112584,0.6666666666666666,0.3404255319148936,0.4507042253521127,0.12121212121212122
soft_voting_equal,soft_voting,three_selected_trial_probabilities,CS300007,1584,0.34785353535353536,0.6238654405723151,0.7738723749655207,0.6326034063260341,0.47186932849364793,0.5405405405405406,0.25946969696969696
soft_voting_equal,soft_voting,three_selected_trial_probabilities,CS300008,566,0.2597173144876325,0.604345351229161,0.7889532901466075,0.6578947368421053,0.3401360544217687,0.4484304932735426,0.13427561837455831
soft_voting_equal,soft_voting,three_selected_trial_probabilities,CS300009,1042,0.22648752399232247,0.5661995280059211,0.8084808848887579,0.6754385964912281,0.326271186440678,0.44,0.10940499040307101
soft_voting_equal,soft_voting,three_selected_trial_probabilities,CS300019,553,0.2820976491862568,0.5288531099370105,0.7619647355163729,0.5408163265306123,0.33974358974358976,0.41732283464566927,0.17721518987341772
soft_voting_equal,soft_voting,three_selected_trial_probabilities,CS300021,962,0.46153846153846156,0.7744125509375919,0.7883969877213121,0.7755102040816326,0.5135135135135135,0.6178861788617886,0.30561330561330563
soft_voting_equal,soft_voting,three_selected_trial_probabilities,CS300029,217,0.42857142857142855,0.6901680626904412,0.785553243149497,0.725,0.6236559139784946,0.6705202312138728,0.3686635944700461
soft_voting_equal,soft_voting,three_selected_trial_probabilities,CS300031,359,0.25069637883008355,0.5063094767976698,0.7265179677819082,0.5223880597014925,0.3888888888888889,0.445859872611465,0.18662952646239556
soft_voting_equal,soft_voting,three_selected_trial_probabilities,CS300032,172,0.3081395348837209,0.449769918612021,0.6876486443634058,0.47368421052631576,0.33962264150943394,0.3956043956043956,0.22093023255813954
soft_voting_equal,soft_voting,three_selected_trial_probabilities,CS300033,616,0.288961038961039,0.41299369308106826,0.665473808424401,0.4647887323943662,0.1853932584269663,0.26506024096385544,0.11525974025974026
soft_voting_equal,soft_voting,three_selected_trial_probabilities,CS300035,596,0.25838926174496646,0.4520151459306722,0.7224833989539872,0.5,0.2792207792207792,0.35833333333333334,0.14429530201342283
soft_voting_equal,soft_voting,three_selected_trial_probabilities,CS300043,371,0.23450134770889489,0.3602660175863222,0.6604743402946414,0.46511627906976744,0.22988505747126436,0.3076923076923077,0.11590296495956873
soft_voting_equal,soft_voting,three_selected_trial_probabilities,CS200001,2410,0.2829875518672199,0.6882730589694165,0.860209962528511,0.7173396674584323,0.44281524926686217,0.5475974614687217,0.17468879668049792
soft_voting_equal,soft_voting,three_selected_trial_probabilities,CS200019,439,0.5170842824601367,0.8230390217323049,0.840121353170975,0.7978142076502732,0.6431718061674009,0.7121951219512195,0.4168564920273349
soft_voting_equal,soft_voting,three_selected_trial_probabilities,CS200032,175,0.2571428571428571,0.45108307466559183,0.7085470085470085,0.4583333333333333,0.24444444444444444,0.3188405797101449,0.13714285714285715
soft_voting_equal,soft_voting,three_selected_trial_probabilities,CS300003,278,0.32014388489208634,0.5265999357006714,0.6920516021639617,0.5423728813559322,0.3595505617977528,0.43243243243243246,0.21223021582733814
soft_voting_equal,soft_voting,three_selected_trial_probabilities,CS200025,1450,0.2103448275862069,0.46403672736248913,0.7534540768845299,0.5607476635514018,0.19672131147540983,0.2912621359223301,0.07379310344827586
soft_voting_equal,soft_voting,three_selected_trial_probabilities,CS300026,39,0.358974358974359,0.5887902929828395,0.7428571428571429,0.6363636363636364,0.5,0.56,0.28205128205128205
soft_voting_equal,soft_voting,three_selected_trial_probabilities,CS300025,98,0.2755102040816326,0.37736906642994494,0.6338028169014084,0.39285714285714285,0.4074074074074074,0.4,0.2857142857142857
soft_voting_equal,soft_voting,three_selected_trial_probabilities,CS200026,173,0.30057803468208094,0.5198353287344282,0.7163064208518755,0.45454545454545453,0.28846153846153844,0.35294117647058826,0.1907514450867052
stacking_nested_logistic,stacking,three_selected_trial_probabilities,CS100001,5554,0.1852718761253151,0.5604525242233708,0.8510950394364533,0.6348684210526315,0.3751214771622935,0.4715943799633476,0.1094706517824991
stacking_nested_logistic,stacking,three_selected_trial_probabilities,CS100002,1698,0.33510011778563015,0.7008581410029295,0.832878529143012,0.6959459459459459,0.5430579964850615,0.6100691016781836,0.26148409893992935
stacking_nested_logistic,stacking,three_selected_trial_probabilities,CS100003,1282,0.45553822152886114,0.7824202569511645,0.822732268320446,0.7127468581687613,0.6797945205479452,0.6958808063102542,0.4344773790951638
stacking_nested_logistic,stacking,three_selected_trial_probabilities,CS100004,1283,0.39438815276695244,0.722715937263024,0.8162233379624684,0.7070484581497798,0.6343873517786561,0.66875,0.35385814497272017
stacking_nested_logistic,stacking,three_selected_trial_probabilities,CS100005,1564,0.3177749360613811,0.6627836876288052,0.79968847763243,0.6784565916398714,0.4245472837022133,0.5222772277227723,0.19884910485933505
stacking_nested_logistic,stacking,three_selected_trial_probabilities,CS100006,1526,0.41874180865006555,0.7669620497756273,0.8378173336650242,0.7339285714285714,0.6431924882629108,0.6855713094245204,0.3669724770642202
stacking_nested_logistic,stacking,three_selected_trial_probabilities,CS100007,2078,0.48267564966313764,0.7814659430078372,0.8068149041248348,0.7369614512471655,0.6480558325024925,0.6896551724137931,0.424446583253128
stacking_nested_logistic,stacking,three_selected_trial_probabilities,CS100008,3033,0.3537751401252885,0.7172043312600495,0.8321763794054433,0.7578008915304606,0.47530288909599255,0.584192439862543,0.22189251566106166
stacking_nested_logistic,stacking,three_selected_trial_probabilities,CS100009,3508,0.3187001140250855,0.6854640609763308,0.8271341531874761,0.6516007532956686,0.6189624329159212,0.634862385321101,0.30273660205245156
stacking_nested_logistic,stacking,three_selected_trial_probabilities,CS100010,4154,0.291044776119403,0.6545842388915494,0.8228071579733773,0.6721311475409836,0.4747725392886683,0.5564711585070286,0.20558497833413578
stacking_nested_logistic,stacking,three_selected_trial_probabilities,CS200006,1998,0.14614614614614616,0.420986731130222,0.7842425605036214,0.6417910447761194,0.14726027397260275,0.2395543175487465,0.033533533533533534
stacking_nested_logistic,stacking,three_selected_trial_probabilities,CS200007,1506,0.20053120849933598,0.4660181195244555,0.7786269829046667,0.532051282051282,0.27483443708609273,0.3624454148471616,0.10358565737051793
stacking_nested_logistic,stacking,three_selected_trial_probabilities,CS200016,1297,0.27602158828064766,0.6326151461659698,0.8162463336129605,0.6591928251121076,0.4106145251396648,0.5060240963855421,0.17193523515805706
stacking_nested_logistic,stacking,three_selected_trial_probabilities,CS200024,839,0.4123957091775924,0.7163955520470333,0.7919954507615284,0.7021276595744681,0.5722543352601156,0.6305732484076433,0.3361144219308701
stacking_nested_logistic,stacking,three_selected_trial_probabilities,CS200028,4384,0.2664233576642336,0.6032751181428803,0.8048387131125194,0.6453804347826086,0.4066780821917808,0.4989495798319328,0.1678832116788321
stacking_nested_logistic,stacking,three_selected_trial_probabilities,CS200029,1017,0.400196656833825,0.6327226189797744,0.716200104724695,0.6483516483516484,0.4348894348894349,0.5205882352941177,0.26843657817109146
stacking_nested_logistic,stacking,three_selected_trial_probabilities,CS200030,1156,0.2378892733564014,0.5400193620941394,0.7790857496646373,0.5661375661375662,0.3890909090909091,0.46120689655172414,0.16349480968858132
stacking_nested_logistic,stacking,three_selected_trial_probabilities,CS200031,1546,0.2238033635187581,0.4178266398234102,0.6834706165703275,0.49246231155778897,0.2832369942196532,0.3596330275229358,0.12871927554980594
stacking_nested_logistic,stacking,three_selected_trial_probabilities,CS200037,2043,0.29515418502202645,0.5513356349442584,0.7735592868988392,0.588,0.48756218905472637,0.5330915684496826,0.24473813020068527
stacking_nested_logistic,stacking,three_selected_trial_probabilities,CS300001,3323,0.33012338248570566,0.7400601455207904,0.857353347076606,0.7422802850356295,0.5697356426618049,0.6446621970087674,0.2533854950346073
stacking_nested_logistic,stacking,three_selected_trial_probabilities,CS300002,2751,0.2813522355507088,0.6749361315408648,0.8260689139575401,0.7015985790408525,0.5103359173126615,0.5908750934928946,0.20465285350781534
stacking_nested_logistic,stacking,three_selected_trial_probabilities,CS300010,1240,0.24435483870967742,0.60642136317802,0.818136669590118,0.6376811594202898,0.43564356435643564,0.5176470588235295,0.16693548387096774
stacking_nested_logistic,stacking,three_selected_trial_probabilities,CS300011,3264,0.35324754901960786,0.5869224076602729,0.7275091896697717,0.5985663082437276,0.43451864700780574,0.5035175879396985,0.25643382352941174
stacking_nested_logistic,stacking,three_selected_trial_probabilities,CS300014,494,0.4109311740890688,0.6047835287769688,0.704298071877169,0.6413793103448275,0.458128078817734,0.5344827586206896,0.2935222672064777
stacking_nested_logistic,stacking,three_selected_trial_probabilities,CS300015,215,0.3953488372093023,0.6299068989996462,0.7420814479638008,0.6226415094339622,0.38823529411764707,0.4782608695652174,0.24651162790697675
stacking_nested_logistic,stacking,three_selected_trial_probabilities,CS300016,805,0.2248447204968944,0.4920506954750724,0.729529678424706,0.5844155844155844,0.24861878453038674,0.3488372093023256,0.09565217391304348
stacking_nested_logistic,stacking,three_selected_trial_probabilities,CS300017,644,0.36490683229813664,0.6101910583883271,0.7613275763408417,0.628140703517588,0.5319148936170213,0.576036866359447,0.3090062111801242
stacking_nested_logistic,stacking,three_selected_trial_probabilities,CS300018,2260,0.12212389380530973,0.5729141048430254,0.8835904628330996,0.7410071942446043,0.37318840579710144,0.4963855421686747,0.061504424778761065
stacking_nested_logistic,stacking,three_selected_trial_probabilities,CS300020,514,0.39883268482490275,0.6123466164821287,0.7206409345646855,0.6343283582089553,0.4146341463414634,0.5014749262536873,0.2607003891050584
stacking_nested_logistic,stacking,three_selected_trial_probabilities,CS300022,1851,0.35386277687736356,0.661267807813759,0.78575404018484,0.6693548387096774,0.5068702290076336,0.576889661164205,0.26796326310102647
stacking_nested_logistic,stacking,three_selected_trial_probabilities,CS300024,463,0.3174946004319654,0.5672276699345921,0.7337036080254886,0.5481481481481482,0.5034013605442177,0.524822695035461,0.2915766738660907
stacking_nested_logistic,stacking,three_selected_trial_probabilities,CS300027,337,0.36795252225519287,0.5658788651757269,0.6844616083598365,0.5578947368421052,0.4274193548387097,0.4840182648401826,0.2818991097922849
stacking_nested_logistic,stacking,three_selected_trial_probabilities,CS300028,1083,0.31117266851338876,0.4774148979949676,0.6856707583869659,0.5052264808362369,0.43026706231454004,0.46474358974358976,0.26500461680517085
stacking_nested_logistic,stacking,three_selected_trial_probabilities,CS300036,596,0.2902684563758389,0.49157753158123657,0.7375886524822695,0.5080645161290323,0.36416184971098264,0.42424242424242425,0.2080536912751678
stacking_nested_logistic,stacking,three_selected_trial_probabilities,CS200002,250,0.24,0.679144638965293,0.8633333333333333,0.6818181818181818,0.5,0.5769230769230769,0.176
stacking_nested_logistic,stacking,three_selected_trial_probabilities,CS200003,1882,0.28746014877789583,0.6328154286804164,0.8123700000413518,0.6234096692111959,0.45286506469500926,0.5246252676659529,0.20882040382571732
stacking_nested_logistic,stacking,three_selected_trial_probabilities,CS200005,1755,0.29971509971509974,0.6226051042081585,0.7915226760140706,0.6464379947229552,0.46577946768060835,0.5414364640883977,0.21595441595441595
stacking_nested_logistic,stacking,three_selected_trial_probabilities,CS200008,1235,0.22753036437246962,0.5144833387180169,0.7846452845109932,0.578125,0.39501779359430605,0.4693446088794926,0.15546558704453442
stacking_nested_logistic,stacking,three_selected_trial_probabilities,CS200017,528,0.4412878787878788,0.7699127955793611,0.8194369680657598,0.7252252252252253,0.6909871244635193,0.7076923076923077,0.42045454545454547
stacking_nested_logistic,stacking,three_selected_trial_probabilities,CS200033,72,0.2638888888888889,0.598295717475774,0.7298907646474677,0.5,0.3157894736842105,0.3870967741935484,0.16666666666666666
stacking_nested_logistic,stacking,three_selected_trial_probabilities,CS200034,699,0.45064377682403434,0.6884180445522727,0.7453786375661375,0.6653992395437263,0.5555555555555556,0.6055363321799307,0.37625178826895567
stacking_nested_logistic,stacking,three_selected_trial_probabilities,CS300004,656,0.31859756097560976,0.5292657050512085,0.7072027230981663,0.5267175572519084,0.33014354066985646,0.40588235294117647,0.19969512195121952
stacking_nested_logistic,stacking,three_selected_trial_probabilities,CS300006,198,0.23737373737373738,0.6162639535252831,0.8123150627025503,0.6666666666666666,0.425531914893617,0.5194805194805194,0.15151515151515152
stacking_nested_logistic,stacking,three_selected_trial_probabilities,CS300007,1584,0.34785353535353536,0.6251521242803393,0.7788373862184921,0.6147186147186147,0.515426497277677,0.56071076011846,0.2916666666666667
stacking_nested_logistic,stacking,three_selected_trial_probabilities,CS300008,566,0.2597173144876325,0.6030679942121324,0.7959995454028868,0.6421052631578947,0.41496598639455784,0.5041322314049587,0.16784452296819788
stacking_nested_logistic,stacking,three_selected_trial_probabilities,CS300009,1042,0.22648752399232247,0.583421121462334,0.8125394288598224,0.6714285714285714,0.3983050847457627,0.5,0.1343570057581574
stacking_nested_logistic,stacking,three_selected_trial_probabilities,CS300019,553,0.2820976491862568,0.5146621817009852,0.7606084092230188,0.5118110236220472,0.4166666666666667,0.45936395759717313,0.22965641952983726
stacking_nested_logistic,stacking,three_selected_trial_probabilities,CS300021,962,0.46153846153846156,0.7728295248051444,0.7888970051132214,0.7522658610271903,0.5608108108108109,0.6425806451612903,0.34407484407484407
stacking_nested_logistic,stacking,three_selected_trial_probabilities,CS300029,217,0.42857142857142855,0.6993541964079228,0.7898022892819979,0.6736842105263158,0.6881720430107527,0.6808510638297872,0.4377880184331797
stacking_nested_logistic,stacking,three_selected_trial_probabilities,CS300031,359,0.25069637883008355,0.501482641219187,0.7330855018587361,0.5128205128205128,0.4444444444444444,0.47619047619047616,0.21727019498607242
stacking_nested_logistic,stacking,three_selected_trial_probabilities,CS300032,172,0.3081395348837209,0.45536253171051566,0.6920881560171238,0.4782608695652174,0.41509433962264153,0.4444444444444444,0.26744186046511625
stacking_nested_logistic,stacking,three_selected_trial_probabilities,CS300033,616,0.288961038961039,0.4099270551719545,0.6609717305423015,0.4375,0.23595505617977527,0.30656934306569344,0.15584415584415584
stacking_nested_logistic,stacking,three_selected_trial_probabilities,CS300035,596,0.25838926174496646,0.4541916126864685,0.7238202973497091,0.494949494949495,0.3181818181818182,0.38735177865612647,0.16610738255033558
stacking_nested_logistic,stacking,three_selected_trial_probabilities,CS300043,371,0.23450134770889489,0.3639711848514417,0.658288813339809,0.4339622641509434,0.26436781609195403,0.32857142857142857,0.14285714285714285
stacking_nested_logistic,stacking,three_selected_trial_probabilities,CS200001,2410,0.2829875518672199,0.6933130414831145,0.8607903633105246,0.6995884773662552,0.49853372434017595,0.5821917808219178,0.2016597510373444
stacking_nested_logistic,stacking,three_selected_trial_probabilities,CS200019,439,0.5170842824601367,0.8148619403627101,0.8336381015709416,0.8,0.6696035242290749,0.7290167865707434,0.4328018223234624
stacking_nested_logistic,stacking,three_selected_trial_probabilities,CS200032,175,0.2571428571428571,0.4726362534591129,0.7085470085470086,0.48148148148148145,0.28888888888888886,0.3611111111111111,0.15428571428571428
stacking_nested_logistic,stacking,three_selected_trial_probabilities,CS300003,278,0.32014388489208634,0.5255928682791758,0.6933000416146483,0.5217391304347826,0.4044943820224719,0.45569620253164556,0.24820143884892087
stacking_nested_logistic,stacking,three_selected_trial_probabilities,CS200025,1450,0.2103448275862069,0.4611309317140698,0.7532851313623022,0.539568345323741,0.2459016393442623,0.33783783783783783,0.09586206896551724
stacking_nested_logistic,stacking,three_selected_trial_probabilities,CS300026,39,0.358974358974359,0.6142434773645954,0.7771428571428571,0.6153846153846154,0.5714285714285714,0.5925925925925926,0.3333333333333333
stacking_nested_logistic,stacking,three_selected_trial_probabilities,CS300025,98,0.2755102040816326,0.386706212779181,0.6348461137193531,0.3870967741935484,0.4444444444444444,0.41379310344827586,0.3163265306122449
stacking_nested_logistic,stacking,three_selected_trial_probabilities,CS200026,173,0.30057803468208094,0.5337988905441314,0.7183725365543547,0.4594594594594595,0.3269230769230769,0.38202247191011235,0.2138728323699422
