importance_rank,source_feature,friendly_name,gain,normalized_gain
1,최근_4분기_매출_선형기울기,최근 4분기 매출 추세,850013.6691375412,0.3705830379785283
2,전년동기_매출_증감률,전년 동기 대비 매출 변화율,217768.95126547664,0.09494139031815976
3,현재값_대비_최근_4분기_매출_평균_차이,현재 매출과 최근 4분기 평균의 차이,177345.32997398078,0.07731778151255586
4,서비스_업종_코드,서비스 업종 코드,78230.35215425491,0.03410632395225972
5,최근_4분기_매출_변동계수,최근 4분기 매출 변동성,67068.27475692332,0.02923995920750021
6,최근_2분기_매출_변화액,최근 2분기 매출 변화액,35828.83045244217,0.015620403904510834
7,당월_매출_금액,현재 분기 매출,35132.79149913788,0.015316949690499645
8,당월_매출_건수,현재 분기 거래 건수,30921.945039629936,0.0134811341853103
9,평균_객단가,평균 객단가,28445.14894270897,0.012401317877201244
10,매출_감소_지속,전 분기·전년 동기 매출 동반 감소 여부,26059.41520035267,0.011361202300063128
11,최근_2분기_매출_최소,최근 2분기 매출 최소,25202.92369952798,0.010987795102152474
12,전분기_매출_증감률,전 분기 대비 매출 변화율,24482.345016539097,0.010673642227745724
13,현재값_대비_최근_2분기_매출_평균_차이,현재값 대비 최근 2분기 매출 평균 차이,23164.8725849092,0.010099259774976761
14,변화__서울_운영_영업_개월_평균,서울 평균 운영 영업개월,20983.20481622219,0.009148111459444146
15,최근_4분기_매출_표준편차,최근 4분기 매출 표준편차,19647.459324240685,0.00856576244511961
16,기준_분기,기준 분기,19546.41403412819,0.008521709423453141
17,최근_2분기_매출_변동계수,최근 2분기 매출 변동계수,18231.491341352463,0.00794843858806745
18,최근_2분기_매출_최대,최근 2분기 매출 최대,17463.570684432983,0.00761364588966716
19,기준_연도,기준 연도,16854.266757011414,0.007348005808013841
20,최근_2분기_매출_표준편차,최근 2분기 매출 표준편차,16763.290342092514,0.007308342544410975
21,최근_2분기_매출_평균,최근 2분기 매출 평균,16528.402225017548,0.007205937659441282
22,구성비__시간대_21~24_매출_금액,구성 비중: 시간대 21~24 매출 금액,12394.029536128044,0.005403462656023173
23,구성비__연령대_30_매출_금액,구성 비중: 연령대 30 매출 금액,11418.052337884903,0.004977962916131117
24,구성비__일요일_매출_금액,구성 비중: 일요일 매출 금액,11249.64098840952,0.004904540109199111
25,구성비__시간대_건수~17_매출_건수,14~17시 거래 비중,10854.733038544655,0.004732370892283714
26,매출_변화방향_일치,매출 변화방향 일치,10133.733275175095,0.00441803443818599
27,프랜차이즈_점포_비율,프랜차이즈 점포 비율,10031.681670427322,0.004373542690475172
28,구성비__시간대_14~17_매출_금액,구성 비중: 시간대 14~17 매출 금액,9356.387375593185,0.004079132588149266
29,구성비__시간대_건수~24_매출_건수,21~24시 거래 비중,9071.324560463428,0.003954852887856113
30,구성비__연령대_40_매출_금액,구성 비중: 연령대 40 매출 금액,9057.059402823448,0.003948633663804304
31,구성비__연령대_60_이상_매출_금액,구성 비중: 연령대 60 이상 매출 금액,8498.43614564836,0.0037050889877057987
32,구성비__시간대_건수~11_매출_건수,06~11시 거래 비중,8330.995991945267,0.003632089595940907
33,점포당_매출,점포당 매출,8206.854095056653,0.0035779670765512155
34,구성비__금요일_매출_금액,구성 비중: 금요일 매출 금액,7718.402080118656,0.0033650151698058585
35,점포당_거래건수,점포당 거래 건수,7712.2338589429855,0.0033623259917076724
36,구성비__시간대_17~21_매출_금액,구성 비중: 시간대 17~21 매출 금액,7698.832012891769,0.0033564831482282027
37,유사_업종_점포_수,유사 업종 점포 수,7453.559472799301,0.0032495509348528556
38,구성비__시간대_건수~21_매출_건수,17~21시 거래 비중,7238.959872722626,0.0031559912961871823
39,구성비__연령대_20_매출_금액,구성 비중: 연령대 20 매출 금액,7044.003622934222,0.0030709956285377518
40,구성비__화요일_매출_금액,구성 비중: 화요일 매출 금액,7022.496409893036,0.003061619063622812
41,구성비__연령대_50_매출_금액,구성 비중: 연령대 50 매출 금액,7005.685132235289,0.0030542897999028184
42,구성비__시간대_건수~14_매출_건수,11~14시 거래 비중,6999.752427995205,0.003051703300837516
43,구성비__남성_매출_건수,구성 비중: 남성 매출 건수,6993.128591656685,0.0030488154868146054
44,구성비__남성_매출_금액,구성 비중: 남성 매출 금액,6963.5929564237595,0.003035938746321304
45,구성비__수요일_매출_금액,구성 비중: 수요일 매출 금액,6877.370373129845,0.0029983480251134483
46,구성비__연령대_60_이상_매출_건수,구성 비중: 연령대 60 이상 매출 건수,6669.048792779446,0.002907525433753159
47,최근_4분기_매출_최소,최근 4분기 매출 최소,6550.813653230667,0.0028559781012799544
48,최근_4분기_매출_최대,최근 4분기 매출 최대,6521.641919136047,0.002843260011869869
49,구성비__목요일_매출_금액,구성 비중: 목요일 매출 금액,6267.1578810215,0.0027323118337573677
50,구성비__일요일_매출_건수,구성 비중: 일요일 매출 건수,5950.8903431892395,0.0025944277158433727
51,점포당_유동인구,점포당 유동인구,5700.0708837509155,0.0024850771952133967
52,변화__서울_폐업_영업_개월_평균,서울 평균 폐업 영업개월,5487.692160129547,0.002392485798793307
53,점포_수,현재 점포 수,5405.856039524078,0.0023568074570307295
54,구성비__연령대_20_매출_건수,구성 비중: 연령대 20 매출 건수,5369.4598061442375,0.0023409396807506583
55,구성비__연령대_40_매출_건수,구성 비중: 연령대 40 매출 건수,5254.956067562103,0.0022910191384766486
56,구성비__여성_매출_금액,구성 비중: 여성 매출 금액,5221.926362514496,0.0022766190777664527
57,구성비__시간대_06~11_매출_금액,구성 비중: 시간대 06~11 매출 금액,5084.521442234516,0.0022167142378334455
58,구성비__연령대_50_매출_건수,구성 비중: 연령대 50 매출 건수,5078.158679962158,0.002213940245063167
59,점포당_가구,점포당 가구,4949.815276145935,0.0021579859819523405
60,구성비__연령대_10_매출_금액,구성 비중: 연령대 10 매출 금액,4900.870161771774,0.002136647231956253
61,구성비__연령대_10_매출_건수,구성 비중: 연령대 10 매출 건수,4872.7862966656685,0.0021244034240893044
62,점포당_상주인구,점포당 상주인구,4337.529100894928,0.001891045720665723
63,구성비__연령대_30_매출_건수,구성 비중: 연령대 30 매출 건수,4073.1801124811172,0.0017757966902444376
64,구성비__월요일_매출_금액,구성 비중: 월요일 매출 금액,4030.6366209983826,0.0017572488752006135
65,구성비__상주__연령대_20_상주인구_수,구성 비중: 상주인구: 연령대 20 상주인구 수,4020.721864938736,0.0017529263089233818
66,구성비__시간대_11~14_매출_금액,구성 비중: 시간대 11~14 매출 금액,3977.645689368248,0.0017341462579818423
67,구성비__월요일_매출_건수,구성 비중: 월요일 매출 건수,3775.893251657486,0.0016461876356666403
68,구성비__상주__연령대_40_상주인구_수,구성 비중: 상주인구: 연령대 40 상주인구 수,3608.941105902195,0.0015734010022071983
69,최근_4분기_매출_평균,최근 4분기 평균 매출,3564.4480702877045,0.0015540032384940164
70,면적당_집객시설,면적당 집객시설,3562.127530157566,0.0015529915455737716
71,구성비__화요일_매출_건수,구성 비중: 화요일 매출 건수,3550.757366746664,0.0015480344609384155
72,점포당_집객시설,점포당 집객시설,3472.0127444267273,0.0015137039290619074
73,구성비__여성_매출_건수,구성 비중: 여성 매출 건수,3415.801642894745,0.0014891974046021567
74,점포당_아파트단지,점포당 아파트단지,3326.9259588718414,0.0014504500030209028
75,구성비__시간대_00~06_매출_금액,구성 비중: 시간대 00~06 매출 금액,3280.1173508167267,0.0014300427121661438
76,구성비__시간대_건수~06_매출_건수,00~06시 거래 비중,3157.988850712776,0.0013767979794806044
77,공간__중심_X,공간 중심 X,2993.4906083643436,0.0013050811817337364
78,구성비__목요일_매출_건수,구성 비중: 목요일 매출 건수,2926.233667612076,0.001275758969239899
79,구성비__금요일_매출_건수,구성 비중: 금요일 매출 건수,2898.8167555332184,0.0012638059349075427
80,점포당_직장인구,점포당 직장인구,2881.515335202217,0.0012562629821993687
81,구성비__주중_매출_건수,구성 비중: 주중 매출 건수,2848.5361629128456,0.0012418849524090795
82,구성비__직장__연령대_40_직장_인구_수,구성 비중: 직장인구: 연령대 40 직장 인구 수,2821.986993074417,0.00123031023029371
83,공간__중심_Y,공간 중심 Y,2803.619226694107,0.0012223023794634973
84,점포_증감률,점포 수 변화율,2783.06085896492,0.0012133394855176952
85,프랜차이즈_점포_수,프랜차이즈 점포 수,2721.48774895072,0.0011864952699534909
86,구성비__수요일_매출_건수,구성 비중: 수요일 매출 건수,2710.028369665146,0.0011814992896026042
87,구성비__직장__연령대_20_직장_인구_수,구성 비중: 직장인구: 연령대 20 직장 인구 수,2671.866630792618,0.001164861800536959
88,구성비__유동__연령대_50_유동인구_수,구성 비중: 유동인구: 연령대 50 유동인구 수,2657.773530960083,0.0011587175890494254
89,아파트__아파트_평균_시가,아파트: 아파트 평균 시가,2656.2461397647858,0.00115805168767644
90,구성비__유동__연령대_40_유동인구_수,구성 비중: 유동인구: 연령대 40 유동인구 수,2650.5701379776,0.0011555771039582735
91,주말_매출_비중,주말 매출 비중,2625.9108012914658,0.0011448262981354036
92,직장__총_직장_인구_수,총 직장인구,2625.1047539711,0.0011444748832398774
93,구성비__유동__연령대_30_유동인구_수,구성 비중: 유동인구: 연령대 30 유동인구 수,2619.25107049942,0.001141922835098698
94,구성비__유동__연령대_20_유동인구_수,구성 비중: 유동인구: 연령대 20 유동인구 수,2614.661890208721,0.0011399220762453913
95,유동인구_대비_직장인구_비율,유동인구 대비 직장인구 비율,2595.7962169647217,0.0011316971514493406
96,구성비__유동__연령대_60_이상_유동인구_수,구성 비중: 유동인구: 연령대 60 이상 유동인구 수,2591.4464470148087,0.001129800769048594
97,면적당_직장인구,면적당 직장인구,2567.9713542461395,0.0011195662616390037
98,면적당_유동인구,면적당 유동인구,2520.8570671081543,0.001099025702947162
99,구성비__토요일_매출_건수,구성 비중: 토요일 매출 건수,2480.143030643463,0.001081275480957482
100,구성비__토요일_매출_금액,구성 비중: 토요일 매출 금액,2463.912558913231,0.0010741994329596693
101,구성비__상주__연령대_50_상주인구_수,구성 비중: 상주인구: 연령대 50 상주인구 수,2389.751125097275,0.0010418670476790351
102,구성비__유동__남성_유동인구_수,구성 비중: 유동인구: 남성 유동인구 수,2384.6496376544237,0.0010396429367224439
103,구성비__직장__연령대_50_직장_인구_수,구성 비중: 직장인구: 연령대 50 직장 인구 수,2345.623431444168,0.0010226285632090777
104,구성비__직장__연령대_60_이상_직장_인구_수,구성 비중: 직장인구: 연령대 60 이상 직장 인구 수,2317.180304288864,0.0010102281267766649
105,구성비__유동__시간대_06_11_유동인구_수,구성 비중: 유동인구: 시간대 06 11 유동인구 수,2296.2097421884537,0.0010010855272003867
106,구성비__유동__연령대_10_유동인구_수,구성 비중: 유동인구: 연령대 10 유동인구 수,2287.4874572753906,0.000997282846186472
107,구성비__상주__연령대_30_상주인구_수,구성 비중: 상주인구: 연령대 30 상주인구 수,2286.5651826262474,0.0009968807593098259
108,구성비__상주__연령대_60_이상_상주인구_수,구성 비중: 상주인구: 연령대 60 이상 상주인구 수,2284.396509051323,0.0009959352761123679
109,구성비__유동__시간대_21_24_유동인구_수,구성 비중: 유동인구: 시간대 21 24 유동인구 수,2241.305628299713,0.0009771488141084043
110,구성비__직장__남성_직장_인구_수,구성 비중: 직장인구: 남성 직장 인구 수,2226.9532647132874,0.0009708915706155712
111,변화__폐업_영업_개월_평균,변화 폐업 영업 개월 평균,2213.6385972499847,0.0009650867346495437
112,개업_강도,개업 강도,2207.233030796051,0.0009622940804103705
113,공간__면적,공간 면적,2185.6970875263214,0.0009529049898905353
114,구성비__상주__남성_상주인구_수,구성 비중: 상주인구: 남성 상주인구 수,2175.9741995334625,0.0009486660729164418
115,면적당_가구,면적당 가구,2075.307720899582,0.0009047782028394869
116,변화__운영_영업_개월_평균,변화 운영 영업 개월 평균,2069.9415694475174,0.0009024387055119008
117,구성비__유동__금요일_유동인구_수,구성 비중: 유동인구: 금요일 유동인구 수,2041.1899369359016,0.0008899037690633992
118,시설__집객시설_수,집객시설 수,2040.5999775975943,0.0008896465627009467
119,유동__총_유동인구_수,총 유동인구,2001.8840659856796,0.0008727674692649446
120,구성비__주말_매출_건수,구성 비중: 주말 매출 건수,1990.1548902988434,0.0008676538649585316
121,상주인구_대비_직장인구_비율,상주인구 대비 직장인구 비율,1973.1898785829544,0.0008602575773348344
122,유동인구_대비_상주인구_비율,유동인구 대비 상주인구 비율,1972.5248651504517,0.0008599676494112477
123,공간__행정동_코드,공간 행정동 코드,1926.4092350006104,0.0008398624782361037
124,아파트__아파트_가격_1_억_세대_수,아파트: 아파트 가격 1 억 세대 수,1894.8099454641342,0.0008260860401156767
125,폐업_강도,폐업 강도,1841.0182702541351,0.0008026343202892157
126,구성비__상주__연령대_10_상주인구_수,구성 비중: 상주인구: 연령대 10 상주인구 수,1824.527721107006,0.0007954448855509745
127,구성비__직장__연령대_30_직장_인구_수,구성 비중: 직장인구: 연령대 30 직장 인구 수,1823.7117837667465,0.0007950891588734726
128,면적당_상주인구,면적당 상주인구,1813.690493106842,0.0007907201463833777
129,폐업_률,상권·업종 폐업 점포 비율,1792.6791462898254,0.0007815597657704743
130,구성비__유동__시간대_17_21_유동인구_수,구성 비중: 유동인구: 시간대 17 21 유동인구 수,1769.9274114370346,0.0007716406229058847
131,상주__총_상주인구_수,총 상주인구,1751.4080632925034,0.0007635666865140785
132,구성비__유동__일요일_유동인구_수,구성 비중: 유동인구: 일요일 유동인구 수,1697.9794595241547,0.0007402732560454657
133,구성비__주중_매출_금액,구성 비중: 주중 매출 금액,1695.7786498069763,0.0007393137623565794
134,면적당_아파트단지,면적당 아파트단지,1642.8082587718964,0.0007162201002833472
135,구성비__유동__시간대_11_14_유동인구_수,구성 비중: 유동인구: 시간대 11 14 유동인구 수,1640.279797077179,0.0007151177591678314
136,아파트__아파트_가격_1_억_미만_세대_수,아파트: 아파트 가격 1 억 미만 세대 수,1633.3017196655273,0.0007120755055896236
137,구성비__상주__여성_상주인구_수,구성 비중: 상주인구: 여성 상주인구 수,1631.7468078136444,0.0007113976059524987
138,상권_코드,상권 코드,1631.267430305481,0.0007111886102860007
139,상주__총_가구_수,상주인구: 총 가구 수,1620.4951832145452,0.0007064922010425296
140,구성비__유동__월요일_유동인구_수,구성 비중: 유동인구: 월요일 유동인구 수,1605.4448222219944,0.0006999306495030678
141,아파트__아파트_면적_66_제곱미터_세대_수,아파트: 아파트 면적 66 제곱미터 세대 수,1603.2265096902847,0.0006989635250590327
142,구성비__직장__여성_직장_인구_수,구성 비중: 직장인구: 여성 직장 인구 수,1591.045482993126,0.0006936529258968913
143,구성비__유동__여성_유동인구_수,구성 비중: 유동인구: 여성 유동인구 수,1578.6902565956116,0.0006882663803629246
144,아파트__아파트_가격_2_억_세대_수,아파트: 아파트 가격 2 억 세대 수,1524.8887219429016,0.0006648103620853149
145,구성비__유동__시간대_14_17_유동인구_수,구성 비중: 유동인구: 시간대 14 17 유동인구 수,1494.6441650390625,0.0006516245508605244
146,아파트__아파트_면적_66_제곱미터_미만_세대_수,아파트: 아파트 면적 66 제곱미터 미만 세대 수,1488.7007502317429,0.0006490333822767322
147,아파트__아파트_가격_3_억_세대_수,아파트: 아파트 가격 3 억 세대 수,1488.1279582977295,0.0006487836604396097
148,구성비__유동__목요일_유동인구_수,구성 비중: 유동인구: 목요일 유동인구 수,1460.7515053749084,0.0006368482652082495
149,구성비__유동__화요일_유동인구_수,구성 비중: 유동인구: 화요일 유동인구 수,1435.6278746128082,0.0006258950396885745
150,구성비__유동__토요일_유동인구_수,구성 비중: 유동인구: 토요일 유동인구 수,1361.8567246198654,0.0005937328076302442
151,아파트__아파트_단지_수,아파트: 아파트 단지 수,1302.8468316793442,0.0005680060855895571
152,아파트__아파트_평균_면적,아파트: 아파트 평균 면적,1286.1276404857635,0.0005607169690847043
153,구성비__유동__시간대_00_06_유동인구_수,구성 비중: 유동인구: 시간대 00 06 유동인구 수,1263.9438676834106,0.0005510454423582427
154,구성비__유동__수요일_유동인구_수,구성 비중: 유동인구: 수요일 유동인구 수,1257.4919840097427,0.0005482325950602717
155,아파트__아파트_가격_4_억_세대_수,아파트: 아파트 가격 4 억 세대 수,1004.902483433485,0.000438110384225704
156,개업_율,상권·업종 개업 점포 비율,959.6237697601318,0.0004183700860657269
157,개업_점포_수,개업 점포 수,951.6025867462158,0.0004148730665736818
158,아파트__아파트_면적_99_제곱미터_세대_수,아파트: 아파트 면적 99 제곱미터 세대 수,946.5378973484039,0.0004126649985724188
159,시설__약국_수,시설: 약국 수,890.6187952756882,0.000388285778002749
160,아파트__아파트_가격_5_억_세대_수,아파트: 아파트 가격 5 억 세대 수,860.6574935913086,0.0003752234584152837
161,공간__행정동_명,공간 행정동 명,859.1165328025818,0.00037455164106548557
162,공간__자치구_코드,공간 자치구 코드,795.2534403800964,0.0003467090549237342
163,구성비__직장__연령대_10_직장_인구_수,구성 비중: 직장인구: 연령대 10 직장 인구 수,766.4866788387299,0.00033416752262623587
164,상주__비_아파트_가구_수,상주인구: 비 아파트 가구 수,756.9918780326843,0.00033002804551491427
165,시설__버스_정거장_수,시설: 버스 정거장 수,734.5223212242126,0.00032023192466833623
166,변화__상권_변화_지표,변화 상권 변화 지표,710.5955276489258,0.0003098004878877823
167,아파트__아파트_가격_6_억_이상_세대_수,아파트: 아파트 가격 6 억 이상 세대 수,694.8548169136047,0.0003029379624766849
168,아파트__아파트_면적_132_제곱미터_세대_수,아파트: 아파트 면적 132 제곱미터 세대 수,588.1558812856674,0.0002564201038236633
169,시설__은행_수,시설: 은행 수,585.81452023983,0.0002553993335456378
170,아파트__아파트_면적_165_제곱미터_세대_수,아파트: 아파트 면적 165 제곱미터 세대 수,358.71571922302246,0.00015639038032788424
171,전분기_연속_여부,전분기 연속 여부,289.98963928222656,0.0001264276627651691
172,시설__관공서_수,시설: 관공서 수,264.97850769758224,0.00011552348385317276
173,공간__자치구_명,공간 자치구 명,255.210120677948,0.00011126473053034788
174,시설__지하철_역_수,시설: 지하철 역 수,210.14960145950317,9.1619559268803e-05
175,상권_구분_코드,상권 구분 코드,164.97046947479248,7.192267603971946e-05
176,최근_4분기_연속_여부,최근 4분기 연속 여부,145.19139957427979,6.329953493240202e-05
177,폐업_점포_수,폐업 점포 수,104.65219974517822,4.562553700113324e-05
178,시설__극장_수,시설: 극장 수,64.6627197265625,2.81912020832999e-05
179,시설__일반_병원_수,시설: 일반 병원 수,53.670719146728516,2.3398986244618493e-05
180,시설__숙박_시설_수,시설: 숙박 시설 수,45.27985954284668,1.9740797728176306e-05
181,시설__슈퍼마켓_수,시설: 슈퍼마켓 수,44.51832962036133,1.940879121765452e-05
182,아파트__결합_여부,아파트: 결합 여부,35.07129955291748,1.5290140860160847e-05
183,시설__대학교_수,시설: 대학교 수,9.764260292053223,4.256954180882342e-06
184,상주__결합_여부,상주인구: 결합 여부,0.0,0.0
185,상주__아파트_가구_수,상주인구: 아파트 가구 수,0.0,0.0
186,시설__결합_여부,시설: 결합 여부,0.0,0.0
187,시설__고등학교_수,시설: 고등학교 수,0.0,0.0
188,시설__공항_수,시설: 공항 수,0.0,0.0
189,시설__백화점_수,시설: 백화점 수,0.0,0.0
190,시설__버스_터미널_수,시설: 버스 터미널 수,0.0,0.0
191,시설__유치원_수,시설: 유치원 수,0.0,0.0
192,시설__종합병원_수,시설: 종합병원 수,0.0,0.0
193,시설__중학교_수,시설: 중학교 수,0.0,0.0
194,시설__초등학교_수,시설: 초등학교 수,0.0,0.0
195,유동__결합_여부,유동인구: 결합 여부,0.0,0.0
196,점포_수__분모0,점포 수 분모0,0.0,0.0
197,직장__결합_여부,직장인구: 결합 여부,0.0,0.0
