policy_id,source_order,source_role,source_path,source_url,file_type,bytes,sha256,signature_status,retrieved_at,reviewed_at
POL_SEOUL_FUND_2026,1,primary,data/raw_re/policy/seoul_fund/2026/2026년도 서울특별시 중소기업육성자금 융자지원 변경계획 공고/2026년_중소기업육성자금_융자지원_변경계획_공고.md,https://www.seoul.go.kr/news/news_notice.do?nttNo=457365,md,22981,f9ff4bb1f840fb468e10240d25084dee7018b31a84895daa812ae313d0856419,valid,2026-08-15,2026-08-15T23:59:00+09:00
POL_SEOUL_FUND_2026,2,supporting,data/raw_re/policy/seoul_fund/2026/2026년도 서울특별시 중소기업육성자금 융자지원 변경계획 공고/별표1_경영안정자금_융자대상.md,https://www.seoul.go.kr/news/news_notice.do?nttNo=457365,md,5485,b282ba2f26c413c0cf7d075043bc2e0d27b6cce23cf4cea841d34b06473d220a,valid,2026-08-15,2026-08-15T23:59:00+09:00
POL_SEOUL_FUND_2026,3,supporting,data/raw_re/policy/seoul_fund/2026/2026년도 서울특별시 중소기업육성자금 융자지원 변경계획 공고/별표2_시설자금_융자대상.md,https://www.seoul.go.kr/news/news_notice.do?nttNo=457365,md,17717,563cfa0726625e8331e4672fa0f1d99b5086b4d83cb2ef353d6f3888f0277295,valid,2026-08-15,2026-08-15T23:59:00+09:00
POL_SEOUL_FUND_2026,4,supporting,data/raw_re/policy/seoul_fund/2026/2026년도 서울특별시 중소기업육성자금 융자지원 변경계획 공고/별표3_시설자금_지원사업별_융자조건_및_한도.md,https://www.seoul.go.kr/news/news_notice.do?nttNo=457365,md,5446,11f768c37d4c00326fa5676073b15818fcee5346c48f36940f8f50f65d1f4c6e,valid,2026-08-15,2026-08-15T23:59:00+09:00
POL_SEOUL_CRISIS_TRACK2_2026H2,1,primary,data/raw_re/policy/selected/2026-08-15/POL_SEOUL_CRISIS_TRACK2_2026H2/official_page.html,https://www.bizinfo.go.kr/sii/siia/selectSIIA200Detail.do?pblancId=PBLN_000000000123842,html,84641,73c37367c9995707b4ed310c6d5eba1965081873dce11a6b47d747bb1325bfb4,valid,2026-08-15,2026-08-15T23:59:00+09:00
POL_SEOUL_CRISIS_TRACK2_2026H2,2,supporting,data/raw_re/policy/selected/2026-08-15/POL_SEOUL_CRISIS_TRACK2_2026H2/2026년_하반기_위기_소상공인_Track2_공고.md,https://www.bizinfo.go.kr/sii/siia/selectSIIA200Detail.do?pblancId=PBLN_000000000123842,md,29112,01118795dfcd269d9d53a435b507a21d48cfd74e22bf73c4069da3df5586f63c,valid,2026-08-15,2026-08-17T12:30:00+09:00
POL_SEOUL_CLOSURE_2026,1,primary,data/raw_re/policy/selected/2026-08-15/POL_SEOUL_CLOSURE_2026/official_page.html,https://www.bizinfo.go.kr/sii/siia/selectSIIA200Detail.do?pblancId=PBLN_000000000119017,html,78226,f5e0673f1b30766e5064cff24cb8a98a126feae1b2afbefc5693fc43ed18ed34,valid,2026-08-15,2026-08-15T23:59:00+09:00
POL_SEOUL_CLOSURE_2026,2,supporting,data/raw_re/policy/selected/2026-08-15/POL_SEOUL_CLOSURE_2026/2026년_새_길_여는_폐업지원_공고.md,https://www.bizinfo.go.kr/sii/siia/selectSIIA200Detail.do?pblancId=PBLN_000000000119017,md,28537,a33fc2a9102761f937d80213336ad286a35408f5cd88be03e98562195d8a5599,valid,2026-08-15,2026-08-17T12:30:00+09:00
POL_SEOUL_DIGITAL_MIDLIFE_2026H2,1,primary,data/raw_re/policy/selected/2026-08-15/POL_SEOUL_DIGITAL_MIDLIFE_2026H2/official_page.html,https://www.bizinfo.go.kr/sii/siia/selectSIIA200Detail.do?pblancId=PBLN_000000000123844,html,85780,1fb07d89fb6ab1ffb174b251d64aa766d4c07eb3ca5046fe955ccaf0f5d78cbf,valid,2026-08-15,2026-08-15T23:59:00+09:00
POL_SEOUL_DIGITAL_MIDLIFE_2026H2,2,supporting,data/raw_re/policy/selected/2026-08-15/POL_SEOUL_DIGITAL_MIDLIFE_2026H2/2026_하반기_중장년_디지털전환_공고.md,https://www.bizinfo.go.kr/sii/siia/selectSIIA200Detail.do?pblancId=PBLN_000000000123844,md,33043,6c4016cde5ac1ef6159e574263f0e5f2256c84eba11fbe564edc8a5c9488f1e7,valid,2026-08-15,2026-08-17T12:30:00+09:00
POL_SEOUL_ZERO_MARKET_2026_2,1,primary,data/raw_re/policy/selected/2026-08-15/POL_SEOUL_ZERO_MARKET_2026_2/official_page.html,https://www.bizinfo.go.kr/sii/siia/selectSIIA200Detail.do?pblancId=PBLN_000000000123336,html,84649,220a4b7774d90cc44919ba00b6ede7f56086e4fb70a6493ea9f0140e2659a22c,valid,2026-08-15,2026-08-15T23:59:00+09:00
POL_SEOUL_ZERO_MARKET_2026_2,2,supporting,data/raw_re/policy/selected/2026-08-15/POL_SEOUL_ZERO_MARKET_2026_2/2026_서울제로마켓_활성화_사업_참여자_2차_공고.md,https://www.bizinfo.go.kr/sii/siia/selectSIIA200Detail.do?pblancId=PBLN_000000000123336,md,8967,6a23c108209243aedbd45e46673388ec812f6ed7789a351a50d05489a70f5bc7,valid,2026-08-15,2026-08-17T12:30:00+09:00
POL_SEOUL_SAFETY_TEST_2026H2,1,primary,data/raw_re/policy/selected/2026-08-15/POL_SEOUL_SAFETY_TEST_2026H2/official_page.html,https://www.bizinfo.go.kr/sii/siia/selectSIIA200Detail.do?pblancId=PBLN_000000000124676,html,78001,739aa3c23ac8f084a538a4117eeb2e43c46bf376e10e172ca4fdbb48a3646612,valid,2026-08-15,2026-08-15T23:59:00+09:00
POL_SEOUL_SAFETY_TEST_2026H2,2,supporting,data/raw_re/policy/selected/2026-08-15/POL_SEOUL_SAFETY_TEST_2026H2/2026_서울_소상공인_안전검사_하반기_지원사업_공고(생활용품_및_어린이제품).md,https://www.bizinfo.go.kr/sii/siia/selectSIIA200Detail.do?pblancId=PBLN_000000000124676,md,2394,8e901a89f0ede9c8065db92ee2b2f21fd0b4dc0b861612bcc7c408bb0e7dec1e,valid,2026-08-15,2026-08-17T12:30:00+09:00
POL_SEOUL_RESTART_2026,1,primary,data/raw_re/policy/selected/2026-08-15/POL_SEOUL_RESTART_2026/official_page.html,https://news.seoul.go.kr/economy/archives/573571,html,122150,ba6c1fa026d52bb930ddfaa0cceeb89d81cd8d002f34c150678aaed363374f39,valid,2026-08-15,2026-08-15T23:59:00+09:00
POL_SEOUL_RESTART_2026,2,supporting,data/raw_re/policy/seoul_fund/2026/소상공인 종합지원 사업/소상공인_종합지원_사업.md,https://news.seoul.go.kr/economy/archives/573571,md,5006,2fb22ee03b20c0c3f3034440e4cb59c73a9d19361607ed7a0d66624434a8e17d,valid,2026-08-15,2026-08-15T23:59:00+09:00
POL_SEOUL_RESTART_2026,3,supporting,data/raw_re/policy/seoul_fund/2026/2026년도 서울특별시 중소기업육성자금 융자지원 변경계획 공고/2026년_중소기업육성자금_융자지원_변경계획_공고.md,https://news.seoul.go.kr/economy/archives/573571,md,22981,f9ff4bb1f840fb468e10240d25084dee7018b31a84895daa812ae313d0856419,valid,2026-08-15,2026-08-15T23:59:00+09:00
POL_SEMAS_REFINANCE_2026,1,primary,data/raw_re/policy/selected/2026-08-15/POL_SEMAS_POLICY_LOANS_2026_CHANGE4/official_page.html,https://www.bizinfo.go.kr/sii/siia/selectSIIA200Detail.do?pblancId=PBLN_000000000124909,html,90975,661ce77f1ea28d080e32abf0c31f98365226595ccf4eb0b097d794752955fd05,valid,2026-08-15,2026-08-15T23:59:00+09:00
POL_SEMAS_REFINANCE_2026,2,supporting,data/raw_re/policy/selected/2026-08-15/POL_SEMAS_POLICY_LOANS_2026_CHANGE4/2026년 소상공인 정책자금 융자사업 4차변경 공고.md,https://www.bizinfo.go.kr/sii/siia/selectSIIA200Detail.do?pblancId=PBLN_000000000124909,md,45865,cd711f081160e4a8885f64eaa52f35b45e25b981cac67eb05c45bbeb950c7379,valid,2026-08-15,2026-08-17T12:30:00+09:00
POL_SEMAS_REFINANCE_2026,3,supporting,data/raw_re/policy/semas/정책자금 한눈에 보기.md,https://www.bizinfo.go.kr/sii/siia/selectSIIA200Detail.do?pblancId=PBLN_000000000124909,md,5424,e7e1bdb4366f34a0d8d5e7aa3406db7f2c8f19b0b3477eafd80ee912d90a0351,valid,2026-08-15,2026-08-15T23:59:00+09:00
POL_SEMAS_REFINANCE_2026,4,supporting,data/raw_re/policy/semas/정책자금_지원_제외업종.md,https://www.bizinfo.go.kr/sii/siia/selectSIIA200Detail.do?pblancId=PBLN_000000000124909,md,4763,277dd1e71325daeddb3fb4b3259a27035265ad686b6b39ff75ee7c93d8a2fb62,valid,2026-08-15,2026-08-15T23:59:00+09:00
POL_SEMAS_RECHALLENGE_2026,1,primary,data/raw_re/policy/selected/2026-08-15/POL_SEMAS_POLICY_LOANS_2026_CHANGE4/official_page.html,https://www.bizinfo.go.kr/sii/siia/selectSIIA200Detail.do?pblancId=PBLN_000000000124909,html,90975,661ce77f1ea28d080e32abf0c31f98365226595ccf4eb0b097d794752955fd05,valid,2026-08-15,2026-08-15T23:59:00+09:00
POL_SEMAS_RECHALLENGE_2026,2,supporting,data/raw_re/policy/selected/2026-08-15/POL_SEMAS_POLICY_LOANS_2026_CHANGE4/2026년 소상공인 정책자금 융자사업 4차변경 공고.md,https://www.bizinfo.go.kr/sii/siia/selectSIIA200Detail.do?pblancId=PBLN_000000000124909,md,45865,cd711f081160e4a8885f64eaa52f35b45e25b981cac67eb05c45bbeb950c7379,valid,2026-08-15,2026-08-17T12:30:00+09:00
POL_SEMAS_RECHALLENGE_2026,3,supporting,data/raw_re/policy/semas/정책자금 한눈에 보기.md,https://www.bizinfo.go.kr/sii/siia/selectSIIA200Detail.do?pblancId=PBLN_000000000124909,md,5424,e7e1bdb4366f34a0d8d5e7aa3406db7f2c8f19b0b3477eafd80ee912d90a0351,valid,2026-08-15,2026-08-15T23:59:00+09:00
POL_SEMAS_RECHALLENGE_2026,4,supporting,data/raw_re/policy/semas/정책자금_지원_제외업종.md,https://www.bizinfo.go.kr/sii/siia/selectSIIA200Detail.do?pblancId=PBLN_000000000124909,md,4763,277dd1e71325daeddb3fb4b3259a27035265ad686b6b39ff75ee7c93d8a2fb62,valid,2026-08-15,2026-08-15T23:59:00+09:00
POL_SEMAS_STABILITY_VOUCHER_2026,1,primary,data/raw_re/policy/selected/2026-08-15/POL_SEMAS_STABILITY_VOUCHER_2026/official_page.html,https://www.bizinfo.go.kr/sii/siia/selectSIIA200Detail.do?pblancId=PBLN_000000000117908,html,97728,bb0db8279bb974d9c86b4b0006dacf16474341a4834f98656c295874c0d76c77,valid,2026-08-15,2026-08-15T23:59:00+09:00
POL_SEMAS_STABILITY_VOUCHER_2026,2,supporting,data/raw_re/policy/selected/2026-08-15/POL_SEMAS_STABILITY_VOUCHER_2026/2026년 소상공인 경영안정 바우처 지원사업 공고.md,https://www.bizinfo.go.kr/sii/siia/selectSIIA200Detail.do?pblancId=PBLN_000000000117908,md,30364,23143bfb691822eef5643223796f0cd46199f4bb3f86a3f7d963ca9a54935e51,valid,2026-08-15,2026-08-17T12:30:00+09:00
